ISO-10303-21;
HEADER;
FILE_DESCRIPTION (( 'STEP AP214' ),
    '1' );
FILE_NAME ('Bearing-Holder.STEP',
    '2026-07-25T22:10:52',
    ( '' ),
    ( '' ),
    'SwSTEP 2.0',
    'SolidWorks 2025',
    '' );
FILE_SCHEMA (( 'AUTOMOTIVE_DESIGN' ));
ENDSEC;

DATA;
#1 = EDGE_LOOP ( 'NONE', ( #1376, #935 ) ) ;
#2 = TOROIDAL_SURFACE ( 'NONE', #775, 65.00000000000000000, 7.500000000000000000 ) ;
#3 = DIRECTION ( 'NONE',  ( 0.000000000000000000, 1.000000000000000000, 0.000000000000000000 ) ) ;
#4 = ORIENTED_EDGE ( 'NONE', *, *, #1631, .T. ) ;
#5 = CARTESIAN_POINT ( 'NONE',  ( -61.25000000000000000, 5.299999999999999822, 0.000000000000000000 ) ) ;
#6 = EDGE_CURVE ( 'NONE', #1176, #1697, #953, .T. ) ;
#7 = ADVANCED_FACE ( 'NONE', ( #1911, #393 ), #1925, .F. ) ;
#8 = DIRECTION ( 'NONE',  ( 0.000000000000000000, 0.000000000000000000, -1.000000000000000000 ) ) ;
#9 = VERTEX_POINT ( 'NONE', #408 ) ;
#10 = CARTESIAN_POINT ( 'NONE',  ( -61.25000000000000000, 22.00000000000000000, 0.000000000000000000 ) ) ;
#11 = CARTESIAN_POINT ( 'NONE',  ( 26.42161716216902789, 9.322189893141816341, -53.97251058276939517 ) ) ;
#12 = AXIS2_PLACEMENT_3D ( 'NONE', #640, #1782, #1444 ) ;
#13 = ORIENTED_EDGE ( 'NONE', *, *, #199, .F. ) ;
#14 = EDGE_LOOP ( 'NONE', ( #1296, #1074 ) ) ;
#15 = CARTESIAN_POINT ( 'NONE',  ( 34.76009590323479159, 7.954723765977387728, -51.84212513741267259 ) ) ;
#16 = DIRECTION ( 'NONE',  ( 0.000000000000000000, 0.000000000000000000, 1.000000000000000000 ) ) ;
#17 = EDGE_CURVE ( 'NONE', #213, #754, #1060, .T. ) ;
#18 = ORIENTED_EDGE ( 'NONE', *, *, #1183, .T. ) ;
#19 = FACE_OUTER_BOUND ( 'NONE', #1670, .T. ) ;
#20 = ORIENTED_EDGE ( 'NONE', *, *, #1877, .T. ) ;
#21 = DIRECTION ( 'NONE',  ( -0.000000000000000000, 1.000000000000000000, -0.000000000000000000 ) ) ;
#22 = DIRECTION ( 'NONE',  ( 0.000000000000000000, -0.000000000000000000, 1.000000000000000000 ) ) ;
#23 = FACE_OUTER_BOUND ( 'NONE', #1703, .T. ) ;
#24 = EDGE_LOOP ( 'NONE', ( #1980, #2172 ) ) ;
#25 = EDGE_CURVE ( 'NONE', #418, #2163, #1657, .T. ) ;
#26 = ORIENTED_EDGE ( 'NONE', *, *, #1121, .F. ) ;
#27 = CARTESIAN_POINT ( 'NONE',  ( 34.51275523226172481, 8.240665678350945100, -51.19358540703134963 ) ) ;
#28 = CARTESIAN_POINT ( 'NONE',  ( 64.11702699282476203, 7.541918910285810185, -3.210530071974022626 ) ) ;
#29 = ORIENTED_EDGE ( 'NONE', *, *, #1696, .F. ) ;
#30 = DIRECTION ( 'NONE',  ( 0.000000000000000000, 0.000000000000000000, 1.000000000000000000 ) ) ;
#31 = CARTESIAN_POINT ( 'NONE',  ( 30.49724488840414693, 22.00000000000000000, -48.74595423434340091 ) ) ;
#32 = CYLINDRICAL_SURFACE ( 'NONE', #329, 55.25000000000000711 ) ;
#33 = DIRECTION ( 'NONE',  ( -0.000000000000000000, -1.000000000000000000, -0.000000000000000000 ) ) ;
#34 = ORIENTED_EDGE ( 'NONE', *, *, #1272, .F. ) ;
#35 = CARTESIAN_POINT ( 'NONE',  ( 34.30246386445409001, 8.471117649533860927, -50.80460479463389589 ) ) ;
#36 = CARTESIAN_POINT ( 'NONE',  ( 30.62500000000025224, 7.500000000000000000, -55.29405598179673831 ) ) ;
#37 = CIRCLE ( 'NONE', #291, 4.299999999999998046 ) ;
#38 = AXIS2_PLACEMENT_3D ( 'NONE', #314, #1961, #651 ) ;
#39 = EDGE_LOOP ( 'NONE', ( #623, #1335, #492, #1851, #1645, #996 ) ) ;
#40 = CARTESIAN_POINT ( 'NONE',  ( -34.60649240914580815, 8.136325712337304950, -51.40336864770547010 ) ) ;
#41 = AXIS2_PLACEMENT_3D ( 'NONE', #1956, #941, #123 ) ;
#42 = CARTESIAN_POINT ( 'NONE',  ( -26.57432564222286686, 12.20532546605512891, 51.59405361631280584 ) ) ;
#43 = CARTESIAN_POINT ( 'NONE',  ( 57.46385714285712254, 14.65356788453055792, -2.038411701621162031 ) ) ;
#44 = CARTESIAN_POINT ( 'NONE',  ( 31.40052281624216590, 12.17627827490807668, 48.80828682338632518 ) ) ;
#45 = ORIENTED_EDGE ( 'NONE', *, *, #1492, .T. ) ;
#46 = CIRCLE ( 'NONE', #994, 2.250000000000001776 ) ;
#47 = ORIENTED_EDGE ( 'NONE', *, *, #704, .T. ) ;
#48 = CIRCLE ( 'NONE', #1292, 57.50000000000000000 ) ;
#49 = DIRECTION ( 'NONE',  ( 0.000000000000000000, 0.000000000000000000, -1.000000000000000000 ) ) ;
#50 = ORIENTED_EDGE ( 'NONE', *, *, #1330, .F. ) ;
#51 = ORIENTED_EDGE ( 'NONE', *, *, #1492, .F. ) ;
#52 = LINE ( 'NONE', #2065, #109 ) ;
#53 = CARTESIAN_POINT ( 'NONE',  ( -30.62500000000061817, 5.299999999999999822, 50.79405598179651093 ) ) ;
#54 = ORIENTED_EDGE ( 'NONE', *, *, #1389, .T. ) ;
#55 = CARTESIAN_POINT ( 'NONE',  ( 26.60857321660871477, 8.825250760895071878, 54.59529025603254127 ) ) ;
#56 = EDGE_LOOP ( 'NONE', ( #126, #483, #563, #1094 ) ) ;
#57 = CARTESIAN_POINT ( 'NONE',  ( -30.62500000000061817, 5.299999999999999822, 55.29405598179651093 ) ) ;
#58 = DIRECTION ( 'NONE',  ( 0.000000000000000000, 0.000000000000000000, 1.000000000000000000 ) ) ;
#59 = ORIENTED_EDGE ( 'NONE', *, *, #1357, .F. ) ;
#60 = VERTEX_POINT ( 'NONE', #1735 ) ;
#61 = DIRECTION ( 'NONE',  ( 0.000000000000000000, 1.000000000000000000, 0.000000000000000000 ) ) ;
#62 = VERTEX_POINT ( 'NONE', #1258 ) ;
#63 = CARTESIAN_POINT ( 'NONE',  ( -62.46594873886543553, 7.891245463702274421, -4.128485797218537812 ) ) ;
#64 = CARTESIAN_POINT ( 'NONE',  ( 34.81996518956949416, 7.533307868571246679, 54.02097876836646151 ) ) ;
#65 = CARTESIAN_POINT ( 'NONE',  ( -61.25000000000000000, 7.500000000000000000, 0.000000000000000000 ) ) ;
#66 = ORIENTED_EDGE ( 'NONE', *, *, #1415, .T. ) ;
#67 = DIRECTION ( 'NONE',  ( -0.000000000000000000, 1.000000000000000000, -0.000000000000000000 ) ) ;
#68 = AXIS2_PLACEMENT_3D ( 'NONE', #2032, #1197, #442 ) ;
#69 = AXIS2_PLACEMENT_3D ( 'NONE', #513, #655, #1650 ) ;
#70 = AXIS2_PLACEMENT_3D ( 'NONE', #1049, #1563, #16 ) ;
#71 = CARTESIAN_POINT ( 'NONE',  ( 30.62500000000025224, 8.673617379884035472E-16, -50.79405598179673120 ) ) ;
#72 = AXIS2_PLACEMENT_3D ( 'NONE', #971, #1129, #137 ) ;
#73 = EDGE_CURVE ( 'NONE', #934, #727, #2093, .T. ) ;
#74 = EDGE_CURVE ( 'NONE', #246, #778, #365, .T. ) ;
#75 = DIRECTION ( 'NONE',  ( 0.000000000000000000, 0.000000000000000000, -1.000000000000000000 ) ) ;
#76 = EDGE_LOOP ( 'NONE', ( #578, #507 ) ) ;
#77 = EDGE_CURVE ( 'NONE', #159, #1110, #1888, .T. ) ;
#78 = CARTESIAN_POINT ( 'NONE',  ( -30.49724488840387338, 14.66517796572014554, -48.74595423434364250 ) ) ;
#79 =( NAMED_UNIT ( * ) PLANE_ANGLE_UNIT ( ) SI_UNIT ( $, .RADIAN. ) );
#80 = DIRECTION ( 'NONE',  ( 0.000000000000000000, -1.000000000000000000, 0.000000000000000000 ) ) ;
#81 = ORIENTED_EDGE ( 'NONE', *, *, #1767, .F. ) ;
#82 = ORIENTED_EDGE ( 'NONE', *, *, #1513, .T. ) ;
#83 = VECTOR ( 'NONE', #1837, 1000.000000000000000 ) ;
#84 = CARTESIAN_POINT ( 'NONE',  ( 6.766173565289127980E-15, 0.000000000000000000, 55.25000000000000711 ) ) ;
#85 = DIRECTION ( 'NONE',  ( 0.000000000000000000, 1.000000000000000000, 0.000000000000000000 ) ) ;
#86 = ADVANCED_FACE ( 'NONE', ( #1721 ), #1548, .F. ) ;
#87 = CARTESIAN_POINT ( 'NONE',  ( -27.33241523099860615, 8.056060055360935834, -55.82090042635264382 ) ) ;
#88 = DIRECTION ( 'NONE',  ( -0.000000000000000000, 1.000000000000000000, -0.000000000000000000 ) ) ;
#89 = FACE_BOUND ( 'NONE', #809, .T. ) ;
#90 = DIRECTION ( 'NONE',  ( 0.000000000000000000, -1.000000000000000000, 0.000000000000000000 ) ) ;
#91 = CARTESIAN_POINT ( 'NONE',  ( 61.25000000000000000, 8.673617379884035472E-16, 0.000000000000000000 ) ) ;
#92 = EDGE_CURVE ( 'NONE', #246, #2120, #878, .T. ) ;
#93 = ORIENTED_EDGE ( 'NONE', *, *, #1574, .T. ) ;
#94 = ORIENTED_EDGE ( 'NONE', *, *, #787, .T. ) ;
#95 = CYLINDRICAL_SURFACE ( 'NONE', #1445, 4.299999999999998046 ) ;
#96 = DIRECTION ( 'NONE',  ( 0.000000000000000000, 0.000000000000000000, -1.000000000000000000 ) ) ;
#97 = DIRECTION ( 'NONE',  ( -0.000000000000000000, 1.000000000000000000, -0.000000000000000000 ) ) ;
#98 = CARTESIAN_POINT ( 'NONE',  ( -34.82049486932930193, 7.533467362634619136, 54.01868466066862595 ) ) ;
#99 = CARTESIAN_POINT ( 'NONE',  ( 30.62499999999950617, 7.500000000000000000, 53.04405598179715042 ) ) ;
#100 = CARTESIAN_POINT ( 'NONE',  ( -58.77009173800891517, 10.65867574690818742, 3.520380870035098919 ) ) ;
#101 = EDGE_CURVE ( 'NONE', #950, #1495, #2020, .T. ) ;
#102 = EDGE_CURVE ( 'NONE', #1738, #103, #224, .T. ) ;
#103 = VERTEX_POINT ( 'NONE', #805 ) ;
#104 = ORIENTED_EDGE ( 'NONE', *, *, #1256, .T. ) ;
#105 = CARTESIAN_POINT ( 'NONE',  ( -30.62500000000061817, 7.500000000000000000, 48.74405598179651378 ) ) ;
#106 = ORIENTED_EDGE ( 'NONE', *, *, #2037, .F. ) ;
#107 = CARTESIAN_POINT ( 'NONE',  ( 60.65484455403251474, 8.780919180608533381, -4.261156732048670293 ) ) ;
#108 = CARTESIAN_POINT ( 'NONE',  ( -29.26993572822253853, 7.540545103985220265, -57.13382048728964691 ) ) ;
#109 = VECTOR ( 'NONE', #729, 1000.000000000000000 ) ;
#110 = VECTOR ( 'NONE', #1512, 1000.000000000000000 ) ;
#111 = AXIS2_PLACEMENT_3D ( 'NONE', #1543, #356, #30 ) ;
#112 = CARTESIAN_POINT ( 'NONE',  ( -34.18605871524298578, 8.597108602056705351, 50.62491622177270045 ) ) ;
#113 = CARTESIAN_POINT ( 'NONE',  ( 57.46385714285708701, 14.75000000000000000, -2.038411701621066552 ) ) ;
#114 = PLANE ( 'NONE',  #848 ) ;
#115 = ORIENTED_EDGE ( 'NONE', *, *, #17, .F. ) ;
#116 = DIRECTION ( 'NONE',  ( 0.000000000000000000, -1.000000000000000000, 0.000000000000000000 ) ) ;
#117 = AXIS2_PLACEMENT_3D ( 'NONE', #1194, #1694, #2178 ) ;
#118 = VERTEX_POINT ( 'NONE', #768 ) ;
#119 = CARTESIAN_POINT ( 'NONE',  ( -30.62499999999987921, 7.500000000000000000, -53.04405598179693726 ) ) ;
#120 = CARTESIAN_POINT ( 'NONE',  ( -26.96661225445306442, 14.73064476456225513, -50.78436593596480719 ) ) ;
#121 = EDGE_CURVE ( 'NONE', #2023, #288, #642, .T. ) ;
#122 = CARTESIAN_POINT ( 'NONE',  ( -34.30246386445444529, 8.471117649533859151, 50.80460479463364010 ) ) ;
#123 = DIRECTION ( 'NONE',  ( 0.000000000000000000, 0.000000000000000000, 1.000000000000000000 ) ) ;
#124 = CARTESIAN_POINT ( 'NONE',  ( -30.62500000000061817, 8.673617379884035472E-16, 55.29405598179651093 ) ) ;
#125 = ORIENTED_EDGE ( 'NONE', *, *, #1304, .T. ) ;
#126 = ORIENTED_EDGE ( 'NONE', *, *, #77, .F. ) ;
#127 = CARTESIAN_POINT ( 'NONE',  ( 0.000000000000000000, 22.00000000000000000, 0.000000000000000000 ) ) ;
#128 = ORIENTED_EDGE ( 'NONE', *, *, #1706, .F. ) ;
#129 = FACE_OUTER_BOUND ( 'NONE', #191, .T. ) ;
#130 = CARTESIAN_POINT ( 'NONE',  ( -26.33452700954724435, 9.864328606278521150, -53.38619917838232709 ) ) ;
#131 = CARTESIAN_POINT ( 'NONE',  ( -31.39970406086699839, 12.17774156778393291, 48.80815674862387965 ) ) ;
#132 = DIRECTION ( 'NONE',  ( 0.000000000000000000, 1.000000000000000000, 0.000000000000000000 ) ) ;
#133 = CARTESIAN_POINT ( 'NONE',  ( -57.46385714285715096, 15.00000000000000000, 2.038411701621174910 ) ) ;
#134 = B_SPLINE_CURVE_WITH_KNOTS ( 'NONE', 3,
 ( #1235, #1262, #431, #2098, #1247, #1083, #446, #910, #1919, #1594, #755, #1756, #585, #604, #1422, #564 ),
 .UNSPECIFIED., .F., .F.,
 ( 4, 2, 2, 2, 2, 2, 2, 4 ),
 ( 0.0004557423341650918393, 0.001493154591935898310, 0.002530566849706704889, 0.004605391365248322384, 0.005642803623019127662, 0.006680215880789932073, 0.007717628138560736484, 0.008755040396331540895 ),
 .UNSPECIFIED. ) ;
#135 = ORIENTED_EDGE ( 'NONE', *, *, #444, .F. ) ;
#136 = ORIENTED_EDGE ( 'NONE', *, *, #1972, .T. ) ;
#137 = DIRECTION ( 'NONE',  ( 0.000000000000000000, 0.000000000000000000, 1.000000000000000000 ) ) ;
#138 = ADVANCED_FACE ( 'NONE', ( #2146 ), #1447, .T. ) ;
#139 = ORIENTED_EDGE ( 'NONE', *, *, #77, .T. ) ;
#140 = DIRECTION ( 'NONE',  ( 0.000000000000000000, 0.000000000000000000, 1.000000000000000000 ) ) ;
#141 = CARTESIAN_POINT ( 'NONE',  ( 63.50260482387751182, 7.628433649886165568, -3.667645496159442242 ) ) ;
#142 = EDGE_CURVE ( 'NONE', #1724, #1388, #1762, .T. ) ;
#143 = DIRECTION ( 'NONE',  ( -0.000000000000000000, 1.000000000000000000, -0.000000000000000000 ) ) ;
#144 = CIRCLE ( 'NONE', #1979, 48.50000000000000000 ) ;
#145 = DIRECTION ( 'NONE',  ( -0.000000000000000000, -1.000000000000000000, -0.000000000000000000 ) ) ;
#146 = CARTESIAN_POINT ( 'NONE',  ( -59.84411148527070878, 9.415347276182695069, -4.071649398950867749 ) ) ;
#147 = ADVANCED_FACE ( 'NONE', ( #1139, #305, #2105, #968, #263, #1946, #89, #782 ), #1617, .F. ) ;
#148 = VERTEX_POINT ( 'NONE', #931 ) ;
#149 = CARTESIAN_POINT ( 'NONE',  ( -57.46385714285715096, 15.00000000000000000, 2.038411701621174910 ) ) ;
#150 = EDGE_LOOP ( 'NONE', ( #621, #298, #509, #2165 ) ) ;
#151 = TOROIDAL_SURFACE ( 'NONE', #915, 65.00000000000000000, 7.500000000000000000 ) ;
#152 = CARTESIAN_POINT ( 'NONE',  ( -64.53095252394277281, 7.506501671509900220, 2.806079942006850736 ) ) ;
#153 = CIRCLE ( 'NONE', #1175, 2.249999999999995115 ) ;
#154 = EDGE_CURVE ( 'NONE', #1385, #727, #1021, .T. ) ;
#155 = CIRCLE ( 'NONE', #1699, 57.50000000000000000 ) ;
#156 = DIRECTION ( 'NONE',  ( 0.000000000000000000, -1.000000000000000000, 0.000000000000000000 ) ) ;
#157 = DIRECTION ( 'NONE',  ( 0.000000000000000000, -1.000000000000000000, 0.000000000000000000 ) ) ;
#158 = CARTESIAN_POINT ( 'NONE',  ( 28.08738627155271672, 7.735901312145662345, -56.52561186053093678 ) ) ;
#159 = VERTEX_POINT ( 'NONE', #1313 ) ;
#160 = DIRECTION ( 'NONE',  ( 0.000000000000000000, -0.000000000000000000, 1.000000000000000000 ) ) ;
#161 = VERTEX_POINT ( 'NONE', #480 ) ;
#162 = CARTESIAN_POINT ( 'NONE',  ( -63.17133926744773476, 7.696056170408199115, 3.851521153846142909 ) ) ;
#163 = CARTESIAN_POINT ( 'NONE',  ( 30.62499999999950617, 5.299999999999999822, 53.04405598179715042 ) ) ;
#164 = ORIENTED_EDGE ( 'NONE', *, *, #306, .F. ) ;
#165 = CARTESIAN_POINT ( 'NONE',  ( -30.62499999999987921, 7.500000000000000000, -50.79405598179693726 ) ) ;
#166 = CARTESIAN_POINT ( 'NONE',  ( 26.71911043519045847, 12.92188114368088669, -51.24151705543791735 ) ) ;
#167 = VERTEX_POINT ( 'NONE', #1988 ) ;
#168 = DIRECTION ( 'NONE',  ( -0.000000000000000000, -1.000000000000000000, -0.000000000000000000 ) ) ;
#169 = EDGE_CURVE ( 'NONE', #1590, #847, #183, .T. ) ;
#170 = VERTEX_POINT ( 'NONE', #957 ) ;
#171 = EDGE_CURVE ( 'NONE', #754, #972, #1639, .T. ) ;
#172 = ORIENTED_EDGE ( 'NONE', *, *, #634, .T. ) ;
#173 = ORIENTED_EDGE ( 'NONE', *, *, #497, .T. ) ;
#174 = CARTESIAN_POINT ( 'NONE',  ( 64.96385714285715096, 7.500000000000000000, 2.167317494611457285 ) ) ;
#175 = DIRECTION ( 'NONE',  ( 0.000000000000000000, -1.000000000000000000, 0.000000000000000000 ) ) ;
#176 = ORIENTED_EDGE ( 'NONE', *, *, #1190, .T. ) ;
#177 = CARTESIAN_POINT ( 'NONE',  ( 30.62500000000025224, 7.500000000000000000, -48.74405598179673405 ) ) ;
#178 = EDGE_CURVE ( 'NONE', #1261, #1270, #2124, .T. ) ;
#179 = LINE ( 'NONE', #1666, #1068 ) ;
#180 = ORIENTED_EDGE ( 'NONE', *, *, #1012, .F. ) ;
#181 = DIRECTION ( 'NONE',  ( 0.000000000000000000, -1.000000000000000000, 0.000000000000000000 ) ) ;
#182 = CARTESIAN_POINT ( 'NONE',  ( -61.25000000000000000, 7.500000000000000000, -4.299999999999998046 ) ) ;
#183 = CIRCLE ( 'NONE', #641, 4.299999999999998046 ) ;
#184 = VERTEX_POINT ( 'NONE', #1609 ) ;
#185 = FACE_OUTER_BOUND ( 'NONE', #334, .T. ) ;
#186 = CARTESIAN_POINT ( 'NONE',  ( -30.49724488840380943, 22.00000000000000000, -48.74595423434361408 ) ) ;
#187 = EDGE_CURVE ( 'NONE', #1641, #1245, #2150, .T. ) ;
#188 = CIRCLE ( 'NONE', #2123, 2.250000000000001776 ) ;
#189 = DIRECTION ( 'NONE',  ( 0.000000000000000000, 0.000000000000000000, 1.000000000000000000 ) ) ;
#190 = CYLINDRICAL_SURFACE ( 'NONE', #1326, 2.250000000000001776 ) ;
#191 = EDGE_LOOP ( 'NONE', ( #45, #346 ) ) ;
#192 = DIRECTION ( 'NONE',  ( 0.000000000000000000, 0.000000000000000000, -1.000000000000000000 ) ) ;
#193 = LINE ( 'NONE', #1011, #1239 ) ;
#194 = EDGE_LOOP ( 'NONE', ( #1603, #218 ) ) ;
#195 = ORIENTED_EDGE ( 'NONE', *, *, #638, .F. ) ;
#196 = ORIENTED_EDGE ( 'NONE', *, *, #271, .T. ) ;
#197 = CARTESIAN_POINT ( 'NONE',  ( 0.000000000000000000, 22.00000000000000000, 0.000000000000000000 ) ) ;
#198 = CARTESIAN_POINT ( 'NONE',  ( 30.49724488840418246, 15.00000000000000000, -48.74595423434344355 ) ) ;
#199 = EDGE_CURVE ( 'NONE', #1678, #202, #713, .T. ) ;
#200 = DIRECTION ( 'NONE',  ( 0.000000000000000000, -1.000000000000000000, 0.000000000000000000 ) ) ;
#201 = CARTESIAN_POINT ( 'NONE',  ( 0.000000000000000000, 7.500000000000000000, -65.00000000000000000 ) ) ;
#202 = VERTEX_POINT ( 'NONE', #440 ) ;
#203 = DIRECTION ( 'NONE',  ( 0.000000000000000000, 1.000000000000000000, 0.000000000000000000 ) ) ;
#204 = DIRECTION ( 'NONE',  ( -0.000000000000000000, -1.000000000000000000, -0.000000000000000000 ) ) ;
#205 = ORIENTED_EDGE ( 'NONE', *, *, #318, .T. ) ;
#206 = CARTESIAN_POINT ( 'NONE',  ( 61.25000000000000000, 7.500000000000000000, 0.000000000000000000 ) ) ;
#207 = ADVANCED_FACE ( 'NONE', ( #610 ), #1293, .F. ) ;
#208 = CARTESIAN_POINT ( 'NONE',  ( -27.50010622705947227, 7.961967154180951134, 56.00909151115116913 ) ) ;
#209 = DIRECTION ( 'NONE',  ( 0.000000000000000000, 0.000000000000000000, 1.000000000000000000 ) ) ;
#210 = CARTESIAN_POINT ( 'NONE',  ( 26.32687929967607232, 10.45840028391411280, 52.82967806649885745 ) ) ;
#211 = ORIENTED_EDGE ( 'NONE', *, *, #1744, .F. ) ;
#212 = AXIS2_PLACEMENT_3D ( 'NONE', #5, #1377, #2074 ) ;
#213 = VERTEX_POINT ( 'NONE', #1105 ) ;
#214 = CARTESIAN_POINT ( 'NONE',  ( -61.25000000000000000, 5.299999999999999822, 0.000000000000000000 ) ) ;
#215 = CARTESIAN_POINT ( 'NONE',  ( 32.87500000000024869, 5.299999999999999822, -53.04405598179673120 ) ) ;
#216 = CIRCLE ( 'NONE', #1688, 57.49999999999995026 ) ;
#217 = CIRCLE ( 'NONE', #1451, 4.300000000000005151 ) ;
#218 = ORIENTED_EDGE ( 'NONE', *, *, #1357, .T. ) ;
#219 = CARTESIAN_POINT ( 'NONE',  ( -32.94390673675734149, 10.01320163907107919, -49.41892464294111420 ) ) ;
#220 = AXIS2_PLACEMENT_3D ( 'NONE', #65, #559, #712 ) ;
#221 = AXIS2_PLACEMENT_3D ( 'NONE', #1778, #1271, #883 ) ;
#222 = CARTESIAN_POINT ( 'NONE',  ( -64.96385714285713675, 7.500000000000000000, -2.167317494611474160 ) ) ;
#223 = DIRECTION ( 'NONE',  ( -0.000000000000000000, 1.000000000000000000, -0.000000000000000000 ) ) ;
#224 = LINE ( 'NONE', #901, #1799 ) ;
#225 = DIRECTION ( 'NONE',  ( 0.000000000000000000, 0.000000000000000000, 1.000000000000000000 ) ) ;
#226 = AXIS2_PLACEMENT_3D ( 'NONE', #2142, #1820, #918 ) ;
#227 = DIRECTION ( 'NONE',  ( 0.000000000000000000, 0.000000000000000000, -1.000000000000000000 ) ) ;
#228 = ORIENTED_EDGE ( 'NONE', *, *, #1019, .T. ) ;
#229 = ORIENTED_EDGE ( 'NONE', *, *, #1544, .T. ) ;
#230 = DIRECTION ( 'NONE',  ( -0.000000000000000000, 1.000000000000000000, -0.000000000000000000 ) ) ;
#231 = ORIENTED_EDGE ( 'NONE', *, *, #627, .F. ) ;
#232 = DIRECTION ( 'NONE',  ( -0.000000000000000000, 1.000000000000000000, -0.000000000000000000 ) ) ;
#233 = CARTESIAN_POINT ( 'NONE',  ( 34.82041759760840449, 7.877042708223461531, 52.07112595829643453 ) ) ;
#234 = EDGE_CURVE ( 'NONE', #167, #1245, #1241, .T. ) ;
#235 = EDGE_LOOP ( 'NONE', ( #2011, #443, #1835, #516 ) ) ;
#236 = CARTESIAN_POINT ( 'NONE',  ( 0.000000000000000000, 24.99999999999999645, 0.000000000000000000 ) ) ;
#237 = DIRECTION ( 'NONE',  ( -0.000000000000000000, -1.000000000000000000, -0.000000000000000000 ) ) ;
#238 = VERTEX_POINT ( 'NONE', #468 ) ;
#239 = EDGE_CURVE ( 'NONE', #1844, #170, #333, .T. ) ;
#240 = FACE_OUTER_BOUND ( 'NONE', #56, .T. ) ;
#241 = EDGE_CURVE ( 'NONE', #1894, #1675, #216, .T. ) ;
#242 = CARTESIAN_POINT ( 'NONE',  ( -64.76739916166958722, 7.500000000000001776, -2.503962623217975469 ) ) ;
#243 = EDGE_CURVE ( 'NONE', #1185, #788, #1729, .T. ) ;
#244 = B_SPLINE_CURVE_WITH_KNOTS ( 'NONE', 3,
 ( #2127, #1967, #481, #1627, #1796, #1947, #1810, #1618, #1651, #806, #1785, #297, #1314, #146, #275, #1978, #1117, #815, #1448, #978 ),
 .UNSPECIFIED., .F., .F.,
 ( 4, 2, 2, 2, 2, 2, 2, 2, 2, 4 ),
 ( 0.000000000000000000, 0.001037275630328829542, 0.002074551260657659085, 0.003111826890986488410, 0.004149102521315318169, 0.005186378151644147928, 0.006223653781972976820, 0.007260929412301806579, 0.007779567227466222326, 0.008298205042630638073 ),
 .UNSPECIFIED. ) ;
#245 = CARTESIAN_POINT ( 'NONE',  ( 26.44303596781206522, 11.51514071750859713, 52.00319073807744275 ) ) ;
#246 = VERTEX_POINT ( 'NONE', #1193 ) ;
#247 = ADVANCED_FACE ( 'NONE', ( #1379 ), #1018, .F. ) ;
#248 = VERTEX_POINT ( 'NONE', #1821 ) ;
#249 = DIRECTION ( 'NONE',  ( 0.000000000000000000, 0.000000000000000000, 1.000000000000000000 ) ) ;
#250 = LINE ( 'NONE', #726, #1166 ) ;
#251 = EDGE_CURVE ( 'NONE', #60, #745, #1519, .T. ) ;
#252 = ORIENTED_EDGE ( 'NONE', *, *, #956, .T. ) ;
#253 = CYLINDRICAL_SURFACE ( 'NONE', #463, 2.249999999999995115 ) ;
#254 = AXIS2_PLACEMENT_3D ( 'NONE', #1280, #237, #227 ) ;
#255 = CIRCLE ( 'NONE', #776, 65.00000000000000000 ) ;
#256 = CIRCLE ( 'NONE', #774, 4.299999999999998046 ) ;
#257 = CYLINDRICAL_SURFACE ( 'NONE', #906, 71.25000000000000000 ) ;
#258 = DIRECTION ( 'NONE',  ( 0.000000000000000000, 0.000000000000000000, 1.000000000000000000 ) ) ;
#259 = VECTOR ( 'NONE', #383, 1000.000000000000000 ) ;
#260 = AXIS2_PLACEMENT_3D ( 'NONE', #1606, #1635, #1134 ) ;
#261 = ADVANCED_FACE ( 'NONE', ( #674 ), #1182, .F. ) ;
#262 = CARTESIAN_POINT ( 'NONE',  ( 26.37340439381484103, 11.08042279078169834, 52.31389669647955998 ) ) ;
#263 = FACE_BOUND ( 'NONE', #1520, .T. ) ;
#264 = PLANE ( 'NONE',  #1057 ) ;
#265 = ORIENTED_EDGE ( 'NONE', *, *, #1507, .F. ) ;
#266 = ORIENTED_EDGE ( 'NONE', *, *, #1304, .F. ) ;
#267 = VECTOR ( 'NONE', #1707, 1000.000000000000000 ) ;
#268 = DIRECTION ( 'NONE',  ( 0.000000000000000000, 0.000000000000000000, 1.000000000000000000 ) ) ;
#269 = FACE_OUTER_BOUND ( 'NONE', #1990, .T. ) ;
#270 = CARTESIAN_POINT ( 'NONE',  ( -64.96385714285713675, 7.500000000000000000, -2.167317494611474160 ) ) ;
#271 = EDGE_CURVE ( 'NONE', #1894, #1306, #999, .T. ) ;
#272 = DIRECTION ( 'NONE',  ( 0.000000000000000000, 0.000000000000000000, 1.000000000000000000 ) ) ;
#273 = EDGE_CURVE ( 'NONE', #1881, #418, #1159, .T. ) ;
#274 = CARTESIAN_POINT ( 'NONE',  ( 0.000000000000000000, 22.00000000000000000, 0.000000000000000000 ) ) ;
#275 = CARTESIAN_POINT ( 'NONE',  ( -60.10242558830869086, 9.189129598348541705, -4.153444630491623712 ) ) ;
#276 = FACE_OUTER_BOUND ( 'NONE', #1344, .T. ) ;
#277 = EDGE_LOOP ( 'NONE', ( #1949, #336 ) ) ;
#278 = CYLINDRICAL_SURFACE ( 'NONE', #358, 4.299999999999998046 ) ;
#279 = ORIENTED_EDGE ( 'NONE', *, *, #178, .T. ) ;
#280 = CARTESIAN_POINT ( 'NONE',  ( 61.25000000000000000, 5.299999999999999822, 0.000000000000000000 ) ) ;
#281 = DIRECTION ( 'NONE',  ( 0.000000000000000000, 0.000000000000000000, 1.000000000000000000 ) ) ;
#282 = CARTESIAN_POINT ( 'NONE',  ( -34.81999800192076577, 7.877570792152819301, 52.06960994887820959 ) ) ;
#283 = DIRECTION ( 'NONE',  ( 0.000000000000000000, -0.000000000000000000, 1.000000000000000000 ) ) ;
#284 = CARTESIAN_POINT ( 'NONE',  ( -57.80614399148628024, 12.67023448689983667, 2.578924472601825002 ) ) ;
#285 = EDGE_LOOP ( 'NONE', ( #312, #728 ) ) ;
#286 = LINE ( 'NONE', #658, #328 ) ;
#287 = AXIS2_PLACEMENT_3D ( 'NONE', #2109, #230, #1565 ) ;
#288 = VERTEX_POINT ( 'NONE', #1149 ) ;
#289 = CARTESIAN_POINT ( 'NONE',  ( -30.62499999999987921, 7.500000000000000000, -55.29405598179693015 ) ) ;
#290 = CARTESIAN_POINT ( 'NONE',  ( -26.95111572053608739, 14.46339765343300421, -50.80898195198159328 ) ) ;
#291 = AXIS2_PLACEMENT_3D ( 'NONE', #1339, #1693, #189 ) ;
#292 = DIRECTION ( 'NONE',  ( 0.000000000000000000, 0.000000000000000000, 1.000000000000000000 ) ) ;
#293 = AXIS2_PLACEMENT_3D ( 'NONE', #548, #1070, #417 ) ;
#294 = AXIS2_PLACEMENT_3D ( 'NONE', #1397, #388, #849 ) ;
#295 = DIRECTION ( 'NONE',  ( 0.000000000000000000, 0.000000000000000000, 1.000000000000000000 ) ) ;
#296 = ORIENTED_EDGE ( 'NONE', *, *, #907, .F. ) ;
#297 = CARTESIAN_POINT ( 'NONE',  ( -59.16009299564068868, 10.13834882238558599, -3.764957645236882922 ) ) ;
#298 = ORIENTED_EDGE ( 'NONE', *, *, #975, .T. ) ;
#299 = DIRECTION ( 'NONE',  ( 0.000000000000000000, 1.000000000000000000, 0.000000000000000000 ) ) ;
#300 = CIRCLE ( 'NONE', #851, 2.249999999999995115 ) ;
#301 = ORIENTED_EDGE ( 'NONE', *, *, #1680, .T. ) ;
#302 = CARTESIAN_POINT ( 'NONE',  ( -62.64942940823285511, 7.833457898499840866, 4.070242701889622339 ) ) ;
#303 = CYLINDRICAL_SURFACE ( 'NONE', #1802, 2.250000000000001776 ) ;
#304 = FACE_OUTER_BOUND ( 'NONE', #533, .T. ) ;
#305 = FACE_BOUND ( 'NONE', #2151, .T. ) ;
#306 = EDGE_CURVE ( 'NONE', #1638, #554, #37, .T. ) ;
#307 = CARTESIAN_POINT ( 'NONE',  ( -57.46385714285714386, 14.64866536284901954, 2.038411701622111938 ) ) ;
#308 = VERTEX_POINT ( 'NONE', #2177 ) ;
#309 = DIRECTION ( 'NONE',  ( -0.000000000000000000, 1.000000000000000000, -0.000000000000000000 ) ) ;
#310 = ORIENTED_EDGE ( 'NONE', *, *, #2092, .F. ) ;
#311 = EDGE_CURVE ( 'NONE', #1748, #1815, #711, .T. ) ;
#312 = ORIENTED_EDGE ( 'NONE', *, *, #6, .F. ) ;
#313 = ADVANCED_FACE ( 'NONE', ( #1370 ), #521, .F. ) ;
#314 = CARTESIAN_POINT ( 'NONE',  ( 0.000000000000000000, 7.500000000000000000, 0.000000000000000000 ) ) ;
#315 = CARTESIAN_POINT ( 'NONE',  ( 64.96385714285713675, 7.500000000000000000, -2.167317494611472384 ) ) ;
#316 = ADVANCED_FACE ( 'NONE', ( #856, #319 ), #331, .F. ) ;
#317 = CARTESIAN_POINT ( 'NONE',  ( 30.62500000000025224, 8.673617379884035472E-16, -55.29405598179673831 ) ) ;
#318 = EDGE_CURVE ( 'NONE', #1495, #1678, #1502, .T. ) ;
#319 = FACE_OUTER_BOUND ( 'NONE', #2022, .T. ) ;
#320 = FACE_BOUND ( 'NONE', #1454, .T. ) ;
#321 = ORIENTED_EDGE ( 'NONE', *, *, #1042, .T. ) ;
#322 = DIRECTION ( 'NONE',  ( 0.000000000000000000, 0.000000000000000000, 1.000000000000000000 ) ) ;
#323 = ADVANCED_FACE ( 'NONE', ( #1536, #2004 ), #1007, .T. ) ;
#324 = ORIENTED_EDGE ( 'NONE', *, *, #102, .F. ) ;
#325 = DIRECTION ( 'NONE',  ( 0.000000000000000000, 0.000000000000000000, -1.000000000000000000 ) ) ;
#326 = DIRECTION ( 'NONE',  ( -0.000000000000000000, 1.000000000000000000, -0.000000000000000000 ) ) ;
#327 = DIRECTION ( 'NONE',  ( 0.000000000000000000, 0.000000000000000000, 1.000000000000000000 ) ) ;
#328 = VECTOR ( 'NONE', #1642, 1000.000000000000000 ) ;
#329 = AXIS2_PLACEMENT_3D ( 'NONE', #1032, #557, #1710 ) ;
#330 = VECTOR ( 'NONE', #478, 1000.000000000000000 ) ;
#331 = PLANE ( 'NONE',  #1586 ) ;
#332 = DIRECTION ( 'NONE',  ( 0.000000000000000000, 0.000000000000000000, 1.000000000000000000 ) ) ;
#333 = CIRCLE ( 'NONE', #1557, 57.49999999999995026 ) ;
#334 = EDGE_LOOP ( 'NONE', ( #680, #2175, #1120, #1629 ) ) ;
#335 = DIRECTION ( 'NONE',  ( 0.000000000000000000, 1.000000000000000000, -0.000000000000000000 ) ) ;
#336 = ORIENTED_EDGE ( 'NONE', *, *, #239, .F. ) ;
#337 = STYLED_ITEM ( 'NONE', ( #1765 ), #1168 ) ;
#338 = LINE ( 'NONE', #1321, #438 ) ;
#339 = AXIS2_PLACEMENT_3D ( 'NONE', #2103, #1346, #1996 ) ;
#340 = DIRECTION ( 'NONE',  ( -0.000000000000000000, 1.000000000000000000, -0.000000000000000000 ) ) ;
#341 = DIRECTION ( 'NONE',  ( -0.000000000000000000, -1.000000000000000000, 0.000000000000000000 ) ) ;
#342 = CARTESIAN_POINT ( 'NONE',  ( 0.000000000000000000, 22.00000000000000000, 0.000000000000000000 ) ) ;
#343 = ORIENTED_EDGE ( 'NONE', *, *, #187, .T. ) ;
#344 = ORIENTED_EDGE ( 'NONE', *, *, #1649, .F. ) ;
#345 = DIRECTION ( 'NONE',  ( 0.000000000000000000, 1.000000000000000000, 0.000000000000000000 ) ) ;
#346 = ORIENTED_EDGE ( 'NONE', *, *, #434, .T. ) ;
#347 = CARTESIAN_POINT ( 'NONE',  ( -34.30158139656108318, 8.472077055773979737, -50.80314001066822982 ) ) ;
#348 = EDGE_CURVE ( 'NONE', #1659, #429, #1682, .T. ) ;
#349 = DIRECTION ( 'NONE',  ( -0.000000000000000000, 1.000000000000000000, -0.000000000000000000 ) ) ;
#350 = DIRECTION ( 'NONE',  ( 0.000000000000000000, 1.000000000000000000, 0.000000000000000000 ) ) ;
#351 = CARTESIAN_POINT ( 'NONE',  ( -30.62500000000061817, 7.500000000000000000, 57.34405598179650809 ) ) ;
#352 = ORIENTED_EDGE ( 'NONE', *, *, #318, .F. ) ;
#353 = CARTESIAN_POINT ( 'NONE',  ( 34.90498522904478307, 7.578439833302436313, -53.52758953741003012 ) ) ;
#354 = ORIENTED_EDGE ( 'NONE', *, *, #634, .F. ) ;
#355 = VERTEX_POINT ( 'NONE', #490 ) ;
#356 = DIRECTION ( 'NONE',  ( -0.000000000000000000, 1.000000000000000000, -0.000000000000000000 ) ) ;
#357 = CARTESIAN_POINT ( 'NONE',  ( -30.62500000000061817, 7.500000000000000000, 53.04405598179651093 ) ) ;
#358 = AXIS2_PLACEMENT_3D ( 'NONE', #817, #632, #2130 ) ;
#359 = DIRECTION ( 'NONE',  ( 0.000000000000000000, 0.000000000000000000, 1.000000000000000000 ) ) ;
#360 = CARTESIAN_POINT ( 'NONE',  ( 26.96661225445342680, 15.00000000000000000, -50.78436593596460824 ) ) ;
#361 = AXIS2_PLACEMENT_3D ( 'NONE', #582, #592, #49 ) ;
#362 = ORIENTED_EDGE ( 'NONE', *, *, #1507, .T. ) ;
#363 = CARTESIAN_POINT ( 'NONE',  ( 0.000000000000000000, 22.00000000000000000, -57.50000000000000000 ) ) ;
#364 = LINE ( 'NONE', #182, #330 ) ;
#365 = CIRCLE ( 'NONE', #1523, 4.299999999999998046 ) ;
#366 = EDGE_LOOP ( 'NONE', ( #354, #1875, #1476, #1246, #1255, #1573 ) ) ;
#367 = CARTESIAN_POINT ( 'NONE',  ( -33.38053154886909368, 9.494711501465108228, -49.73798939267510377 ) ) ;
#368 = CARTESIAN_POINT ( 'NONE',  ( 61.25000000000000000, 8.673617379884035472E-16, 2.250000000000001776 ) ) ;
#369 = CIRCLE ( 'NONE', #1874, 57.50000000000000000 ) ;
#370 = AXIS2_PLACEMENT_3D ( 'NONE', #1681, #175, #8 ) ;
#371 = DIRECTION ( 'NONE',  ( -0.000000000000000000, 1.000000000000000000, -0.000000000000000000 ) ) ;
#372 = CARTESIAN_POINT ( 'NONE',  ( -61.25000000000000000, 8.673617379884035472E-16, 2.250000000000001776 ) ) ;
#373 = ADVANCED_FACE ( 'NONE', ( #502, #1831 ), #1664, .F. ) ;
#374 = ORIENTED_EDGE ( 'NONE', *, *, #1744, .T. ) ;
#375 = CARTESIAN_POINT ( 'NONE',  ( 33.80057250043375916, 9.019423393805166000, -50.13822899637454356 ) ) ;
#376 = CARTESIAN_POINT ( 'NONE',  ( 64.53168711565476201, 7.506443625310344814, -2.805337440930506965 ) ) ;
#377 = ORIENTED_EDGE ( 'NONE', *, *, #696, .T. ) ;
#378 = CARTESIAN_POINT ( 'NONE',  ( -34.90287937639719473, 7.745818741292942455, -52.54619084950706309 ) ) ;
#379 = EDGE_CURVE ( 'NONE', #1904, #2023, #1180, .T. ) ;
#380 = CARTESIAN_POINT ( 'NONE',  ( -26.90602234743181143, 8.403036587586420580, 55.21511230040265161 ) ) ;
#381 = DIRECTION ( 'NONE',  ( 0.000000000000000000, 0.000000000000000000, -1.000000000000000000 ) ) ;
#382 = CARTESIAN_POINT ( 'NONE',  ( 29.53357487130658754, 7.523373285485634554, 57.21199328965706599 ) ) ;
#383 = DIRECTION ( 'NONE',  ( -0.000000000000000000, 1.000000000000000000, -0.000000000000000000 ) ) ;
#384 = CARTESIAN_POINT ( 'NONE',  ( -30.62500000000060041, 14.00530263075619608, 48.74405598179651378 ) ) ;
#385 = FACE_OUTER_BOUND ( 'NONE', #1593, .T. ) ;
#386 = ORIENTED_EDGE ( 'NONE', *, *, #482, .F. ) ;
#387 = ORIENTED_EDGE ( 'NONE', *, *, #1649, .T. ) ;
#388 = DIRECTION ( 'NONE',  ( -0.000000000000000000, 1.000000000000000000, -0.000000000000000000 ) ) ;
#389 = DIRECTION ( 'NONE',  ( 0.000000000000000000, -1.000000000000000000, 0.000000000000000000 ) ) ;
#390 = CARTESIAN_POINT ( 'NONE',  ( 0.000000000000000000, 15.00000000000000000, 0.000000000000000000 ) ) ;
#391 = EDGE_LOOP ( 'NONE', ( #59, #2072, #1924, #1779 ) ) ;
#392 = AXIS2_PLACEMENT_3D ( 'NONE', #862, #873, #1051 ) ;
#393 = FACE_OUTER_BOUND ( 'NONE', #76, .T. ) ;
#394 = DIRECTION ( 'NONE',  ( 0.000000000000000000, 0.000000000000000000, 1.000000000000000000 ) ) ;
#395 = DIRECTION ( 'NONE',  ( 0.000000000000000000, -0.000000000000000000, 1.000000000000000000 ) ) ;
#396 = AXIS2_PLACEMENT_3D ( 'NONE', #1952, #1614, #381 ) ;
#397 = ORIENTED_EDGE ( 'NONE', *, *, #1019, .F. ) ;
#398 = CIRCLE ( 'NONE', #2007, 55.25000000000000711 ) ;
#399 = B_SPLINE_CURVE_WITH_KNOTS ( 'NONE', 3,
 ( #2002, #1467, #1984, #828, #2121, #616, #1300, #1368, #378, #1355, #1189, #40, #1178, #347, #2056, #1883, #1727, #527, #367, #555, #219, #1690, #1846, #1895, #1200, #681, #706, #510 ),
 .UNSPECIFIED., .F., .F.,
 ( 4, 2, 2, 2, 2, 2, 2, 2, 2, 2, 2, 2, 2, 4 ),
 ( 0.01785781031931547858, 0.01860132110100489247, 0.01934483188269430290, 0.02008834266438371680, 0.02083185344607312722, 0.02157536422776254112, 0.02231887500945195502, 0.02306238579114136891, 0.02380589657283078281, 0.02454940735452019324, 0.02529291813620960713, 0.02677993969958843146, 0.02826696126296725231, 0.02975398282634608010 ),
 .UNSPECIFIED. ) ;
#400 = EDGE_LOOP ( 'NONE', ( #577, #843 ) ) ;
#401 = DIRECTION ( 'NONE',  ( -0.000000000000000000, 1.000000000000000000, -0.000000000000000000 ) ) ;
#402 = LINE ( 'NONE', #1075, #1879 ) ;
#403 = AXIS2_PLACEMENT_3D ( 'NONE', #534, #3, #524 ) ;
#404 = CARTESIAN_POINT ( 'NONE',  ( 34.58714055140103483, 7.502777028725509112, 54.73319832111720729 ) ) ;
#405 = PRODUCT_RELATED_PRODUCT_CATEGORY ( 'part', '', ( #587 ) ) ;
#406 = AXIS2_PLACEMENT_3D ( 'NONE', #1361, #1856, #532 ) ;
#407 = ADVANCED_FACE ( 'NONE', ( #1273 ), #257, .T. ) ;
#408 = CARTESIAN_POINT ( 'NONE',  ( 34.35888057982803190, 7.500000000000000000, 55.17669186623203359 ) ) ;
#409 = CARTESIAN_POINT ( 'NONE',  ( 0.000000000000000000, 7.500000000000000000, -71.25000000000000000 ) ) ;
#410 = CIRCLE ( 'NONE', #613, 2.249999999999995115 ) ;
#411 = ORIENTED_EDGE ( 'NONE', *, *, #187, .F. ) ;
#412 = ORIENTED_EDGE ( 'NONE', *, *, #423, .T. ) ;
#413 = FACE_OUTER_BOUND ( 'NONE', #1582, .T. ) ;
#414 = CARTESIAN_POINT ( 'NONE',  ( -61.93773835982459275, 8.080314980264251545, -4.260131594441712188 ) ) ;
#415 = ADVANCED_FACE ( 'NONE', ( #765 ), #1719, .F. ) ;
#416 = CARTESIAN_POINT ( 'NONE',  ( 26.32103272257054627, 10.25517333877236226, 53.01109959252345050 ) ) ;
#417 = DIRECTION ( 'NONE',  ( 0.000000000000000000, 0.000000000000000000, 1.000000000000000000 ) ) ;
#418 = VERTEX_POINT ( 'NONE', #865 ) ;
#419 = CARTESIAN_POINT ( 'NONE',  ( -57.46385714285709412, 22.00000000000000000, 2.038411701621141159 ) ) ;
#420 = CARTESIAN_POINT ( 'NONE',  ( 63.16808653590902622, 7.696774713846501470, 3.853186980199545975 ) ) ;
#421 = ORIENTED_EDGE ( 'NONE', *, *, #647, .T. ) ;
#422 = CARTESIAN_POINT ( 'NONE',  ( 0.000000000000000000, 24.99999999999999645, -48.50000000000000000 ) ) ;
#423 = EDGE_CURVE ( 'NONE', #1388, #1724, #1130, .T. ) ;
#424 = CARTESIAN_POINT ( 'NONE',  ( 57.57469950023224214, 13.63132824941495969, -2.233816423085970726 ) ) ;
#425 = DIRECTION ( 'NONE',  ( -0.8660254037844365982, 0.000000000000000000, -0.5000000000000036637 ) ) ;
#426 = CARTESIAN_POINT ( 'NONE',  ( 32.21509552242785190, 10.94609252619757633, 49.03842042387249478 ) ) ;
#427 = ORIENTED_EDGE ( 'NONE', *, *, #2088, .T. ) ;
#428 = SURFACE_SIDE_STYLE ('',( #2106 ) ) ;
#429 = VERTEX_POINT ( 'NONE', #1596 ) ;
#430 = ORIENTED_EDGE ( 'NONE', *, *, #1077, .F. ) ;
#431 = CARTESIAN_POINT ( 'NONE',  ( 57.48630301096081752, 14.30992322147022122, 2.081439493152700493 ) ) ;
#432 = AXIS2_PLACEMENT_3D ( 'NONE', #1811, #943, #1463 ) ;
#433 = AXIS2_PLACEMENT_3D ( 'NONE', #10, #977, #823 ) ;
#434 = EDGE_CURVE ( 'NONE', #1611, #887, #1446, .T. ) ;
#435 = ORIENTED_EDGE ( 'NONE', *, *, #1705, .F. ) ;
#436 = DIRECTION ( 'NONE',  ( -0.000000000000000000, 1.000000000000000000, -0.000000000000000000 ) ) ;
#437 = CARTESIAN_POINT ( 'NONE',  ( -26.72349161873102119, 12.91382108326205547, -51.22618755235036048 ) ) ;
#438 = VECTOR ( 'NONE', #624, 1000.000000000000000 ) ;
#439 = CARTESIAN_POINT ( 'NONE',  ( -34.75602462018193961, 7.519413637968296094, 54.26331804393030467 ) ) ;
#440 = CARTESIAN_POINT ( 'NONE',  ( -26.96661225445305021, 22.00000000000000000, -50.78436593596474324 ) ) ;
#441 = CARTESIAN_POINT ( 'NONE',  ( -61.25000000000000000, 8.673617379884035472E-16, 0.000000000000000000 ) ) ;
#442 = DIRECTION ( 'NONE',  ( 0.000000000000000000, 0.000000000000000000, -1.000000000000000000 ) ) ;
#443 = ORIENTED_EDGE ( 'NONE', *, *, #593, .T. ) ;
#444 = EDGE_CURVE ( 'NONE', #118, #288, #499, .T. ) ;
#445 = CIRCLE ( 'NONE', #226, 4.299999999999995381 ) ;
#446 = CARTESIAN_POINT ( 'NONE',  ( 58.12730214688780706, 11.76386759064289045, 2.984774212067446086 ) ) ;
#447 = DIRECTION ( 'NONE',  ( 0.000000000000000000, 0.000000000000000000, 1.000000000000000000 ) ) ;
#448 = CARTESIAN_POINT ( 'NONE',  ( -26.35370119317379078, 9.677176729493805141, -53.57927962400322031 ) ) ;
#449 = CARTESIAN_POINT ( 'NONE',  ( -34.76009590323516818, 7.954723765977393057, 51.84212513741243811 ) ) ;
#450 = CARTESIAN_POINT ( 'NONE',  ( 0.000000000000000000, 15.00000000000000000, 0.000000000000000000 ) ) ;
#451 = CARTESIAN_POINT ( 'NONE',  ( -60.09990348445868591, 9.191111802603350256, 4.152846983654726820 ) ) ;
#452 = UNCERTAINTY_MEASURE_WITH_UNIT (LENGTH_MEASURE( 1.000000000000000082E-05 ), #1934, 'distance_accuracy_value', 'NONE');
#453 = EDGE_LOOP ( 'NONE', ( #2154, #435 ) ) ;
#454 = DIRECTION ( 'NONE',  ( 0.000000000000000000, -1.000000000000000000, 0.000000000000000000 ) ) ;
#455 = ORIENTED_EDGE ( 'NONE', *, *, #497, .F. ) ;
#456 = LINE ( 'NONE', #1165, #744 ) ;
#457 = CARTESIAN_POINT ( 'NONE',  ( 0.000000000000000000, 22.00000000000000000, 0.000000000000000000 ) ) ;
#458 = CARTESIAN_POINT ( 'NONE',  ( -30.94296349511667543, 13.05946360467709866, 48.74965172610644260 ) ) ;
#459 = CARTESIAN_POINT ( 'NONE',  ( 0.000000000000000000, 7.500000000000000000, 0.000000000000000000 ) ) ;
#460 = CARTESIAN_POINT ( 'NONE',  ( -60.94791710864807044, 8.592083036769272653, 4.291890148383465053 ) ) ;
#461 = ORIENTED_EDGE ( 'NONE', *, *, #92, .F. ) ;
#462 = DIRECTION ( 'NONE',  ( -0.000000000000000000, -1.000000000000000000, -0.000000000000000000 ) ) ;
#463 = AXIS2_PLACEMENT_3D ( 'NONE', #595, #1769, #268 ) ;
#464 = ORIENTED_EDGE ( 'NONE', *, *, #73, .T. ) ;
#465 = CARTESIAN_POINT ( 'NONE',  ( 0.000000000000000000, 15.00000000000000000, 0.000000000000000000 ) ) ;
#466 = DIRECTION ( 'NONE',  ( 0.000000000000000000, 0.000000000000000000, 1.000000000000000000 ) ) ;
#467 = PLANE ( 'NONE',  #12 ) ;
#468 = CARTESIAN_POINT ( 'NONE',  ( -61.25000000000000000, 5.299999999999999822, 2.250000000000001776 ) ) ;
#469 = CYLINDRICAL_SURFACE ( 'NONE', #1838, 4.299999999999998046 ) ;
#470 = ADVANCED_FACE ( 'NONE', ( #757 ), #1434, .F. ) ;
#471 = ORIENTED_EDGE ( 'NONE', *, *, #1287, .T. ) ;
#472 = DIRECTION ( 'NONE',  ( 0.000000000000000000, 0.000000000000000000, -1.000000000000000000 ) ) ;
#473 = VECTOR ( 'NONE', #90, 1000.000000000000000 ) ;
#474 = AXIS2_PLACEMENT_3D ( 'NONE', #1847, #2174, #1493 ) ;
#475 = EDGE_CURVE ( 'NONE', #1342, #1202, #840, .T. ) ;
#476 = ORIENTED_EDGE ( 'NONE', *, *, #1897, .T. ) ;
#477 = DIRECTION ( 'NONE',  ( 0.000000000000000000, 0.000000000000000000, -1.000000000000000000 ) ) ;
#478 = DIRECTION ( 'NONE',  ( -0.000000000000000000, 1.000000000000000000, -0.000000000000000000 ) ) ;
#479 = DIRECTION ( 'NONE',  ( -0.000000000000000000, 1.000000000000000000, -0.000000000000000000 ) ) ;
#480 = CARTESIAN_POINT ( 'NONE',  ( 26.96661225445342680, 15.00000000000000000, -50.78436593596460824 ) ) ;
#481 = CARTESIAN_POINT ( 'NONE',  ( -57.48699853965439388, 14.30442825743026170, -2.082643346405320894 ) ) ;
#482 = EDGE_CURVE ( 'NONE', #778, #246, #256, .T. ) ;
#483 = ORIENTED_EDGE ( 'NONE', *, *, #1631, .F. ) ;
#484 = DIRECTION ( 'NONE',  ( -0.000000000000000000, 1.000000000000000000, -0.000000000000000000 ) ) ;
#485 = ORIENTED_EDGE ( 'NONE', *, *, #1998, .T. ) ;
#486 = CARTESIAN_POINT ( 'NONE',  ( -64.11718307030902508, 7.541907959321351385, 3.210365207832016399 ) ) ;
#487 = FACE_OUTER_BOUND ( 'NONE', #2006, .T. ) ;
#488 = EDGE_CURVE ( 'NONE', #816, #2051, #1907, .T. ) ;
#489 = CARTESIAN_POINT ( 'NONE',  ( -61.25000000000000000, 8.673617379884035472E-16, 0.000000000000000000 ) ) ;
#490 = CARTESIAN_POINT ( 'NONE',  ( -30.60497656302925762, 7.500000000000000000, 57.34400936084283273 ) ) ;
#491 = CARTESIAN_POINT ( 'NONE',  ( 26.44318796807099758, 11.51591936978493358, -52.00274595098091623 ) ) ;
#492 = ORIENTED_EDGE ( 'NONE', *, *, #1113, .F. ) ;
#493 = CARTESIAN_POINT ( 'NONE',  ( 0.000000000000000000, 22.00000000000000000, -48.50000000000000000 ) ) ;
#494 = ORIENTED_EDGE ( 'NONE', *, *, #1808, .F. ) ;
#495 = DIRECTION ( 'NONE',  ( 0.000000000000000000, -1.000000000000000000, 0.000000000000000000 ) ) ;
#496 = ADVANCED_FACE ( 'NONE', ( #269 ), #32, .F. ) ;
#497 = EDGE_CURVE ( 'NONE', #1641, #355, #1277, .T. ) ;
#498 = CYLINDRICAL_SURFACE ( 'NONE', #1667, 4.299999999999998046 ) ;
#499 = CIRCLE ( 'NONE', #1656, 57.49999999999995026 ) ;
#500 = VECTOR ( 'NONE', #204, 1000.000000000000000 ) ;
#501 = VECTOR ( 'NONE', #1620, 1000.000000000000000 ) ;
#502 = FACE_BOUND ( 'NONE', #1938, .T. ) ;
#503 = CARTESIAN_POINT ( 'NONE',  ( -26.96661225445376076, 22.00000000000000000, 50.78436593596436666 ) ) ;
#504 = AXIS2_PLACEMENT_3D ( 'NONE', #1784, #1774, #283 ) ;
#505 = CIRCLE ( 'NONE', #1062, 4.299999999999998046 ) ;
#506 = AXIS2_PLACEMENT_3D ( 'NONE', #215, #1985, #1394 ) ;
#507 = ORIENTED_EDGE ( 'NONE', *, *, #306, .T. ) ;
#508 = CARTESIAN_POINT ( 'NONE',  ( 34.18605871524264472, 8.597108602056701798, -50.62491622177292072 ) ) ;
#509 = ORIENTED_EDGE ( 'NONE', *, *, #251, .F. ) ;
#510 = CARTESIAN_POINT ( 'NONE',  ( -30.62499999999988987, 14.00530263075635951, -48.74405598179694010 ) ) ;
#511 = AXIS2_PLACEMENT_3D ( 'NONE', #1624, #1975, #272 ) ;
#512 = DIRECTION ( 'NONE',  ( 0.000000000000000000, 0.000000000000000000, -1.000000000000000000 ) ) ;
#513 = CARTESIAN_POINT ( 'NONE',  ( -30.62500000000061817, 7.500000000000000000, 53.04405598179651093 ) ) ;
#514 = CARTESIAN_POINT ( 'NONE',  ( 0.000000000000000000, 7.500000000000000000, -71.25000000000000000 ) ) ;
#515 = EDGE_CURVE ( 'NONE', #718, #9, #1867, .T. ) ;
#516 = ORIENTED_EDGE ( 'NONE', *, *, #273, .F. ) ;
#517 = LINE ( 'NONE', #363, #846 ) ;
#518 = ORIENTED_EDGE ( 'NONE', *, *, #1798, .T. ) ;
#519 = CARTESIAN_POINT ( 'NONE',  ( 30.62499999999950617, 7.500000000000000000, 53.04405598179715042 ) ) ;
#520 = DIRECTION ( 'NONE',  ( -0.000000000000000000, 1.000000000000000000, -0.000000000000000000 ) ) ;
#521 = CYLINDRICAL_SURFACE ( 'NONE', #69, 4.299999999999998046 ) ;
#522 = CARTESIAN_POINT ( 'NONE',  ( 26.85601774984299794, 13.67196751411070466, -50.97188817307215913 ) ) ;
#523 = ORIENTED_EDGE ( 'NONE', *, *, #1556, .F. ) ;
#524 = DIRECTION ( 'NONE',  ( 0.8660254037844432595, 0.000000000000000000, -0.4999999999999921729 ) ) ;
#525 = DIRECTION ( 'NONE',  ( 0.000000000000000000, 0.000000000000000000, 1.000000000000000000 ) ) ;
#526 = VERTEX_POINT ( 'NONE', #1122 ) ;
#527 = CARTESIAN_POINT ( 'NONE',  ( -33.52236036483750325, 9.332226958252391569, -49.86080470542592025 ) ) ;
#528 = ORIENTED_EDGE ( 'NONE', *, *, #2033, .F. ) ;
#529 = CARTESIAN_POINT ( 'NONE',  ( 30.62499999999950617, 7.500000000000000000, 55.29405598179715042 ) ) ;
#530 = EDGE_CURVE ( 'NONE', #754, #213, #1240, .T. ) ;
#531 = CARTESIAN_POINT ( 'NONE',  ( 57.48624394059368115, 14.31080861806586313, -2.081324073978866096 ) ) ;
#532 = DIRECTION ( 'NONE',  ( 0.000000000000000000, 0.000000000000000000, 1.000000000000000000 ) ) ;
#533 = EDGE_LOOP ( 'NONE', ( #584, #1284, #1224, #1001 ) ) ;
#534 = CARTESIAN_POINT ( 'NONE',  ( 30.62499999999950617, 22.00000000000000000, 53.04405598179715042 ) ) ;
#535 = ADVANCED_FACE ( 'NONE', ( #1973, #129 ), #1146, .F. ) ;
#536 = DIRECTION ( 'NONE',  ( 0.000000000000000000, 0.000000000000000000, 1.000000000000000000 ) ) ;
#537 = EDGE_CURVE ( 'NONE', #1164, #2051, #1789, .T. ) ;
#538 = CIRCLE ( 'NONE', #1764, 57.50000000000000000 ) ;
#539 = ORIENTED_EDGE ( 'NONE', *, *, #482, .T. ) ;
#540 = ORIENTED_EDGE ( 'NONE', *, *, #630, .T. ) ;
#541 = DIRECTION ( 'NONE',  ( -0.000000000000000000, 1.000000000000000000, -0.000000000000000000 ) ) ;
#542 = EDGE_CURVE ( 'NONE', #778, #1904, #456, .T. ) ;
#543 = CARTESIAN_POINT ( 'NONE',  ( -63.16390043925181175, 7.697744299323593609, -3.855216570670756848 ) ) ;
#544 = AXIS2_PLACEMENT_3D ( 'NONE', #1428, #1268, #225 ) ;
#545 = AXIS2_PLACEMENT_3D ( 'NONE', #813, #989, #854 ) ;
#546 = CARTESIAN_POINT ( 'NONE',  ( 0.000000000000000000, 7.500000000000000000, 0.000000000000000000 ) ) ;
#547 = CARTESIAN_POINT ( 'NONE',  ( 34.92529027387651297, 7.608820149824747858, 53.28414932359887501 ) ) ;
#548 = CARTESIAN_POINT ( 'NONE',  ( 0.000000000000000000, 24.99999999999999645, 0.000000000000000000 ) ) ;
#549 = EDGE_CURVE ( 'NONE', #1039, #1261, #338, .T. ) ;
#550 = CARTESIAN_POINT ( 'NONE',  ( 34.92452075312525750, 7.692940652203569485, -52.78996491128182811 ) ) ;
#551 = DIRECTION ( 'NONE',  ( -0.000000000000000000, 1.000000000000000000, -0.000000000000000000 ) ) ;
#552 = ORIENTED_EDGE ( 'NONE', *, *, #537, .F. ) ;
#553 = ORIENTED_EDGE ( 'NONE', *, *, #1706, .T. ) ;
#554 = VERTEX_POINT ( 'NONE', #821 ) ;
#555 = CARTESIAN_POINT ( 'NONE',  ( -33.09173579908710394, 9.834664882946011488, -49.51726637848591395 ) ) ;
#556 = CARTESIAN_POINT ( 'NONE',  ( -30.60497656302925762, 7.500000000000000000, 57.34400936084283273 ) ) ;
#557 = DIRECTION ( 'NONE',  ( -0.000000000000000000, -1.000000000000000000, -0.000000000000000000 ) ) ;
#558 = CARTESIAN_POINT ( 'NONE',  ( 34.76028256002501138, 7.954513378009784752, 51.84256737132930226 ) ) ;
#559 = DIRECTION ( 'NONE',  ( -0.000000000000000000, 1.000000000000000000, -0.000000000000000000 ) ) ;
#560 = CARTESIAN_POINT ( 'NONE',  ( -30.62500000000061817, 7.500000000000000000, 50.79405598179651093 ) ) ;
#561 = CARTESIAN_POINT ( 'NONE',  ( 61.25000000000000711, 8.420074251778220997, 4.299999999999995381 ) ) ;
#562 = EDGE_LOOP ( 'NONE', ( #827, #29 ) ) ;
#563 = ORIENTED_EDGE ( 'NONE', *, *, #920, .T. ) ;
#564 = CARTESIAN_POINT ( 'NONE',  ( 61.25000000000000711, 8.420074251778220997, 4.299999999999995381 ) ) ;
#565 = CARTESIAN_POINT ( 'NONE',  ( -29.27187793584926112, 7.540390796460299860, 57.13446229569046864 ) ) ;
#566 = ADVANCED_FACE ( 'NONE', ( #1309 ), #1658, .F. ) ;
#567 = CARTESIAN_POINT ( 'NONE',  ( 27.33241523099821180, 8.056060055360950045, 55.82090042635283567 ) ) ;
#568 = CARTESIAN_POINT ( 'NONE',  ( 30.62500000000025224, 5.299999999999999822, -53.04405598179673120 ) ) ;
#569 = DIRECTION ( 'NONE',  ( -0.000000000000000000, 1.000000000000000000, -0.000000000000000000 ) ) ;
#570 = APPLICATION_CONTEXT ( 'automotive_design' ) ;
#571 = AXIS2_PLACEMENT_3D ( 'NONE', #1660, #985, #1133 ) ;
#572 = ORIENTED_EDGE ( 'NONE', *, *, #1599, .T. ) ;
#573 = FACE_OUTER_BOUND ( 'NONE', #615, .T. ) ;
#574 = EDGE_CURVE ( 'NONE', #1551, #837, #988, .T. ) ;
#575 = CARTESIAN_POINT ( 'NONE',  ( -62.64486718392091547, 7.834844672689989409, -4.071787952382009301 ) ) ;
#576 = CARTESIAN_POINT ( 'NONE',  ( 26.96661225445271626, 14.73064476456226046, 50.78436593596502036 ) ) ;
#577 = ORIENTED_EDGE ( 'NONE', *, *, #475, .T. ) ;
#578 = ORIENTED_EDGE ( 'NONE', *, *, #730, .T. ) ;
#579 = CIRCLE ( 'NONE', #1954, 4.299999999999998046 ) ;
#580 = CARTESIAN_POINT ( 'NONE',  ( -30.54237392766931336, 14.33380762329990965, -48.74405598179691168 ) ) ;
#581 = CARTESIAN_POINT ( 'NONE',  ( 30.62499999999950617, 5.299999999999999822, 55.29405598179715042 ) ) ;
#582 = CARTESIAN_POINT ( 'NONE',  ( 0.000000000000000000, 7.500000000000000000, 0.000000000000000000 ) ) ;
#583 = EDGE_CURVE ( 'NONE', #1466, #1013, #1281, .T. ) ;
#584 = ORIENTED_EDGE ( 'NONE', *, *, #787, .F. ) ;
#585 = CARTESIAN_POINT ( 'NONE',  ( 60.10091441795761824, 9.190157985531484996, 4.153228985628673264 ) ) ;
#586 = CARTESIAN_POINT ( 'NONE',  ( -62.99377921967078464, 7.738207565830808932, -3.935015326906239785 ) ) ;
#587 = PRODUCT ( 'Bearing-Holder', 'Bearing-Holder', '', ( #1450 ) ) ;
#588 = CARTESIAN_POINT ( 'NONE',  ( 30.06354459828116887, 7.503275509930915632, 57.31578608161316879 ) ) ;
#589 = B_SPLINE_CURVE_WITH_KNOTS ( 'NONE', 3,
 ( #1910, #891, #404, #2050, #64, #1069, #547, #1745, #1254, #233, #558, #1417, #876, #900, #1044, #732, #1733, #1887, #1265, #1588, #1899, #1931, #426, #1560, #44, #723, #1402, #2060 ),
 .UNSPECIFIED., .F., .F.,
 ( 4, 2, 2, 2, 2, 2, 2, 2, 2, 2, 2, 2, 2, 4 ),
 ( 0.01785781031931546470, 0.01860132110100488553, 0.01934483188269430637, 0.02008834266438372720, 0.02083185344607314804, 0.02157536422776256541, 0.02231887500945198624, 0.02306238579114140708, 0.02380589657283082791, 0.02454940735452024875, 0.02529291813620966958, 0.02677993969958850778, 0.02826696126296734252, 0.02975398282634618419 ),
 .UNSPECIFIED. ) ;
#590 = CARTESIAN_POINT ( 'NONE',  ( 7.041719095097280485E-15, 22.00000000000000000, 57.50000000000000000 ) ) ;
#591 = DIRECTION ( 'NONE',  ( 0.000000000000000000, -1.000000000000000000, 0.000000000000000000 ) ) ;
#592 = DIRECTION ( 'NONE',  ( 0.000000000000000000, -1.000000000000000000, 0.000000000000000000 ) ) ;
#593 = EDGE_CURVE ( 'NONE', #1161, #2163, #1477, .T. ) ;
#594 = VERTEX_POINT ( 'NONE', #1500 ) ;
#595 = CARTESIAN_POINT ( 'NONE',  ( -30.62499999999987921, 7.500000000000000000, -53.04405598179693726 ) ) ;
#596 = CARTESIAN_POINT ( 'NONE',  ( 58.28345351370565197, 11.48522196172672061, -3.119598179164601248 ) ) ;
#597 = CARTESIAN_POINT ( 'NONE',  ( -26.47169383934227938, 9.148929607764298311, -54.17898321106989101 ) ) ;
#598 = DIRECTION ( 'NONE',  ( -3.552713678800500929E-15, 0.000000000000000000, -1.000000000000000000 ) ) ;
#599 = EDGE_CURVE ( 'NONE', #248, #894, #217, .T. ) ;
#600 = DIRECTION ( 'NONE',  ( -0.000000000000000000, 1.000000000000000000, -0.000000000000000000 ) ) ;
#601 = DIRECTION ( 'NONE',  ( 0.000000000000000000, 0.000000000000000000, 1.000000000000000000 ) ) ;
#602 = FACE_OUTER_BOUND ( 'NONE', #1398, .T. ) ;
#603 = ORIENTED_EDGE ( 'NONE', *, *, #756, .T. ) ;
#604 = CARTESIAN_POINT ( 'NONE',  ( 60.65381938351205804, 8.773987027935818972, 4.267818805250280789 ) ) ;
#605 = AXIS2_PLACEMENT_3D ( 'NONE', #2038, #145, #2026 ) ;
#606 = DIRECTION ( 'NONE',  ( -0.000000000000000000, 1.000000000000000000, -0.000000000000000000 ) ) ;
#607 = DIRECTION ( 'NONE',  ( 0.000000000000000000, 1.000000000000000000, 0.000000000000000000 ) ) ;
#608 = DIRECTION ( 'NONE',  ( 0.000000000000000000, -0.000000000000000000, -1.000000000000000000 ) ) ;
#609 = ORIENTED_EDGE ( 'NONE', *, *, #981, .F. ) ;
#610 = FACE_OUTER_BOUND ( 'NONE', #235, .T. ) ;
#611 = CARTESIAN_POINT ( 'NONE',  ( -60.51231761400493525, 8.880400129482422855, 4.238577557810124574 ) ) ;
#612 = ORIENTED_EDGE ( 'NONE', *, *, #1389, .F. ) ;
#613 = AXIS2_PLACEMENT_3D ( 'NONE', #1600, #88, #1807 ) ;
#614 = CARTESIAN_POINT ( 'NONE',  ( -30.49724488840448444, 22.00000000000000000, 48.74595423434318775 ) ) ;
#615 = EDGE_LOOP ( 'NONE', ( #494, #1432, #1392, #1608, #1916 ) ) ;
#616 = CARTESIAN_POINT ( 'NONE',  ( -34.90473888656856616, 7.578187384338757937, -53.52979885144520011 ) ) ;
#617 = CARTESIAN_POINT ( 'NONE',  ( 30.62500000000025224, 22.00000000000000000, -53.04405598179673120 ) ) ;
#618 = CARTESIAN_POINT ( 'NONE',  ( -34.90498522904513834, 7.578439833302434536, 53.52758953740977432 ) ) ;
#619 = DIRECTION ( 'NONE',  ( 2.664535259100376091E-15, 0.000000000000000000, -1.000000000000000000 ) ) ;
#620 = DIRECTION ( 'NONE',  ( -0.000000000000000000, 1.000000000000000000, -0.000000000000000000 ) ) ;
#621 = ORIENTED_EDGE ( 'NONE', *, *, #1717, .T. ) ;
#622 = CARTESIAN_POINT ( 'NONE',  ( 0.000000000000000000, 15.00000000000000000, 0.000000000000000000 ) ) ;
#623 = ORIENTED_EDGE ( 'NONE', *, *, #1992, .F. ) ;
#624 = DIRECTION ( 'NONE',  ( 0.000000000000000000, -1.000000000000000000, -0.000000000000000000 ) ) ;
#625 = CARTESIAN_POINT ( 'NONE',  ( -28.08402478419047554, 7.736816684092434393, -56.52322185759893358 ) ) ;
#626 = CARTESIAN_POINT ( 'NONE',  ( -30.62499999999987921, 5.299999999999999822, -53.04405598179693726 ) ) ;
#627 = EDGE_CURVE ( 'NONE', #837, #1825, #1892, .T. ) ;
#628 = CARTESIAN_POINT ( 'NONE',  ( 0.000000000000000000, 7.500000000000000000, 0.000000000000000000 ) ) ;
#629 = CARTESIAN_POINT ( 'NONE',  ( 57.46385714285715096, 15.00000000000000000, 2.038411701621175798 ) ) ;
#630 = EDGE_CURVE ( 'NONE', #887, #950, #790, .T. ) ;
#631 = ORIENTED_EDGE ( 'NONE', *, *, #1012, .T. ) ;
#632 = DIRECTION ( 'NONE',  ( -0.000000000000000000, 1.000000000000000000, -0.000000000000000000 ) ) ;
#633 = ORIENTED_EDGE ( 'NONE', *, *, #1859, .T. ) ;
#634 = EDGE_CURVE ( 'NONE', #894, #950, #399, .T. ) ;
#635 = DIRECTION ( 'NONE',  ( 0.000000000000000000, 1.000000000000000000, 0.000000000000000000 ) ) ;
#636 = CARTESIAN_POINT ( 'NONE',  ( 61.24999999999992184, 8.420074251778263630, -4.299999999999995381 ) ) ;
#637 = AXIS2_PLACEMENT_3D ( 'NONE', #831, #697, #664 ) ;
#638 = EDGE_CURVE ( 'NONE', #1118, #1659, #2009, .T. ) ;
#639 = CIRCLE ( 'NONE', #72, 4.300000000000005151 ) ;
#640 = CARTESIAN_POINT ( 'NONE',  ( 0.000000000000000000, 22.00000000000000000, 0.000000000000000000 ) ) ;
#641 = AXIS2_PLACEMENT_3D ( 'NONE', #921, #1763, #295 ) ;
#642 = LINE ( 'NONE', #113, #2078 ) ;
#643 = CARTESIAN_POINT ( 'NONE',  ( -58.14793188236471622, 11.76831759334911709, 2.983277157627485021 ) ) ;
#644 = CIRCLE ( 'NONE', #1210, 2.250000000000001776 ) ;
#645 = ORIENTED_EDGE ( 'NONE', *, *, #379, .T. ) ;
#646 = CARTESIAN_POINT ( 'NONE',  ( 30.62499999999950617, 5.299999999999999822, 50.79405598179715042 ) ) ;
#647 = EDGE_CURVE ( 'NONE', #934, #184, #1356, .T. ) ;
#648 = AXIS2_PLACEMENT_3D ( 'NONE', #342, #33, #75 ) ;
#649 = CIRCLE ( 'NONE', #919, 55.25000000000000711 ) ;
#650 = ORIENTED_EDGE ( 'NONE', *, *, #855, .T. ) ;
#651 = DIRECTION ( 'NONE',  ( 0.000000000000000000, 0.000000000000000000, -1.000000000000000000 ) ) ;
#652 = LINE ( 'NONE', #36, #1759 ) ;
#653 = ORIENTED_EDGE ( 'NONE', *, *, #1263, .F. ) ;
#654 = CARTESIAN_POINT ( 'NONE',  ( 30.49724488840350034, 15.00000000000000000, 48.74595423434385566 ) ) ;
#655 = DIRECTION ( 'NONE',  ( -0.000000000000000000, 1.000000000000000000, -0.000000000000000000 ) ) ;
#656 = CARTESIAN_POINT ( 'NONE',  ( 27.87655420196248457, 7.801926229154730663, -56.36104896908963724 ) ) ;
#657 = ORIENTED_EDGE ( 'NONE', *, *, #142, .T. ) ;
#658 = CARTESIAN_POINT ( 'NONE',  ( -61.25000000000000000, 7.500000000000000000, 2.250000000000001776 ) ) ;
#659 = ADVANCED_FACE ( 'NONE', ( #717 ), #1014, .F. ) ;
#660 = EDGE_CURVE ( 'NONE', #554, #1825, #1386, .T. ) ;
#661 = ORIENTED_EDGE ( 'NONE', *, *, #348, .F. ) ;
#662 = CARTESIAN_POINT ( 'NONE',  ( -30.62499999999987921, 7.500000000000000000, -48.74405598179693300 ) ) ;
#663 = DIRECTION ( 'NONE',  ( -0.000000000000000000, 1.000000000000000000, -0.000000000000000000 ) ) ;
#664 = DIRECTION ( 'NONE',  ( 0.000000000000000000, 0.000000000000000000, 1.000000000000000000 ) ) ;
#665 = FACE_OUTER_BOUND ( 'NONE', #1903, .T. ) ;
#666 = ORIENTED_EDGE ( 'NONE', *, *, #630, .F. ) ;
#667 = FACE_OUTER_BOUND ( 'NONE', #1788, .T. ) ;
#668 = EDGE_LOOP ( 'NONE', ( #895, #992, #963, #1564 ) ) ;
#669 = DIRECTION ( 'NONE',  ( -0.000000000000000000, 1.000000000000000000, -0.000000000000000000 ) ) ;
#670 = CARTESIAN_POINT ( 'NONE',  ( 0.000000000000000000, 15.00000000000000000, 0.000000000000000000 ) ) ;
#671 = AXIS2_PLACEMENT_3D ( 'NONE', #875, #722, #2059 ) ;
#672 = AXIS2_PLACEMENT_3D ( 'NONE', #1036, #2156, #525 ) ;
#673 = AXIS2_PLACEMENT_3D ( 'NONE', #1669, #1878, #1035 ) ;
#674 = FACE_OUTER_BOUND ( 'NONE', #391, .T. ) ;
#675 = CARTESIAN_POINT ( 'NONE',  ( 26.90602234743142418, 8.403036587586427686, -55.21511230040282925 ) ) ;
#676 = AXIS2_PLACEMENT_3D ( 'NONE', #1772, #1443, #466 ) ;
#677 = ORIENTED_EDGE ( 'NONE', *, *, #863, .T. ) ;
#678 = LINE ( 'NONE', #1530, #1701 ) ;
#679 = APPLICATION_CONTEXT ( 'automotive_design' ) ;
#680 = ORIENTED_EDGE ( 'NONE', *, *, #797, .F. ) ;
#681 = CARTESIAN_POINT ( 'NONE',  ( -30.94306838227545242, 13.05914407385121656, -48.74964001381552237 ) ) ;
#682 = AXIS2_PLACEMENT_3D ( 'NONE', #1126, #1140, #601 ) ;
#683 = AXIS2_PLACEMENT_3D ( 'NONE', #1871, #389, #1584 ) ;
#684 = CARTESIAN_POINT ( 'NONE',  ( -30.62499999999987921, 5.299999999999999822, -57.34405598179694152 ) ) ;
#685 = CARTESIAN_POINT ( 'NONE',  ( 26.96661225445276600, 14.75000000000000000, 50.78436593596489246 ) ) ;
#686 = CARTESIAN_POINT ( 'NONE',  ( 26.69321925346656244, 8.677891714937601364, -54.80058109691828605 ) ) ;
#687 = ORIENTED_EDGE ( 'NONE', *, *, #1077, .T. ) ;
#688 = CARTESIAN_POINT ( 'NONE',  ( 0.000000000000000000, 7.500000000000000000, 0.000000000000000000 ) ) ;
#689 = FACE_OUTER_BOUND ( 'NONE', #1515, .T. ) ;
#690 = VERTEX_POINT ( 'NONE', #1716 ) ;
#691 = ORIENTED_EDGE ( 'NONE', *, *, #907, .T. ) ;
#692 = DIRECTION ( 'NONE',  ( -0.000000000000000000, 1.000000000000000000, -0.000000000000000000 ) ) ;
#693 = ADVANCED_FACE ( 'NONE', ( #2173 ), #1214, .F. ) ;
#694 = ADVANCED_FACE ( 'NONE', ( #185 ), #1704, .F. ) ;
#695 = DIRECTION ( 'NONE',  ( -0.000000000000000000, 1.000000000000000000, -0.000000000000000000 ) ) ;
#696 = EDGE_CURVE ( 'NONE', #1039, #1474, #2079, .T. ) ;
#697 = DIRECTION ( 'NONE',  ( 0.000000000000000000, 1.000000000000000000, 0.000000000000000000 ) ) ;
#698 = EDGE_CURVE ( 'NONE', #1440, #594, #1283, .T. ) ;
#699 = CARTESIAN_POINT ( 'NONE',  ( 30.06502390995624197, 7.503251584210062219, -57.31595676628467828 ) ) ;
#700 = ORIENTED_EDGE ( 'NONE', *, *, #2104, .F. ) ;
#701 = ORIENTED_EDGE ( 'NONE', *, *, #1423, .T. ) ;
#702 = CARTESIAN_POINT ( 'NONE',  ( 31.66418215793549606, 11.75209241656384940, -48.86145862204676860 ) ) ;
#703 = CARTESIAN_POINT ( 'NONE',  ( 30.54233480156952396, 14.33396318096880329, -48.74405598179673405 ) ) ;
#704 = EDGE_CURVE ( 'NONE', #1342, #1298, #1552, .T. ) ;
#705 = ORIENTED_EDGE ( 'NONE', *, *, #25, .T. ) ;
#706 = CARTESIAN_POINT ( 'NONE',  ( -30.74746342857936199, 13.51841215469251445, -48.74405598179692589 ) ) ;
#707 = CARTESIAN_POINT ( 'NONE',  ( -28.53569767405954138, 7.632810639945997622, 56.81175163861001209 ) ) ;
#708 = ADVANCED_FACE ( 'NONE', ( #19 ), #2013, .F. ) ;
#709 = CARTESIAN_POINT ( 'NONE',  ( 58.14614357605553607, 11.77216988942732989, -2.981438603801821685 ) ) ;
#710 = CARTESIAN_POINT ( 'NONE',  ( 26.85576456934755996, 13.67039727921498482, 50.97234953847794259 ) ) ;
#711 = CIRCLE ( 'NONE', #1093, 71.25000000000000000 ) ;
#712 = DIRECTION ( 'NONE',  ( 0.000000000000000000, 0.000000000000000000, 1.000000000000000000 ) ) ;
#713 = CIRCLE ( 'NONE', #1945, 4.299999999999995381 ) ;
#714 = CARTESIAN_POINT ( 'NONE',  ( -61.25000000000000000, 5.299999999999999822, -2.250000000000001776 ) ) ;
#715 = CARTESIAN_POINT ( 'NONE',  ( 64.96385714285713675, 7.500000000000000000, -2.167317494611472384 ) ) ;
#716 = EDGE_LOOP ( 'NONE', ( #830, #701 ) ) ;
#717 = FACE_OUTER_BOUND ( 'NONE', #1320, .T. ) ;
#718 = VERTEX_POINT ( 'NONE', #174 ) ;
#719 = FACE_OUTER_BOUND ( 'NONE', #798, .T. ) ;
#720 = CIRCLE ( 'NONE', #544, 4.299999999999998046 ) ;
#721 = CIRCLE ( 'NONE', #474, 2.250000000000001776 ) ;
#722 = DIRECTION ( 'NONE',  ( -0.000000000000000000, 1.000000000000000000, -0.000000000000000000 ) ) ;
#723 = CARTESIAN_POINT ( 'NONE',  ( 30.94306838227505096, 13.05914407385130538, 48.74964001381571421 ) ) ;
#724 = CARTESIAN_POINT ( 'NONE',  ( -30.62499999999988987, 14.00530263075635951, -48.74405598179694010 ) ) ;
#725 = DIRECTION ( 'NONE',  ( -0.000000000000000000, 1.000000000000000000, -0.000000000000000000 ) ) ;
#726 = CARTESIAN_POINT ( 'NONE',  ( 30.49724488840408299, 14.75000000000000000, -48.74595423434344355 ) ) ;
#727 = VERTEX_POINT ( 'NONE', #1521 ) ;
#728 = ORIENTED_EDGE ( 'NONE', *, *, #1266, .F. ) ;
#729 = DIRECTION ( 'NONE',  ( -0.000000000000000000, 1.000000000000000000, -0.000000000000000000 ) ) ;
#730 = EDGE_CURVE ( 'NONE', #554, #1638, #1976, .T. ) ;
#731 = DIRECTION ( 'NONE',  ( -0.000000000000000000, 1.000000000000000000, -0.000000000000000000 ) ) ;
#732 = CARTESIAN_POINT ( 'NONE',  ( 33.93215450931257493, 8.874495877464655180, 50.28784374258980705 ) ) ;
#733 = ADVANCED_FACE ( 'NONE', ( #573 ), #95, .F. ) ;
#734 = ORIENTED_EDGE ( 'NONE', *, *, #944, .T. ) ;
#735 = SURFACE_STYLE_USAGE ( .BOTH. , #428 ) ;
#736 = CARTESIAN_POINT ( 'NONE',  ( 63.66047925898346449, 7.601695996899762164, 3.565970172696245832 ) ) ;
#737 = ORIENTED_EDGE ( 'NONE', *, *, #423, .F. ) ;
#738 = DIRECTION ( 'NONE',  ( 0.000000000000000000, 0.000000000000000000, 1.000000000000000000 ) ) ;
#739 = CARTESIAN_POINT ( 'NONE',  ( -63.66012337385067354, 7.595938606143219474, -3.581081417028844971 ) ) ;
#740 = CARTESIAN_POINT ( 'NONE',  ( 26.95111572053571791, 14.46339765343300421, 50.80898195198176381 ) ) ;
#741 = B_SPLINE_CURVE_WITH_KNOTS ( 'NONE', 3,
 ( #826, #2008, #1713, #1549, #702, #1676, #2041, #1506, #1517, #375, #2171, #508, #35, #27, #2052, #15, #1374, #1393, #550, #1834, #353, #993, #2031, #1002, #1024, #1174 ),
 .UNSPECIFIED., .F., .F.,
 ( 4, 2, 2, 2, 2, 2, 2, 2, 2, 2, 2, 2, 4 ),
 ( 0.001457074842380172821, 0.002943808702642602537, 0.004430542562905032469, 0.005917276423167461101, 0.007404010283429891467, 0.008147377213561110554, 0.008890744143692331375, 0.009634111073823552196, 0.01037747800395477302, 0.01112084493408599384, 0.01186421186421721813, 0.01260757879434844068, 0.01335094572447966324 ),
 .UNSPECIFIED. ) ;
#742 = ORIENTED_EDGE ( 'NONE', *, *, #1341, .T. ) ;
#743 = VECTOR ( 'NONE', #990, 1000.000000000000000 ) ;
#744 = VECTOR ( 'NONE', #1155, 1000.000000000000000 ) ;
#745 = VERTEX_POINT ( 'NONE', #84 ) ;
#746 = DIRECTION ( 'NONE',  ( 0.000000000000000000, 0.000000000000000000, -1.000000000000000000 ) ) ;
#747 = CLOSED_SHELL ( 'NONE', ( #2068, #1644, #694, #1372, #659, #693, #261, #2057, #1587, #914, #207, #86, #1906, #407, #1475, #566, #2158, #1031, #1797, #928, #2091, #1153, #1015, #1324, #147, #496, #138, #877, #7, #916, #789, #850, #535, #2128, #1430, #1948, #733, #1665, #373, #2027, #470, #1982, #1351, #708, #1508, #313, #1932, #1576, #415, #2099, #1095, #867, #316, #323, #247 ) ) ;
#748 = CARTESIAN_POINT ( 'NONE',  ( -30.33322641641879613, 7.499999999999780620, 57.34274391178956876 ) ) ;
#749 = CARTESIAN_POINT ( 'NONE',  ( 26.72349161873067303, 12.91382108326206613, 51.22618755235055943 ) ) ;
#750 = AXIS2_PLACEMENT_3D ( 'NONE', #829, #663, #1170 ) ;
#751 = DIRECTION ( 'NONE',  ( -0.000000000000000000, 1.000000000000000000, -0.000000000000000000 ) ) ;
#752 =( NAMED_UNIT ( * ) SI_UNIT ( $, .STERADIAN. ) SOLID_ANGLE_UNIT ( ) );
#753 = DIRECTION ( 'NONE',  ( -0.000000000000000000, 1.000000000000000000, -0.000000000000000000 ) ) ;
#754 = VERTEX_POINT ( 'NONE', #422 ) ;
#755 = CARTESIAN_POINT ( 'NONE',  ( 59.37804960090302586, 9.884917892503956693, 3.879451825877131554 ) ) ;
#756 = EDGE_CURVE ( 'NONE', #1013, #594, #1558, .T. ) ;
#757 = FACE_OUTER_BOUND ( 'NONE', #668, .T. ) ;
#758 = CARTESIAN_POINT ( 'NONE',  ( -26.61827119941266417, 12.43633196157325393, -51.45712563025718822 ) ) ;
#759 = DIRECTION ( 'NONE',  ( 0.000000000000000000, 0.000000000000000000, 1.000000000000000000 ) ) ;
#760 = CARTESIAN_POINT ( 'NONE',  ( 30.62499999999950617, 7.500000000000000000, 57.34405598179714758 ) ) ;
#761 = DIRECTION ( 'NONE',  ( 0.000000000000000000, 1.000000000000000000, 0.000000000000000000 ) ) ;
#762 = CARTESIAN_POINT ( 'NONE',  ( 64.76799285637180503, 7.499999999999992895, 2.502945283896031103 ) ) ;
#763 = ORIENTED_EDGE ( 'NONE', *, *, #698, .T. ) ;
#764 = CARTESIAN_POINT ( 'NONE',  ( -30.62500000000061817, 7.500000000000000000, 53.04405598179651093 ) ) ;
#765 = FACE_OUTER_BOUND ( 'NONE', #1096, .T. ) ;
#766 = CARTESIAN_POINT ( 'NONE',  ( -26.85576456934790457, 13.67039727921498482, -50.97234953847775785 ) ) ;
#767 = CARTESIAN_POINT ( 'NONE',  ( -32.21612647445136446, 10.94460473843236059, 49.03876738127591750 ) ) ;
#768 = CARTESIAN_POINT ( 'NONE',  ( 57.46385714285709412, 22.00000000000000000, 2.038411701621141159 ) ) ;
#769 = DIRECTION ( 'NONE',  ( 0.000000000000000000, 0.000000000000000000, 1.000000000000000000 ) ) ;
#770 = UNCERTAINTY_MEASURE_WITH_UNIT (LENGTH_MEASURE( 1.000000000000000082E-05 ), #1243, 'distance_accuracy_value', 'NONE');
#771 = ORIENTED_EDGE ( 'NONE', *, *, #434, .F. ) ;
#772 = EDGE_LOOP ( 'NONE', ( #164, #136, #518, #125, #1632, #1876 ) ) ;
#773 = CARTESIAN_POINT ( 'NONE',  ( 0.000000000000000000, 22.00000000000000000, 0.000000000000000000 ) ) ;
#774 = AXIS2_PLACEMENT_3D ( 'NONE', #1559, #779, #2110 ) ;
#775 = AXIS2_PLACEMENT_3D ( 'NONE', #1935, #80, #1754 ) ;
#776 = AXIS2_PLACEMENT_3D ( 'NONE', #1208, #181, #1350 ) ;
#777 = VECTOR ( 'NONE', #1345, 1000.000000000000000 ) ;
#778 = VERTEX_POINT ( 'NONE', #1285 ) ;
#779 = DIRECTION ( 'NONE',  ( -0.000000000000000000, 1.000000000000000000, -0.000000000000000000 ) ) ;
#780 = CARTESIAN_POINT ( 'NONE',  ( 0.000000000000000000, 22.00000000000000000, 0.000000000000000000 ) ) ;
#781 = CARTESIAN_POINT ( 'NONE',  ( -33.38612887307990462, 9.485345450845294124, 49.72463855623708184 ) ) ;
#782 = FACE_OUTER_BOUND ( 'NONE', #1034, .T. ) ;
#783 = CARTESIAN_POINT ( 'NONE',  ( -57.48689507128717224, 14.30350716260817023, 2.082519497388986451 ) ) ;
#784 = VECTOR ( 'NONE', #569, 1000.000000000000000 ) ;
#785 = ORIENTED_EDGE ( 'NONE', *, *, #243, .F. ) ;
#786 = FACE_OUTER_BOUND ( 'NONE', #2118, .T. ) ;
#787 = EDGE_CURVE ( 'NONE', #1628, #1845, #1726, .T. ) ;
#788 = VERTEX_POINT ( 'NONE', #898 ) ;
#789 = ADVANCED_FACE ( 'NONE', ( #889 ), #2176, .F. ) ;
#790 = LINE ( 'NONE', #662, #777 ) ;
#791 = CARTESIAN_POINT ( 'NONE',  ( -26.90705629682100408, 8.402024843917342167, -55.21678198307282059 ) ) ;
#792 = B_SPLINE_CURVE_WITH_KNOTS ( 'NONE', 3,
 ( #556, #748, #2076, #874, #565, #1067, #707, #1387, #1743, #208, #1216, #1884, #380, #1251, #1227, #1922, #1236, #1730, #1041, #1718, #1553, #42, #1896, #1750, #1414, #899, #1052, #890, #1577, #1301 ),
 .UNSPECIFIED., .F., .F.,
 ( 4, 2, 2, 2, 2, 2, 2, 2, 2, 2, 2, 2, 2, 2, 4 ),
 ( 0.01785781031931548204, 0.01866402693933055454, 0.01947024355934563050, 0.02027646017936070300, 0.02108267679937577549, 0.02188889341939084798, 0.02269511003940592395, 0.02350132665942099644, 0.02430754327943606893, 0.02591997651946623127, 0.02753240975949639013, 0.02833862637951146957, 0.02914484299952655594, 0.02995105961954163537, 0.03075727623955671827 ),
 .UNSPECIFIED. ) ;
#793 = CARTESIAN_POINT ( 'NONE',  ( -34.90235761034984563, 7.746787085284647212, 52.54229390633464902 ) ) ;
#794 = DIRECTION ( 'NONE',  ( 0.000000000000000000, -1.000000000000000000, 0.000000000000000000 ) ) ;
#795 = CARTESIAN_POINT ( 'NONE',  ( -60.65574762629476879, 8.780316722135792062, 4.261272020815413342 ) ) ;
#796 = SHAPE_DEFINITION_REPRESENTATION ( #946, #1783 ) ;
#797 = EDGE_CURVE ( 'NONE', #1202, #1342, #1237, .T. ) ;
#798 = EDGE_LOOP ( 'NONE', ( #1725, #1936, #1715, #231, #1064, #265 ) ) ;
#799 = DIRECTION ( 'NONE',  ( 0.000000000000000000, 0.000000000000000000, 1.000000000000000000 ) ) ;
#800 = ORIENTED_EDGE ( 'NONE', *, *, #1082, .F. ) ;
#801 = ORIENTED_EDGE ( 'NONE', *, *, #154, .T. ) ;
#802 = CARTESIAN_POINT ( 'NONE',  ( -30.06354459828158099, 7.503275509930914744, -57.31578608161296984 ) ) ;
#803 = CYLINDRICAL_SURFACE ( 'NONE', #819, 2.250000000000001776 ) ;
#804 = EDGE_CURVE ( 'NONE', #1332, #2120, #134, .T. ) ;
#805 = CARTESIAN_POINT ( 'NONE',  ( 30.62499999999949196, 14.00530263075646964, 48.74405598179715327 ) ) ;
#806 = CARTESIAN_POINT ( 'NONE',  ( -58.59541031525555610, 10.92813553290476669, -3.389138061326633977 ) ) ;
#807 = ORIENTED_EDGE ( 'NONE', *, *, #2046, .F. ) ;
#808 = DIRECTION ( 'NONE',  ( -0.000000000000000000, 1.000000000000000000, -0.000000000000000000 ) ) ;
#809 = EDGE_LOOP ( 'NONE', ( #1128, #687 ) ) ;
#810 = CARTESIAN_POINT ( 'NONE',  ( -64.96385714285713675, 7.500000000000000000, 2.167317494611474160 ) ) ;
#811 = CARTESIAN_POINT ( 'NONE',  ( 62.64962464959876343, 7.833408205031444638, -4.070157510509686993 ) ) ;
#812 =( GEOMETRIC_REPRESENTATION_CONTEXT ( 3 ) GLOBAL_UNCERTAINTY_ASSIGNED_CONTEXT ( ( #770 ) ) GLOBAL_UNIT_ASSIGNED_CONTEXT ( ( #1243, #1902, #1913 ) ) REPRESENTATION_CONTEXT ( 'NONE', 'WORKASPACE' ) );
#813 = CARTESIAN_POINT ( 'NONE',  ( 30.62500000000025224, 8.673617379884035472E-16, -53.04405598179673120 ) ) ;
#814 = DIRECTION ( 'NONE',  ( 0.000000000000000000, 1.000000000000000000, 0.000000000000000000 ) ) ;
#815 = CARTESIAN_POINT ( 'NONE',  ( -60.94508802684205051, 8.593823689018146084, -4.291675698959831031 ) ) ;
#816 = VERTEX_POINT ( 'NONE', #1099 ) ;
#817 = CARTESIAN_POINT ( 'NONE',  ( -61.25000000000000000, 7.500000000000000000, 0.000000000000000000 ) ) ;
#818 = CIRCLE ( 'NONE', #1528, 2.250000000000001776 ) ;
#819 = AXIS2_PLACEMENT_3D ( 'NONE', #1480, #1325, #759 ) ;
#820 = ORIENTED_EDGE ( 'NONE', *, *, #542, .T. ) ;
#821 = CARTESIAN_POINT ( 'NONE',  ( -61.25000000000000000, 5.299999999999999822, 4.299999999999998046 ) ) ;
#822 = FACE_OUTER_BOUND ( 'NONE', #825, .T. ) ;
#823 = DIRECTION ( 'NONE',  ( 0.000000000000000000, 0.000000000000000000, 1.000000000000000000 ) ) ;
#824 = CARTESIAN_POINT ( 'NONE',  ( 27.33136589260821481, 8.056647272479676047, -55.81972509454777054 ) ) ;
#825 = EDGE_LOOP ( 'NONE', ( #1499, #1154, #362, #650, #833 ) ) ;
#826 = CARTESIAN_POINT ( 'NONE',  ( 30.62500000000024158, 14.00530263075619786, -48.74405598179673405 ) ) ;
#827 = ORIENTED_EDGE ( 'NONE', *, *, #1181, .F. ) ;
#828 = CARTESIAN_POINT ( 'NONE',  ( -34.75535533936254495, 7.519309958287756501, -54.26549953847171537 ) ) ;
#829 = CARTESIAN_POINT ( 'NONE',  ( -30.62500000000061817, 5.299999999999999822, 53.04405598179651093 ) ) ;
#830 = ORIENTED_EDGE ( 'NONE', *, *, #1556, .T. ) ;
#831 = CARTESIAN_POINT ( 'NONE',  ( 0.000000000000000000, 0.000000000000000000, 0.000000000000000000 ) ) ;
#832 = CARTESIAN_POINT ( 'NONE',  ( 30.33322641641836981, 7.499999999999779732, -57.34274391178977481 ) ) ;
#833 = ORIENTED_EDGE ( 'NONE', *, *, #1365, .F. ) ;
#834 = ORIENTED_EDGE ( 'NONE', *, *, #1709, .F. ) ;
#835 = PLANE ( 'NONE',  #853 ) ;
#836 = B_SPLINE_CURVE_WITH_KNOTS ( 'NONE', 3,
 ( #1087, #120, #290, #1456, #766, #437, #758, #1468, #1597, #1435, #1264, #130, #448, #2122, #597, #1102, #1615, #791, #1274, #87, #2133, #965, #625, #2111, #1310, #108, #1112, #802, #2102, #1781 ),
 .UNSPECIFIED., .F., .F.,
 ( 4, 2, 2, 2, 2, 2, 2, 2, 2, 2, 2, 2, 2, 2, 4 ),
 ( 0.0004557423341650919477, 0.001261692546059761666, 0.002067642757954431167, 0.003679543181743763665, 0.005291443605533096596, 0.006097393817427754388, 0.006903344029322411313, 0.007709294241217069972, 0.008515244453111726897, 0.009321194665006386423, 0.01012714487690104422, 0.01093309508879570201, 0.01173904530069036153, 0.01254499551258501759, 0.01335094572447967712 ),
 .UNSPECIFIED. ) ;
#837 = VERTEX_POINT ( 'NONE', #1433 ) ;
#838 = DIRECTION ( 'NONE',  ( 0.000000000000000000, 1.000000000000000000, 0.000000000000000000 ) ) ;
#839 = CARTESIAN_POINT ( 'NONE',  ( 30.49724488840351810, 14.66517796572018639, 48.74595423434385566 ) ) ;
#840 = CIRCLE ( 'NONE', #2145, 2.250000000000001776 ) ;
#841 = DIRECTION ( 'NONE',  ( -0.000000000000000000, 1.000000000000000000, -0.000000000000000000 ) ) ;
#842 = DIRECTION ( 'NONE',  ( -0.000000000000000000, 1.000000000000000000, -0.000000000000000000 ) ) ;
#843 = ORIENTED_EDGE ( 'NONE', *, *, #797, .T. ) ;
#844 = CARTESIAN_POINT ( 'NONE',  ( 0.000000000000000000, 22.00000000000000000, 0.000000000000000000 ) ) ;
#845 = CARTESIAN_POINT ( 'NONE',  ( 63.96889079718074100, 7.558196352449069622, -3.336785860731599662 ) ) ;
#846 = VECTOR ( 'NONE', #168, 1000.000000000000000 ) ;
#847 = VERTEX_POINT ( 'NONE', #1575 ) ;
#848 = AXIS2_PLACEMENT_3D ( 'NONE', #1496, #969, #1279 ) ;
#849 = DIRECTION ( 'NONE',  ( 0.000000000000000000, 0.000000000000000000, 1.000000000000000000 ) ) ;
#850 = ADVANCED_FACE ( 'NONE', ( #413 ), #253, .F. ) ;
#851 = AXIS2_PLACEMENT_3D ( 'NONE', #2066, #232, #1545 ) ;
#852 = EDGE_CURVE ( 'NONE', #1464, #60, #1604, .T. ) ;
#853 = AXIS2_PLACEMENT_3D ( 'NONE', #844, #1858, #160 ) ;
#854 = DIRECTION ( 'NONE',  ( 0.000000000000000000, 0.000000000000000000, 1.000000000000000000 ) ) ;
#855 = EDGE_CURVE ( 'NONE', #1551, #1712, #505, .T. ) ;
#856 = FACE_BOUND ( 'NONE', #1250, .T. ) ;
#857 = CARTESIAN_POINT ( 'NONE',  ( 30.62500000000025224, 7.500000000000000000, -53.04405598179673120 ) ) ;
#858 = ORIENTED_EDGE ( 'NONE', *, *, #1680, .F. ) ;
#859 = CARTESIAN_POINT ( 'NONE',  ( 0.000000000000000000, 0.000000000000000000, 0.000000000000000000 ) ) ;
#860 = CARTESIAN_POINT ( 'NONE',  ( -30.62499999999987921, 8.673617379884035472E-16, -53.04405598179693726 ) ) ;
#861 = ORIENTED_EDGE ( 'NONE', *, *, #696, .F. ) ;
#862 = CARTESIAN_POINT ( 'NONE',  ( 0.000000000000000000, 7.500000000000000000, 0.000000000000000000 ) ) ;
#863 = EDGE_CURVE ( 'NONE', #1845, #1176, #52, .T. ) ;
#864 = CARTESIAN_POINT ( 'NONE',  ( -61.24999999999727152, 8.420074251779709584, -4.299999999999998046 ) ) ;
#865 = CARTESIAN_POINT ( 'NONE',  ( -30.62499999999987921, 5.299999999999999822, -50.79405598179693726 ) ) ;
#866 = CARTESIAN_POINT ( 'NONE',  ( 26.62248650736217215, 12.44142506887978605, -51.46766592385458239 ) ) ;
#867 = ADVANCED_FACE ( 'NONE', ( #1407 ), #1065, .F. ) ;
#868 = B_SPLINE_CURVE_WITH_KNOTS ( 'NONE', 3,
 ( #1537, #832, #699, #1527, #2017, #1033, #1348, #158, #656, #1000, #824, #2169, #675, #686, #1340, #1380, #11, #2039, #1999, #1371, #491, #1184, #866, #166, #2028, #522, #1711, #1514, #2162, #360 ),
 .UNSPECIFIED., .F., .F.,
 ( 4, 2, 2, 2, 2, 2, 2, 2, 2, 2, 2, 2, 2, 2, 4 ),
 ( 0.01785781031931554449, 0.01866402693933062046, 0.01947024355934569295, 0.02027646017936076892, 0.02108267679937584488, 0.02188889341939092084, 0.02269511003940599334, 0.02350132665942106930, 0.02430754327943614526, 0.02591997651946631107, 0.02753240975949647340, 0.02833862637951155977, 0.02914484299952663920, 0.02995105961954172558, 0.03075727623955680501 ),
 .UNSPECIFIED. ) ;
#869 = CARTESIAN_POINT ( 'NONE',  ( -30.62499999999987921, 5.299999999999999822, -53.04405598179693726 ) ) ;
#870 = CARTESIAN_POINT ( 'NONE',  ( 30.62499999999950617, 8.673617379884035472E-16, 50.79405598179715753 ) ) ;
#871 = CARTESIAN_POINT ( 'NONE',  ( 63.17150906759538742, 7.696013113576841036, -3.851448413415882843 ) ) ;
#872 = ORIENTED_EDGE ( 'NONE', *, *, #241, .T. ) ;
#873 = DIRECTION ( 'NONE',  ( 0.000000000000000000, -1.000000000000000000, 0.000000000000000000 ) ) ;
#874 = CARTESIAN_POINT ( 'NONE',  ( -29.53573933737886392, 7.523259250844510859, 57.21253540993267706 ) ) ;
#875 = CARTESIAN_POINT ( 'NONE',  ( 30.62499999999950617, 7.500000000000000000, 53.04405598179715042 ) ) ;
#876 = CARTESIAN_POINT ( 'NONE',  ( 34.51216953774638796, 8.241315133741343502, 51.19233566273912572 ) ) ;
#877 = ADVANCED_FACE ( 'NONE', ( #240 ), #1583, .F. ) ;
#878 = LINE ( 'NONE', #2081, #1488 ) ;
#879 = AXIS2_PLACEMENT_3D ( 'NONE', #568, #1570, #2061 ) ;
#880 = CARTESIAN_POINT ( 'NONE',  ( 30.62499999999950617, 8.673617379884035472E-16, 53.04405598179715042 ) ) ;
#881 = DIRECTION ( 'NONE',  ( 0.000000000000000000, -1.000000000000000000, 0.000000000000000000 ) ) ;
#882 = EDGE_LOOP ( 'NONE', ( #1362, #1822, #1842, #742, #1108, #2139, #1395, #2045 ) ) ;
#883 = DIRECTION ( 'NONE',  ( 0.000000000000000000, 0.000000000000000000, 1.000000000000000000 ) ) ;
#884 = PRESENTATION_LAYER_ASSIGNMENT (  '', '', ( #337 ) ) ;
#885 = LINE ( 'NONE', #1400, #267 ) ;
#886 = DIRECTION ( 'NONE',  ( 0.000000000000000000, 0.000000000000000000, -1.000000000000000000 ) ) ;
#887 = VERTEX_POINT ( 'NONE', #1473 ) ;
#888 = EDGE_LOOP ( 'NONE', ( #926, #539 ) ) ;
#889 = FACE_OUTER_BOUND ( 'NONE', #366, .T. ) ;
#890 = CARTESIAN_POINT ( 'NONE',  ( -26.95115331501864020, 14.46411184643433323, 50.80892459665372485 ) ) ;
#891 = CARTESIAN_POINT ( 'NONE',  ( 34.48317690145287884, 7.499999999999777955, 54.95907027182558835 ) ) ;
#892 = CARTESIAN_POINT ( 'NONE',  ( -61.25000000000000000, 7.500000000000000000, -2.250000000000001776 ) ) ;
#893 = CARTESIAN_POINT ( 'NONE',  ( -30.62500000000061817, 22.00000000000000000, 53.04405598179651093 ) ) ;
#894 = VERTEX_POINT ( 'NONE', #1465 ) ;
#895 = ORIENTED_EDGE ( 'NONE', *, *, #1415, .F. ) ;
#896 = VERTEX_POINT ( 'NONE', #646 ) ;
#897 = VERTEX_POINT ( 'NONE', #149 ) ;
#898 = CARTESIAN_POINT ( 'NONE',  ( -57.46385714285708701, 22.00000000000000000, -2.038411701621066108 ) ) ;
#899 = CARTESIAN_POINT ( 'NONE',  ( -26.85601774984332479, 13.67196751411069400, 50.97188817307199571 ) ) ;
#900 = CARTESIAN_POINT ( 'NONE',  ( 34.30158139656071370, 8.472077055773999277, 50.80314001066844298 ) ) ;
#901 = CARTESIAN_POINT ( 'NONE',  ( 30.62499999999950617, 7.500000000000000000, 48.74405598179715327 ) ) ;
#902 = DIRECTION ( 'NONE',  ( 0.000000000000000000, 1.000000000000000000, 0.000000000000000000 ) ) ;
#903 = CIRCLE ( 'NONE', #1691, 2.250000000000001776 ) ;
#904 = CARTESIAN_POINT ( 'NONE',  ( 62.47211342603884532, 7.889233933460958248, 4.126639437369613361 ) ) ;
#905 = AXIS2_PLACEMENT_3D ( 'NONE', #622, #980, #1787 ) ;
#906 = AXIS2_PLACEMENT_3D ( 'NONE', #1872, #2049, #96 ) ;
#907 = EDGE_CURVE ( 'NONE', #202, #1678, #1585, .T. ) ;
#908 = AXIS2_PLACEMENT_3D ( 'NONE', #1816, #1671, #1634 ) ;
#909 = ORIENTED_EDGE ( 'NONE', *, *, #1574, .F. ) ;
#910 = CARTESIAN_POINT ( 'NONE',  ( 58.59553819426866994, 10.92811259774039812, 3.389153620983736737 ) ) ;
#911 = ORIENTED_EDGE ( 'NONE', *, *, #1365, .T. ) ;
#912 = DIRECTION ( 'NONE',  ( 0.000000000000000000, 1.000000000000000000, 0.000000000000000000 ) ) ;
#913 = DIRECTION ( 'NONE',  ( -0.000000000000000000, 1.000000000000000000, -0.000000000000000000 ) ) ;
#914 = ADVANCED_FACE ( 'NONE', ( #1630 ), #936, .F. ) ;
#915 = AXIS2_PLACEMENT_3D ( 'NONE', #1685, #1539, #1912 ) ;
#916 = ADVANCED_FACE ( 'NONE', ( #1333 ), #278, .F. ) ;
#917 = CIRCLE ( 'NONE', #2157, 4.300000000000005151 ) ;
#918 = DIRECTION ( 'NONE',  ( 0.000000000000000000, 0.000000000000000000, -1.000000000000000000 ) ) ;
#919 = AXIS2_PLACEMENT_3D ( 'NONE', #457, #1758, #258 ) ;
#920 = EDGE_CURVE ( 'NONE', #1431, #238, #286, .T. ) ;
#921 = CARTESIAN_POINT ( 'NONE',  ( -30.62500000000061817, 5.299999999999999822, 53.04405598179651093 ) ) ;
#922 = CARTESIAN_POINT ( 'NONE',  ( 64.11531391268695756, 7.542088106475875797, 3.212087709583295148 ) ) ;
#923 = ORIENTED_EDGE ( 'NONE', *, *, #1965, .F. ) ;
#924 = ORIENTED_EDGE ( 'NONE', *, *, #1633, .F. ) ;
#925 = CARTESIAN_POINT ( 'NONE',  ( 0.000000000000000000, 15.00000000000000000, 0.000000000000000000 ) ) ;
#926 = ORIENTED_EDGE ( 'NONE', *, *, #74, .T. ) ;
#927 = CARTESIAN_POINT ( 'NONE',  ( 59.84576567303447803, 9.413877602885470708, -4.072187936455361701 ) ) ;
#928 = ADVANCED_FACE ( 'NONE', ( #1655 ), #2143, .F. ) ;
#929 = PLANE ( 'NONE',  #260 ) ;
#930 = CARTESIAN_POINT ( 'NONE',  ( -33.93559685750775401, 8.870720628860365053, 50.29208854031111997 ) ) ;
#931 = CARTESIAN_POINT ( 'NONE',  ( -30.60497656302847602, 7.500000000000000000, -57.34400936084325195 ) ) ;
#932 = CARTESIAN_POINT ( 'NONE',  ( 26.96661225445270205, 15.00000000000000000, 50.78436593596499904 ) ) ;
#933 = CARTESIAN_POINT ( 'NONE',  ( -30.62499999999987921, 5.299999999999999822, -55.29405598179693015 ) ) ;
#934 = VERTEX_POINT ( 'NONE', #1959 ) ;
#935 = ORIENTED_EDGE ( 'NONE', *, *, #1819, .F. ) ;
#936 = CYLINDRICAL_SURFACE ( 'NONE', #2043, 4.300000000000005151 ) ;
#937 = ORIENTED_EDGE ( 'NONE', *, *, #101, .T. ) ;
#938 = CARTESIAN_POINT ( 'NONE',  ( 0.000000000000000000, 22.00000000000000000, 0.000000000000000000 ) ) ;
#939 = CARTESIAN_POINT ( 'NONE',  ( 26.96661225445269494, 22.00000000000000000, 50.78436593596492798 ) ) ;
#940 = CARTESIAN_POINT ( 'NONE',  ( -30.74773760071160567, 13.51732210028828440, 48.74405598179652088 ) ) ;
#941 = DIRECTION ( 'NONE',  ( -0.000000000000000000, 1.000000000000000000, -0.000000000000000000 ) ) ;
#942 = CARTESIAN_POINT ( 'NONE',  ( -57.64034735065894210, 13.30052872481875070, 2.341239713029335867 ) ) ;
#943 = DIRECTION ( 'NONE',  ( 0.000000000000000000, 0.000000000000000000, 1.000000000000000000 ) ) ;
#944 = EDGE_CURVE ( 'NONE', #202, #526, #1814, .T. ) ;
#945 = ORIENTED_EDGE ( 'NONE', *, *, #1915, .T. ) ;
#946 = PRODUCT_DEFINITION_SHAPE ( 'NONE', 'NONE',  #1212 ) ;
#947 = DIRECTION ( 'NONE',  ( 0.000000000000000000, 0.000000000000000000, 1.000000000000000000 ) ) ;
#948 = CIRCLE ( 'NONE', #1522, 2.249999999999995115 ) ;
#949 = AXIS2_PLACEMENT_3D ( 'NONE', #688, #1382, #192 ) ;
#950 = VERTEX_POINT ( 'NONE', #1307 ) ;
#951 = CARTESIAN_POINT ( 'NONE',  ( -63.50202726126104125, 7.628543155120765640, 3.667987594539823260 ) ) ;
#952 = CARTESIAN_POINT ( 'NONE',  ( 0.000000000000000000, 15.00000000000000000, 0.000000000000000000 ) ) ;
#953 = CIRCLE ( 'NONE', #879, 2.250000000000001776 ) ;
#954 = VECTOR ( 'NONE', #2047, 1000.000000000000000 ) ;
#955 = CARTESIAN_POINT ( 'NONE',  ( 0.000000000000000000, 15.00000000000000000, 0.000000000000000000 ) ) ;
#956 = EDGE_CURVE ( 'NONE', #62, #972, #144, .T. ) ;
#957 = CARTESIAN_POINT ( 'NONE',  ( 26.96661225445340548, 22.00000000000000000, -50.78436593596455140 ) ) ;
#958 = EDGE_LOOP ( 'NONE', ( #1072, #344 ) ) ;
#959 = CARTESIAN_POINT ( 'NONE',  ( -59.84663456557420602, 9.413119391149141535, 4.072460738797028412 ) ) ;
#960 = EDGE_LOOP ( 'NONE', ( #397, #657, #1249, #1970 ) ) ;
#961 = CIRCLE ( 'NONE', #2018, 2.250000000000001776 ) ;
#962 = CARTESIAN_POINT ( 'NONE',  ( 8.725608443924890350E-15, 7.500000000000000000, 71.25000000000000000 ) ) ;
#963 = ORIENTED_EDGE ( 'NONE', *, *, #1709, .T. ) ;
#964 = CARTESIAN_POINT ( 'NONE',  ( -61.24999999999992895, 8.420074251778261853, 4.299999999999998046 ) ) ;
#965 = CARTESIAN_POINT ( 'NONE',  ( -27.87474891669191024, 7.802625216624392124, -56.35945567610183815 ) ) ;
#966 = EDGE_CURVE ( 'NONE', #1794, #816, #1119, .T. ) ;
#967 = FACE_BOUND ( 'NONE', #453, .T. ) ;
#968 = FACE_BOUND ( 'NONE', #1022, .T. ) ;
#969 = DIRECTION ( 'NONE',  ( 0.000000000000000000, -1.000000000000000000, 0.000000000000000000 ) ) ;
#970 = ORIENTED_EDGE ( 'NONE', *, *, #1963, .F. ) ;
#971 = CARTESIAN_POINT ( 'NONE',  ( -30.62499999999987921, 7.500000000000000000, -53.04405598179693726 ) ) ;
#972 = VERTEX_POINT ( 'NONE', #493 ) ;
#973 = DIRECTION ( 'NONE',  ( 0.000000000000000000, -1.000000000000000000, 0.000000000000000000 ) ) ;
#974 = CARTESIAN_POINT ( 'NONE',  ( 62.99847293177775498, 7.737029632872270746, -3.932934493093357631 ) ) ;
#975 = EDGE_CURVE ( 'NONE', #1485, #745, #1486, .T. ) ;
#976 = CARTESIAN_POINT ( 'NONE',  ( 57.46385714285708701, 14.75000000000000000, 2.038411701621066552 ) ) ;
#977 = DIRECTION ( 'NONE',  ( 0.000000000000000000, 1.000000000000000000, 0.000000000000000000 ) ) ;
#978 = CARTESIAN_POINT ( 'NONE',  ( -61.24999999999727152, 8.420074251779709584, -4.299999999999998046 ) ) ;
#979 = ORIENTED_EDGE ( 'NONE', *, *, #17, .T. ) ;
#980 = DIRECTION ( 'NONE',  ( 0.000000000000000000, -1.000000000000000000, 0.000000000000000000 ) ) ;
#981 = EDGE_CURVE ( 'NONE', #1590, #1270, #1969, .T. ) ;
#982 = AXIS2_PLACEMENT_3D ( 'NONE', #1741, #61, #1413 ) ;
#983 = AXIS2_PLACEMENT_3D ( 'NONE', #280, #371, #209 ) ;
#984 = ORIENTED_EDGE ( 'NONE', *, *, #2092, .T. ) ;
#985 = DIRECTION ( 'NONE',  ( -0.000000000000000000, 1.000000000000000000, -0.000000000000000000 ) ) ;
#986 = AXIS2_PLACEMENT_3D ( 'NONE', #2054, #551, #1337 ) ;
#987 = AXIS2_PLACEMENT_3D ( 'NONE', #773, #1453, #1801 ) ;
#988 = CIRCLE ( 'NONE', #38, 65.00000000000000000 ) ;
#989 = DIRECTION ( 'NONE',  ( -0.000000000000000000, 1.000000000000000000, -0.000000000000000000 ) ) ;
#990 = DIRECTION ( 'NONE',  ( -0.000000000000000000, 1.000000000000000000, -0.000000000000000000 ) ) ;
#991 = DIRECTION ( 'NONE',  ( -0.000000000000000000, 1.000000000000000000, -0.000000000000000000 ) ) ;
#992 = ORIENTED_EDGE ( 'NONE', *, *, #1190, .F. ) ;
#993 = CARTESIAN_POINT ( 'NONE',  ( 34.82049486932892535, 7.533467362634618247, -54.01868466066886754 ) ) ;
#994 = AXIS2_PLACEMENT_3D ( 'NONE', #441, #1106, #769 ) ;
#995 = CIRCLE ( 'NONE', #370, 71.25000000000000000 ) ;
#996 = ORIENTED_EDGE ( 'NONE', *, *, #379, .F. ) ;
#997 = CARTESIAN_POINT ( 'NONE',  ( -63.96872121244003040, 7.558213078468851265, 3.336937049969942670 ) ) ;
#998 = DIRECTION ( 'NONE',  ( 0.000000000000000000, 0.000000000000000000, 1.000000000000000000 ) ) ;
#999 = LINE ( 'NONE', #685, #1319 ) ;
#1000 = CARTESIAN_POINT ( 'NONE',  ( 27.50010622705905661, 7.961967154180965345, -56.00909151115133966 ) ) ;
#1001 = ORIENTED_EDGE ( 'NONE', *, *, #863, .F. ) ;
#1002 = CARTESIAN_POINT ( 'NONE',  ( 34.58773464500833228, 7.502797802578793807, -54.73186477486417090 ) ) ;
#1003 = ORIENTED_EDGE ( 'NONE', *, *, #1286, .F. ) ;
#1004 = EDGE_LOOP ( 'NONE', ( #909, #1653, #1295, #1928 ) ) ;
#1005 = CARTESIAN_POINT ( 'NONE',  ( -30.62500000000061817, 7.500000000000000000, 53.04405598179651093 ) ) ;
#1006 = CARTESIAN_POINT ( 'NONE',  ( 30.62500000000025224, 5.299999999999999822, -48.74405598179673405 ) ) ;
#1007 = PLANE ( 'NONE',  #1793 ) ;
#1008 = CYLINDRICAL_SURFACE ( 'NONE', #1138, 4.299999999999998046 ) ;
#1009 = ORIENTED_EDGE ( 'NONE', *, *, #966, .T. ) ;
#1010 = CARTESIAN_POINT ( 'NONE',  ( -30.62499999999987921, 8.673617379884035472E-16, -55.29405598179693015 ) ) ;
#1011 = CARTESIAN_POINT ( 'NONE',  ( 26.96661225445348009, 14.75000000000000000, -50.78436593596452298 ) ) ;
#1012 = EDGE_CURVE ( 'NONE', #148, #248, #639, .T. ) ;
#1013 = VERTEX_POINT ( 'NONE', #2152 ) ;
#1014 = CYLINDRICAL_SURFACE ( 'NONE', #1136, 2.250000000000001776 ) ;
#1015 = ADVANCED_FACE ( 'NONE', ( #1612 ), #1943, .F. ) ;
#1016 = CARTESIAN_POINT ( 'NONE',  ( 30.49724488840347192, 22.00000000000000000, 48.74595423434382013 ) ) ;
#1017 = AXIS2_PLACEMENT_3D ( 'NONE', #1673, #841, #1526 ) ;
#1018 = CYLINDRICAL_SURFACE ( 'NONE', #605, 48.50000000000000000 ) ;
#1019 = EDGE_CURVE ( 'NONE', #1724, #1748, #1498, .T. ) ;
#1020 = CARTESIAN_POINT ( 'NONE',  ( 30.62499999999950617, 7.500000000000000000, 53.04405598179715042 ) ) ;
#1021 = CIRCLE ( 'NONE', #1591, 57.50000000000000000 ) ;
#1022 = EDGE_LOOP ( 'NONE', ( #301, #94 ) ) ;
#1023 = ORIENTED_EDGE ( 'NONE', *, *, #1481, .F. ) ;
#1024 = CARTESIAN_POINT ( 'NONE',  ( 34.48359601783607076, 7.499999999999997335, -54.95833647074243800 ) ) ;
#1025 = CARTESIAN_POINT ( 'NONE',  ( 30.49724488840418246, 14.66534638303812521, -48.74595423434344355 ) ) ;
#1026 = AXIS2_PLACEMENT_3D ( 'NONE', #1843, #345, #1196 ) ;
#1027 = ORIENTED_EDGE ( 'NONE', *, *, #698, .F. ) ;
#1028 = AXIS2_PLACEMENT_3D ( 'NONE', #1901, #2094, #394 ) ;
#1029 = DIRECTION ( 'NONE',  ( 0.000000000000000000, 0.000000000000000000, 1.000000000000000000 ) ) ;
#1030 = CARTESIAN_POINT ( 'NONE',  ( -61.59020862572866406, 8.234435626914759609, -4.300000000000217426 ) ) ;
#1031 = ADVANCED_FACE ( 'NONE', ( #786 ), #2164, .T. ) ;
#1032 = CARTESIAN_POINT ( 'NONE',  ( 0.000000000000000000, 22.00000000000000000, 0.000000000000000000 ) ) ;
#1033 = CARTESIAN_POINT ( 'NONE',  ( 28.77263906859232634, 7.595246539254588924, -56.93393028735345496 ) ) ;
#1034 = EDGE_LOOP ( 'NONE', ( #374, #1354 ) ) ;
#1035 = DIRECTION ( 'NONE',  ( 0.000000000000000000, 0.000000000000000000, 1.000000000000000000 ) ) ;
#1036 = CARTESIAN_POINT ( 'NONE',  ( 61.25000000000000000, 7.500000000000000000, 0.000000000000000000 ) ) ;
#1037 = ORIENTED_EDGE ( 'NONE', *, *, #121, .T. ) ;
#1038 = DIRECTION ( 'NONE',  ( 0.000000000000000000, 0.000000000000000000, 1.000000000000000000 ) ) ;
#1039 = VERTEX_POINT ( 'NONE', #614 ) ;
#1040 = EDGE_LOOP ( 'NONE', ( #1613, #455, #2077, #1046, #1045 ) ) ;
#1041 = CARTESIAN_POINT ( 'NONE',  ( -26.31152894608974790, 10.25584315298285176, 52.99736259426879315 ) ) ;
#1042 = EDGE_CURVE ( 'NONE', #1920, #894, #255, .T. ) ;
#1043 = CARTESIAN_POINT ( 'NONE',  ( 0.000000000000000000, 7.500000000000000000, 0.000000000000000000 ) ) ;
#1044 = CARTESIAN_POINT ( 'NONE',  ( 34.18465768894280643, 8.598624679900371603, 50.62273113915975387 ) ) ;
#1045 = ORIENTED_EDGE ( 'NONE', *, *, #154, .F. ) ;
#1046 = ORIENTED_EDGE ( 'NONE', *, *, #1734, .F. ) ;
#1047 = CARTESIAN_POINT ( 'NONE',  ( -57.46385714285708701, 14.75000000000000000, -2.038411701621066552 ) ) ;
#1048 = VERTEX_POINT ( 'NONE', #870 ) ;
#1049 = CARTESIAN_POINT ( 'NONE',  ( 30.62500000000025224, 7.500000000000000000, -53.04405598179673120 ) ) ;
#1050 = ORIENTED_EDGE ( 'NONE', *, *, #1115, .T. ) ;
#1051 = DIRECTION ( 'NONE',  ( 0.000000000000000000, 0.000000000000000000, -1.000000000000000000 ) ) ;
#1052 = CARTESIAN_POINT ( 'NONE',  ( -26.89576207971824218, 13.93432779222792561, 50.90262041014570116 ) ) ;
#1053 = AXIS2_PLACEMENT_3D ( 'NONE', #206, #541, #1029 ) ;
#1054 = B_SPLINE_CURVE_WITH_KNOTS ( 'NONE', 3,
 ( #2080, #576, #740, #1089, #710, #749, #1923, #245, #262, #210, #416, #1578, #1720, #2090, #2067, #55, #1409, #1547, #1056, #567, #1238, #1076, #1391, #1229, #1426, #1219, #382, #588, #1751, #1761 ),
 .UNSPECIFIED., .F., .F.,
 ( 4, 2, 2, 2, 2, 2, 2, 2, 2, 2, 2, 2, 2, 2, 4 ),
 ( 0.0004557423341650886409, 0.001261692546059744319, 0.002067642757954399942, 0.003679543181743711189, 0.005291443605533021136, 0.006097393817427683264, 0.006903344029322346261, 0.007709294241217009257, 0.008515244453111671386, 0.009321194665006334382, 0.01012714487690099564, 0.01093309508879565864, 0.01173904530069032164, 0.01254499551258498463, 0.01335094572447964936 ),
 .UNSPECIFIED. ) ;
#1055 = AXIS2_PLACEMENT_3D ( 'NONE', #1171, #157, #1839 ) ;
#1056 = CARTESIAN_POINT ( 'NONE',  ( 27.03394792549214287, 8.277329614797713120, 55.42235884907359633 ) ) ;
#1057 = AXIS2_PLACEMENT_3D ( 'NONE', #1405, #1927, #395 ) ;
#1058 = CIRCLE ( 'NONE', #673, 2.249999999999995115 ) ;
#1059 = DIRECTION ( 'NONE',  ( 0.000000000000000000, -0.000000000000000000, -1.000000000000000000 ) ) ;
#1060 = CIRCLE ( 'NONE', #293, 48.50000000000000000 ) ;
#1061 = DIRECTION ( 'NONE',  ( 0.000000000000000000, 0.000000000000000000, 1.000000000000000000 ) ) ;
#1062 = AXIS2_PLACEMENT_3D ( 'NONE', #764, #401, #1109 ) ;
#1063 = CARTESIAN_POINT ( 'NONE',  ( 63.96744728062770946, 7.558368512460754474, 3.337968515063902242 ) ) ;
#1064 = ORIENTED_EDGE ( 'NONE', *, *, #574, .F. ) ;
#1065 = PLANE ( 'NONE',  #982 ) ;
#1066 = MECHANICAL_DESIGN_GEOMETRIC_PRESENTATION_REPRESENTATION (  '', ( #337 ), #1595 ) ;
#1067 = CARTESIAN_POINT ( 'NONE',  ( -28.77263906859274556, 7.595246539254586260, 56.93393028735326311 ) ) ;
#1068 = VECTOR ( 'NONE', #842, 1000.000000000000000 ) ;
#1069 = CARTESIAN_POINT ( 'NONE',  ( 34.90473888656820378, 7.578187384338758825, 53.52979885144544170 ) ) ;
#1070 = DIRECTION ( 'NONE',  ( 0.000000000000000000, 1.000000000000000000, 0.000000000000000000 ) ) ;
#1071 = FILL_AREA_STYLE_COLOUR ( '', #1950 ) ;
#1072 = ORIENTED_EDGE ( 'NONE', *, *, #1637, .F. ) ;
#1073 = DIRECTION ( 'NONE',  ( 0.000000000000000000, 0.000000000000000000, 1.000000000000000000 ) ) ;
#1074 = ORIENTED_EDGE ( 'NONE', *, *, #241, .F. ) ;
#1075 = CARTESIAN_POINT ( 'NONE',  ( 30.62500000000025224, 7.500000000000000000, -57.34405598179673547 ) ) ;
#1076 = CARTESIAN_POINT ( 'NONE',  ( 27.87474891669149457, 7.802625216624398341, 56.35945567610202289 ) ) ;
#1077 = EDGE_CURVE ( 'NONE', #745, #60, #398, .T. ) ;
#1078 = VERTEX_POINT ( 'NONE', #1698 ) ;
#1079 = DIRECTION ( 'NONE',  ( 0.000000000000000000, 0.000000000000000000, 1.000000000000000000 ) ) ;
#1080 = CARTESIAN_POINT ( 'NONE',  ( 61.25000000000000711, 8.420074251778220997, 4.299999999999995381 ) ) ;
#1081 = ORIENTED_EDGE ( 'NONE', *, *, #1330, .T. ) ;
#1082 = EDGE_CURVE ( 'NONE', #1048, #1078, #1058, .T. ) ;
#1083 = CARTESIAN_POINT ( 'NONE',  ( 57.88711211402368662, 12.36072280259312350, 2.695270044494323614 ) ) ;
#1084 = EDGE_CURVE ( 'NONE', #148, #1440, #1909, .T. ) ;
#1085 = CARTESIAN_POINT ( 'NONE',  ( 57.80456363125789920, 12.67534767543083341, -2.576800923146795430 ) ) ;
#1086 = ORIENTED_EDGE ( 'NONE', *, *, #583, .F. ) ;
#1087 = CARTESIAN_POINT ( 'NONE',  ( -26.96661225445305377, 15.00000000000000000, -50.78436593596480719 ) ) ;
#1088 = EDGE_CURVE ( 'NONE', #690, #1675, #678, .T. ) ;
#1089 = CARTESIAN_POINT ( 'NONE',  ( 26.89554471004112557, 13.93260503756084212, 50.90299436244853126 ) ) ;
#1090 = ORIENTED_EDGE ( 'NONE', *, *, #171, .T. ) ;
#1091 = CARTESIAN_POINT ( 'NONE',  ( -30.62500000000061817, 5.299999999999999822, 53.04405598179651093 ) ) ;
#1092 = CARTESIAN_POINT ( 'NONE',  ( 63.50048831194486354, 7.628803657206687738, 3.668979179746647112 ) ) ;
#1093 = AXIS2_PLACEMENT_3D ( 'NONE', #1347, #1360, #2016 ) ;
#1094 = ORIENTED_EDGE ( 'NONE', *, *, #1181, .T. ) ;
#1095 = ADVANCED_FACE ( 'NONE', ( #667 ), #835, .F. ) ;
#1096 = EDGE_LOOP ( 'NONE', ( #1619, #135 ) ) ;
#1097 = AXIS2_PLACEMENT_3D ( 'NONE', #1043, #495, #477 ) ;
#1098 = ORIENTED_EDGE ( 'NONE', *, *, #199, .T. ) ;
#1099 = CARTESIAN_POINT ( 'NONE',  ( 61.25000000000000000, 5.299999999999999822, 2.250000000000001776 ) ) ;
#1100 = ORIENTED_EDGE ( 'NONE', *, *, #1150, .T. ) ;
#1101 = CARTESIAN_POINT ( 'NONE',  ( 61.24999999999992184, 8.420074251778263630, -4.299999999999995381 ) ) ;
#1102 = CARTESIAN_POINT ( 'NONE',  ( -26.60857321660909136, 8.825250760895062996, -54.59529025603235652 ) ) ;
#1103 = CARTESIAN_POINT ( 'NONE',  ( -34.48359601783643313, 7.499999999999995559, 54.95833647074217509 ) ) ;
#1104 = VECTOR ( 'NONE', #156, 1000.000000000000000 ) ;
#1105 = CARTESIAN_POINT ( 'NONE',  ( 5.939536975864663363E-15, 24.99999999999999645, 48.50000000000000000 ) ) ;
#1106 = DIRECTION ( 'NONE',  ( -0.000000000000000000, 1.000000000000000000, -0.000000000000000000 ) ) ;
#1107 = FACE_OUTER_BOUND ( 'NONE', #277, .T. ) ;
#1108 = ORIENTED_EDGE ( 'NONE', *, *, #2096, .T. ) ;
#1109 = DIRECTION ( 'NONE',  ( 0.000000000000000000, 0.000000000000000000, 1.000000000000000000 ) ) ;
#1110 = VERTEX_POINT ( 'NONE', #714 ) ;
#1111 = CARTESIAN_POINT ( 'NONE',  ( 57.90608597131911495, 12.36862644219315577, -2.709453785819646576 ) ) ;
#1112 = CARTESIAN_POINT ( 'NONE',  ( -29.53357487130699965, 7.523373285485631889, -57.21199328965685282 ) ) ;
#1113 = EDGE_CURVE ( 'NONE', #429, #1466, #741, .T. ) ;
#1114 = DIRECTION ( 'NONE',  ( -0.000000000000000000, 1.000000000000000000, -0.000000000000000000 ) ) ;
#1115 = EDGE_CURVE ( 'NONE', #1675, #1894, #1143, .T. ) ;
#1116 = CARTESIAN_POINT ( 'NONE',  ( 0.000000000000000000, 24.99999999999999645, -48.50000000000000000 ) ) ;
#1117 = CARTESIAN_POINT ( 'NONE',  ( -60.65377317125259538, 8.781672169439760367, -4.260981716118861229 ) ) ;
#1118 = VERTEX_POINT ( 'NONE', #1363 ) ;
#1119 = LINE ( 'NONE', #1343, #1654 ) ;
#1120 = ORIENTED_EDGE ( 'NONE', *, *, #1705, .T. ) ;
#1121 = EDGE_CURVE ( 'NONE', #788, #1185, #1248, .T. ) ;
#1122 = CARTESIAN_POINT ( 'NONE',  ( -26.96661225445305377, 15.00000000000000000, -50.78436593596480719 ) ) ;
#1123 = DIRECTION ( 'NONE',  ( 0.000000000000000000, 1.000000000000000000, 0.000000000000000000 ) ) ;
#1124 = DIRECTION ( 'NONE',  ( -0.000000000000000000, 1.000000000000000000, -0.000000000000000000 ) ) ;
#1125 = DIRECTION ( 'NONE',  ( 0.000000000000000000, 0.000000000000000000, -1.000000000000000000 ) ) ;
#1126 = CARTESIAN_POINT ( 'NONE',  ( -61.25000000000000000, 7.500000000000000000, 0.000000000000000000 ) ) ;
#1127 = ORIENTED_EDGE ( 'NONE', *, *, #1885, .T. ) ;
#1128 = ORIENTED_EDGE ( 'NONE', *, *, #251, .T. ) ;
#1129 = DIRECTION ( 'NONE',  ( -0.000000000000000000, 1.000000000000000000, -0.000000000000000000 ) ) ;
#1130 = CIRCLE ( 'NONE', #396, 71.25000000000000000 ) ;
#1131 = AXIS2_PLACEMENT_3D ( 'NONE', #2132, #635, #1336 ) ;
#1132 = ORIENTED_EDGE ( 'NONE', *, *, #1868, .T. ) ;
#1133 = DIRECTION ( 'NONE',  ( 0.000000000000000000, 0.000000000000000000, 1.000000000000000000 ) ) ;
#1134 = DIRECTION ( 'NONE',  ( 0.000000000000000000, -0.000000000000000000, 1.000000000000000000 ) ) ;
#1135 = AXIS2_PLACEMENT_3D ( 'NONE', #628, #794, #1125 ) ;
#1136 = AXIS2_PLACEMENT_3D ( 'NONE', #519, #1853, #1225 ) ;
#1137 = CARTESIAN_POINT ( 'NONE',  ( -34.58773464500869466, 7.502797802578793807, 54.73186477486392931 ) ) ;
#1138 = AXIS2_PLACEMENT_3D ( 'NONE', #1020, #1503, #332 ) ;
#1139 = FACE_BOUND ( 'NONE', #400, .T. ) ;
#1140 = DIRECTION ( 'NONE',  ( -0.000000000000000000, 1.000000000000000000, -0.000000000000000000 ) ) ;
#1141 = AXIS2_PLACEMENT_3D ( 'NONE', #1312, #1114, #292 ) ;
#1142 = ORIENTED_EDGE ( 'NONE', *, *, #2037, .T. ) ;
#1143 = CIRCLE ( 'NONE', #403, 4.299999999999996270 ) ;
#1144 = DIRECTION ( 'NONE',  ( 0.000000000000000000, 0.000000000000000000, 1.000000000000000000 ) ) ;
#1145 = EDGE_LOOP ( 'NONE', ( #970, #979, #1090, #1234 ) ) ;
#1146 = PLANE ( 'NONE',  #908 ) ;
#1147 = FACE_OUTER_BOUND ( 'NONE', #716, .T. ) ;
#1148 = CARTESIAN_POINT ( 'NONE',  ( -28.37500000000061462, 5.299999999999999822, 53.04405598179651093 ) ) ;
#1149 = CARTESIAN_POINT ( 'NONE',  ( 57.46385714285709412, 22.00000000000000000, -2.038411701621141159 ) ) ;
#1150 = EDGE_CURVE ( 'NONE', #184, #308, #517, .T. ) ;
#1151 = DIRECTION ( 'NONE',  ( 0.000000000000000000, 0.000000000000000000, 1.000000000000000000 ) ) ;
#1152 = ORIENTED_EDGE ( 'NONE', *, *, #171, .F. ) ;
#1153 = ADVANCED_FACE ( 'NONE', ( #1186 ), #151, .F. ) ;
#1154 = ORIENTED_EDGE ( 'NONE', *, *, #981, .T. ) ;
#1155 = DIRECTION ( 'NONE',  ( -0.000000000000000000, 1.000000000000000000, -0.000000000000000000 ) ) ;
#1156 = CYLINDRICAL_SURFACE ( 'NONE', #672, 4.299999999999998046 ) ;
#1157 = CARTESIAN_POINT ( 'NONE',  ( 30.62499999999950617, 5.299999999999999822, 53.04405598179715042 ) ) ;
#1158 = B_SPLINE_CURVE_WITH_KNOTS ( 'NONE', 3,
 ( #2160, #1511, #839, #654 ),
 .UNSPECIFIED., .F., .F.,
 ( 4, 4 ),
 ( 0.02975398282634618419, 0.03075727623955671827 ),
 .UNSPECIFIED. ) ;
#1159 = LINE ( 'NONE', #165, #110 ) ;
#1160 = CARTESIAN_POINT ( 'NONE',  ( 0.000000000000000000, 22.00000000000000000, -55.25000000000000711 ) ) ;
#1161 = VERTEX_POINT ( 'NONE', #1010 ) ;
#1162 = CARTESIAN_POINT ( 'NONE',  ( 6.766173565289127980E-15, 22.00000000000000000, 55.25000000000000711 ) ) ;
#1163 = EDGE_CURVE ( 'NONE', #788, #1643, #1404, .T. ) ;
#1164 = VERTEX_POINT ( 'NONE', #1722 ) ;
#1165 = CARTESIAN_POINT ( 'NONE',  ( 61.25000000000000000, 7.500000000000000000, -4.299999999999998046 ) ) ;
#1166 = VECTOR ( 'NONE', #2095, 1000.000000000000000 ) ;
#1167 = AXIS2_PLACEMENT_3D ( 'NONE', #465, #973, #325 ) ;
#1168 = MANIFOLD_SOLID_BREP ( 'Boss-Extrude5', #747 ) ;
#1169 = AXIS2_PLACEMENT_3D ( 'NONE', #869, #1267, #1410 ) ;
#1170 = DIRECTION ( 'NONE',  ( 0.000000000000000000, 0.000000000000000000, 1.000000000000000000 ) ) ;
#1171 = CARTESIAN_POINT ( 'NONE',  ( 63.50000000000000000, 5.299999999999999822, 0.000000000000000000 ) ) ;
#1172 = FACE_OUTER_BOUND ( 'NONE', #150, .T. ) ;
#1173 = ORIENTED_EDGE ( 'NONE', *, *, #1416, .T. ) ;
#1174 = CARTESIAN_POINT ( 'NONE',  ( 34.35888057982883481, 7.500000000000000000, -55.17669186623153621 ) ) ;
#1175 = AXIS2_PLACEMENT_3D ( 'NONE', #880, #1926, #1562 ) ;
#1176 = VERTEX_POINT ( 'NONE', #1411 ) ;
#1177 = ORIENTED_EDGE ( 'NONE', *, *, #574, .T. ) ;
#1178 = CARTESIAN_POINT ( 'NONE',  ( -34.51216953774675744, 8.241315133741332843, -51.19233566273892677 ) ) ;
#1179 = CARTESIAN_POINT ( 'NONE',  ( 30.62499999999950617, 5.299999999999999822, 48.74405598179715327 ) ) ;
#1180 = B_SPLINE_CURVE_WITH_KNOTS ( 'NONE', 3,
 ( #1101, #1771, #1939, #107, #1205, #1288, #927, #1442, #1455, #1390, #1605, #596, #709, #1111, #1085, #1228, #424, #531, #43, #1757 ),
 .UNSPECIFIED., .F., .F.,
 ( 4, 2, 2, 2, 2, 2, 2, 2, 2, 4 ),
 ( 0.004681159814141781610, 0.005202022839588550315, 0.005722885865035318154, 0.006764611915928874647, 0.007806337966822431140, 0.008848064017715987634, 0.009889790068609544127, 0.01093151611950310235, 0.01197324217039665885, 0.01301496822129021708 ),
 .UNSPECIFIED. ) ;
#1181 = EDGE_CURVE ( 'NONE', #238, #1110, #644, .T. ) ;
#1182 = CYLINDRICAL_SURFACE ( 'NONE', #1017, 2.250000000000001776 ) ;
#1183 = EDGE_CURVE ( 'NONE', #1474, #1039, #1770, .T. ) ;
#1184 = CARTESIAN_POINT ( 'NONE',  ( 26.57432564222253291, 12.20532546605513602, -51.59405361631297637 ) ) ;
#1185 = VERTEX_POINT ( 'NONE', #419 ) ;
#1186 = FACE_OUTER_BOUND ( 'NONE', #39, .T. ) ;
#1187 = EDGE_LOOP ( 'NONE', ( #552, #1331, #1009, #2085 ) ) ;
#1188 = B_SPLINE_CURVE_WITH_KNOTS ( 'NONE', 3,
 ( #1890, #1025, #703, #1700 ),
 .UNSPECIFIED., .F., .F.,
 ( 4, 4 ),
 ( 0.0004557423341650884241, 0.001457074842380172821 ),
 .UNSPECIFIED. ) ;
#1189 = CARTESIAN_POINT ( 'NONE',  ( -34.76028256002538086, 7.954513378009777647, -51.84256737132909620 ) ) ;
#1190 = EDGE_CURVE ( 'NONE', #1078, #1048, #153, .T. ) ;
#1191 = CARTESIAN_POINT ( 'NONE',  ( 61.25000000000000000, 7.500000000000000000, 0.000000000000000000 ) ) ;
#1192 = EDGE_LOOP ( 'NONE', ( #2000, #861 ) ) ;
#1193 = CARTESIAN_POINT ( 'NONE',  ( 61.25000000000000000, 5.299999999999999822, 4.299999999999998046 ) ) ;
#1194 = CARTESIAN_POINT ( 'NONE',  ( 30.62500000000025224, 5.299999999999999822, -53.04405598179673120 ) ) ;
#1195 = ORIENTED_EDGE ( 'NONE', *, *, #530, .F. ) ;
#1196 = DIRECTION ( 'NONE',  ( 0.000000000000000000, 0.000000000000000000, 1.000000000000000000 ) ) ;
#1197 = DIRECTION ( 'NONE',  ( -0.000000000000000000, -1.000000000000000000, -0.000000000000000000 ) ) ;
#1198 = ORIENTED_EDGE ( 'NONE', *, *, #1256, .F. ) ;
#1199 = EDGE_CURVE ( 'NONE', #1388, #1815, #1242, .T. ) ;
#1200 = CARTESIAN_POINT ( 'NONE',  ( -31.40052281624256025, 12.17627827490799497, -48.80828682338611202 ) ) ;
#1201 = VECTOR ( 'NONE', #2083, 1000.000000000000000 ) ;
#1202 = VERTEX_POINT ( 'NONE', #1438 ) ;
#1203 = CARTESIAN_POINT ( 'NONE',  ( -30.62500000000061817, 7.500000000000000000, 57.34405598179650809 ) ) ;
#1204 = AXIS2_PLACEMENT_3D ( 'NONE', #1780, #912, #2101 ) ;
#1205 = CARTESIAN_POINT ( 'NONE',  ( 60.51131733539408941, 8.881119720791962990, -4.238400029147492809 ) ) ;
#1206 = DIRECTION ( 'NONE',  ( -0.000000000000000000, 1.000000000000000000, -0.000000000000000000 ) ) ;
#1207 = ORIENTED_EDGE ( 'NONE', *, *, #1481, .T. ) ;
#1208 = CARTESIAN_POINT ( 'NONE',  ( 0.000000000000000000, 7.500000000000000000, 0.000000000000000000 ) ) ;
#1209 = PLANE ( 'NONE',  #2144 ) ;
#1210 = AXIS2_PLACEMENT_3D ( 'NONE', #214, #2082, #249 ) ;
#1211 = ORIENTED_EDGE ( 'NONE', *, *, #1708, .T. ) ;
#1212 = PRODUCT_DEFINITION ( 'UNKNOWN', '', #2044, #2100 ) ;
#1213 = AXIS2_PLACEMENT_3D ( 'NONE', #1148, #1964, #608 ) ;
#1214 = CYLINDRICAL_SURFACE ( 'NONE', #1053, 4.299999999999998046 ) ;
#1215 = AXIS2_PLACEMENT_3D ( 'NONE', #617, #1123, #425 ) ;
#1216 = CARTESIAN_POINT ( 'NONE',  ( -27.33136589260861271, 8.056647272479672495, 55.81972509454759290 ) ) ;
#1217 = ORIENTED_EDGE ( 'NONE', *, *, #1163, .F. ) ;
#1218 = DIRECTION ( 'NONE',  ( 0.000000000000000000, 0.000000000000000000, -1.000000000000000000 ) ) ;
#1219 = CARTESIAN_POINT ( 'NONE',  ( 29.26993572822211576, 7.540545103985224706, 57.13382048728984586 ) ) ;
#1220 = DIRECTION ( 'NONE',  ( -0.000000000000000000, -1.000000000000000000, -0.000000000000000000 ) ) ;
#1221 = CARTESIAN_POINT ( 'NONE',  ( -30.62500000000061817, 5.299999999999999822, 53.04405598179651093 ) ) ;
#1222 = CARTESIAN_POINT ( 'NONE',  ( 61.25000000000000000, 5.299999999999999822, -2.250000000000001776 ) ) ;
#1223 = EDGE_LOOP ( 'NONE', ( #1023, #1852, #700, #1983, #653, #2153 ) ) ;
#1224 = ORIENTED_EDGE ( 'NONE', *, *, #1266, .T. ) ;
#1225 = DIRECTION ( 'NONE',  ( 0.000000000000000000, 0.000000000000000000, 1.000000000000000000 ) ) ;
#1226 = ORIENTED_EDGE ( 'NONE', *, *, #475, .F. ) ;
#1227 = CARTESIAN_POINT ( 'NONE',  ( -26.60621662058548509, 8.829969287818258294, 54.58896766889036911 ) ) ;
#1228 = CARTESIAN_POINT ( 'NONE',  ( 57.63914197790114002, 13.30602098293118374, -2.339367246249565380 ) ) ;
#1229 = CARTESIAN_POINT ( 'NONE',  ( 28.53349390495096927, 7.633176768340196539, 56.81058654626591675 ) ) ;
#1230 = VERTEX_POINT ( 'NONE', #581 ) ;
#1231 = CARTESIAN_POINT ( 'NONE',  ( -30.49724488840386627, 15.00000000000000000, -48.74595423434364250 ) ) ;
#1232 = DIRECTION ( 'NONE',  ( 8.881784197001252323E-16, 0.000000000000000000, -1.000000000000000000 ) ) ;
#1233 = CARTESIAN_POINT ( 'NONE',  ( 64.53116867038322368, 7.506443025077144782, 2.806075060590712322 ) ) ;
#1234 = ORIENTED_EDGE ( 'NONE', *, *, #956, .F. ) ;
#1235 = CARTESIAN_POINT ( 'NONE',  ( 57.46385714285715096, 15.00000000000000000, 2.038411701621175798 ) ) ;
#1236 = CARTESIAN_POINT ( 'NONE',  ( -26.42161716216941869, 9.322189893141809236, 53.97251058276921754 ) ) ;
#1237 = CIRCLE ( 'NONE', #221, 2.250000000000001776 ) ;
#1238 = CARTESIAN_POINT ( 'NONE',  ( 27.50021597993798395, 7.961989306350066187, 56.00909914880195117 ) ) ;
#1239 = VECTOR ( 'NONE', #1532, 1000.000000000000000 ) ;
#1240 = CIRCLE ( 'NONE', #1131, 48.50000000000000000 ) ;
#1241 = LINE ( 'NONE', #760, #1282 ) ;
#1242 = LINE ( 'NONE', #409, #473 ) ;
#1243 =( LENGTH_UNIT ( ) NAMED_UNIT ( * ) SI_UNIT ( .MILLI., .METRE. ) );
#1244 = ORIENTED_EDGE ( 'NONE', *, *, #549, .F. ) ;
#1245 = VERTEX_POINT ( 'NONE', #1753 ) ;
#1246 = ORIENTED_EDGE ( 'NONE', *, *, #1334, .F. ) ;
#1247 = CARTESIAN_POINT ( 'NONE',  ( 57.63933036250089970, 13.30525637228693370, 2.339644984915606241 ) ) ;
#1248 = CIRCLE ( 'NONE', #1026, 57.49999999999995026 ) ;
#1249 = ORIENTED_EDGE ( 'NONE', *, *, #1199, .T. ) ;
#1250 = EDGE_LOOP ( 'NONE', ( #1132, #252 ) ) ;
#1251 = CARTESIAN_POINT ( 'NONE',  ( -26.69321925346694968, 8.677891714937594259, 54.80058109691810841 ) ) ;
#1252 = TOROIDAL_SURFACE ( 'NONE', #683, 65.00000000000000000, 7.500000000000000000 ) ;
#1253 = AXIS2_PLACEMENT_3D ( 'NONE', #1191, #143, #2167 ) ;
#1254 = CARTESIAN_POINT ( 'NONE',  ( 34.90287937639681815, 7.745818741292946008, 52.54619084950729047 ) ) ;
#1255 = ORIENTED_EDGE ( 'NONE', *, *, #1941, .F. ) ;
#1256 = EDGE_CURVE ( 'NONE', #847, #1590, #1951, .T. ) ;
#1257 = EDGE_CURVE ( 'NONE', #1202, #1755, #1747, .T. ) ;
#1258 = CARTESIAN_POINT ( 'NONE',  ( 5.939536975864663363E-15, 22.00000000000000000, 48.50000000000000000 ) ) ;
#1259 = CARTESIAN_POINT ( 'NONE',  ( 0.000000000000000000, 15.00000000000000000, 0.000000000000000000 ) ) ;
#1260 = LINE ( 'NONE', #2063, #1201 ) ;
#1261 = VERTEX_POINT ( 'NONE', #1889 ) ;
#1262 = CARTESIAN_POINT ( 'NONE',  ( 57.46385714285715096, 14.65328823193562791, 2.038411701621174021 ) ) ;
#1263 = EDGE_CURVE ( 'NONE', #690, #1332, #1396, .T. ) ;
#1264 = CARTESIAN_POINT ( 'NONE',  ( -26.32103272257091575, 10.25517333877235515, -53.01109959252327286 ) ) ;
#1265 = CARTESIAN_POINT ( 'NONE',  ( 33.38053154886870999, 9.494711501465147307, 49.73798939267530272 ) ) ;
#1266 = EDGE_CURVE ( 'NONE', #1697, #1176, #1424, .T. ) ;
#1267 = DIRECTION ( 'NONE',  ( -0.000000000000000000, 1.000000000000000000, -0.000000000000000000 ) ) ;
#1268 = DIRECTION ( 'NONE',  ( -0.000000000000000000, 1.000000000000000000, -0.000000000000000000 ) ) ;
#1269 = CYLINDRICAL_SURFACE ( 'NONE', #254, 57.50000000000000000 ) ;
#1270 = VERTEX_POINT ( 'NONE', #384 ) ;
#1271 = DIRECTION ( 'NONE',  ( -0.000000000000000000, 1.000000000000000000, -0.000000000000000000 ) ) ;
#1272 = EDGE_CURVE ( 'NONE', #184, #934, #1917, .T. ) ;
#1273 = FACE_OUTER_BOUND ( 'NONE', #1489, .T. ) ;
#1274 = CARTESIAN_POINT ( 'NONE',  ( -27.03394792549255143, 8.277329614797709567, -55.42235884907343291 ) ) ;
#1275 = CARTESIAN_POINT ( 'NONE',  ( -33.09509613990179133, 9.824661820608781682, 49.50779399087627297 ) ) ;
#1276 = B_SPLINE_CURVE_WITH_KNOTS ( 'NONE', 3,
 ( #1775, #1610, #460, #795, #611, #451, #959, #1640, #1294, #100, #1483, #1957, #643, #1989, #284, #942, #1328, #783, #307, #133 ),
 .UNSPECIFIED., .F., .F.,
 ( 4, 2, 2, 2, 2, 2, 2, 2, 2, 4 ),
 ( 0.004608139635618858573, 0.005128524198999234382, 0.005648908762379611058, 0.006689677889140363543, 0.007730447015901116027, 0.008771216142661870246, 0.009811985269422621864, 0.01085275439618337522, 0.01189352352294412857, 0.01293429264970488192 ),
 .UNSPECIFIED. ) ;
#1277 = CIRCLE ( 'NONE', #1589, 65.00000000000000000 ) ;
#1278 = DIRECTION ( 'NONE',  ( 0.000000000000000000, 0.000000000000000000, 1.000000000000000000 ) ) ;
#1279 = DIRECTION ( 'NONE',  ( 0.000000000000000000, -0.000000000000000000, -1.000000000000000000 ) ) ;
#1280 = CARTESIAN_POINT ( 'NONE',  ( 0.000000000000000000, 22.00000000000000000, 0.000000000000000000 ) ) ;
#1281 = CIRCLE ( 'NONE', #571, 4.299999999999998046 ) ;
#1282 = VECTOR ( 'NONE', #1977, 1000.000000000000000 ) ;
#1283 = CIRCLE ( 'NONE', #392, 65.00000000000000000 ) ;
#1284 = ORIENTED_EDGE ( 'NONE', *, *, #2033, .T. ) ;
#1285 = CARTESIAN_POINT ( 'NONE',  ( 61.25000000000000000, 5.299999999999999822, -4.299999999999998046 ) ) ;
#1286 = EDGE_CURVE ( 'NONE', #1245, #9, #720, .T. ) ;
#1287 = EDGE_CURVE ( 'NONE', #1298, #1755, #818, .T. ) ;
#1288 = CARTESIAN_POINT ( 'NONE',  ( 60.09921577898622758, 9.191698283630866939, -4.152642919987332704 ) ) ;
#1289 = FACE_BOUND ( 'NONE', #285, .T. ) ;
#1290 = CIRCLE ( 'NONE', #1458, 2.250000000000001776 ) ;
#1291 = CARTESIAN_POINT ( 'NONE',  ( -34.60704686035671784, 8.135680489270470162, 51.40486145839271614 ) ) ;
#1292 = AXIS2_PLACEMENT_3D ( 'NONE', #1940, #1962, #1974 ) ;
#1293 = CYLINDRICAL_SURFACE ( 'NONE', #41, 2.249999999999995115 ) ;
#1294 = CARTESIAN_POINT ( 'NONE',  ( -59.16024557010780427, 10.13807231909096096, 3.765096662868928856 ) ) ;
#1295 = ORIENTED_EDGE ( 'NONE', *, *, #1861, .F. ) ;
#1296 = ORIENTED_EDGE ( 'NONE', *, *, #1115, .F. ) ;
#1297 = CARTESIAN_POINT ( 'NONE',  ( -61.25000000000000000, 7.500000000000000000, 0.000000000000000000 ) ) ;
#1298 = VERTEX_POINT ( 'NONE', #57 ) ;
#1299 = ORIENTED_EDGE ( 'NONE', *, *, #234, .F. ) ;
#1300 = CARTESIAN_POINT ( 'NONE',  ( -34.92529027387687535, 7.608820149824744306, -53.28414932359865475 ) ) ;
#1301 = CARTESIAN_POINT ( 'NONE',  ( -26.96661225445377141, 15.00000000000000000, 50.78436593596442350 ) ) ;
#1302 = CARTESIAN_POINT ( 'NONE',  ( -34.92452075312561277, 7.692940652203568597, 52.78996491128157942 ) ) ;
#1303 = CARTESIAN_POINT ( 'NONE',  ( -30.62500000000060041, 14.00530263075619608, 48.74405598179651378 ) ) ;
#1304 = EDGE_CURVE ( 'NONE', #1920, #837, #1914, .T. ) ;
#1305 = DIRECTION ( 'NONE',  ( 0.000000000000000000, 0.000000000000000000, 1.000000000000000000 ) ) ;
#1306 = VERTEX_POINT ( 'NONE', #932 ) ;
#1307 = CARTESIAN_POINT ( 'NONE',  ( -30.62499999999988987, 14.00530263075635951, -48.74405598179694010 ) ) ;
#1308 = ORIENTED_EDGE ( 'NONE', *, *, #549, .T. ) ;
#1309 = FACE_OUTER_BOUND ( 'NONE', #1958, .T. ) ;
#1310 = CARTESIAN_POINT ( 'NONE',  ( -28.77075931510379192, 7.595512638163226526, -56.93303584462881872 ) ) ;
#1311 = ORIENTED_EDGE ( 'NONE', *, *, #1484, .T. ) ;
#1312 = CARTESIAN_POINT ( 'NONE',  ( 30.62499999999950617, 5.299999999999999822, 53.04405598179715042 ) ) ;
#1313 = CARTESIAN_POINT ( 'NONE',  ( -61.25000000000000000, 8.673617379884035472E-16, -2.250000000000001776 ) ) ;
#1314 = CARTESIAN_POINT ( 'NONE',  ( -59.37335327826397702, 9.890016452553716420, -3.877247532157583887 ) ) ;
#1315 = ORIENTED_EDGE ( 'NONE', *, *, #1941, .T. ) ;
#1316 = CIRCLE ( 'NONE', #361, 65.00000000000000000 ) ;
#1317 = AXIS2_PLACEMENT_3D ( 'NONE', #1297, #309, #799 ) ;
#1318 = CARTESIAN_POINT ( 'NONE',  ( 0.000000000000000000, 15.00000000000000000, 0.000000000000000000 ) ) ;
#1319 = VECTOR ( 'NONE', #341, 1000.000000000000000 ) ;
#1320 = EDGE_LOOP ( 'NONE', ( #800, #66, #387, #834 ) ) ;
#1321 = CARTESIAN_POINT ( 'NONE',  ( -30.49724488840441694, 14.75000000000000000, 48.74595423434322328 ) ) ;
#1322 = FACE_OUTER_BOUND ( 'NONE', #24, .T. ) ;
#1323 = AXIS2_PLACEMENT_3D ( 'NONE', #1419, #1427, #1059 ) ;
#1324 = ADVANCED_FACE ( 'NONE', ( #2114, #320 ), #114, .F. ) ;
#1325 = DIRECTION ( 'NONE',  ( -0.000000000000000000, 1.000000000000000000, -0.000000000000000000 ) ) ;
#1326 = AXIS2_PLACEMENT_3D ( 'NONE', #857, #1206, #1873 ) ;
#1327 = DIRECTION ( 'NONE',  ( 0.000000000000000000, -1.000000000000000000, 0.000000000000000000 ) ) ;
#1328 = CARTESIAN_POINT ( 'NONE',  ( -57.57584945216775907, 13.62484170376582959, 2.235724471703113281 ) ) ;
#1329 = AXIS2_PLACEMENT_3D ( 'NONE', #670, #1359, #512 ) ;
#1330 = EDGE_CURVE ( 'NONE', #159, #1431, #46, .T. ) ;
#1331 = ORIENTED_EDGE ( 'NONE', *, *, #2089, .F. ) ;
#1332 = VERTEX_POINT ( 'NONE', #629 ) ;
#1333 = FACE_OUTER_BOUND ( 'NONE', #882, .T. ) ;
#1334 = EDGE_CURVE ( 'NONE', #1643, #1812, #244, .T. ) ;
#1335 = ORIENTED_EDGE ( 'NONE', *, *, #2088, .F. ) ;
#1336 = DIRECTION ( 'NONE',  ( 0.000000000000000000, 0.000000000000000000, 1.000000000000000000 ) ) ;
#1337 = DIRECTION ( 'NONE',  ( 0.000000000000000000, 0.000000000000000000, 1.000000000000000000 ) ) ;
#1338 = LINE ( 'NONE', #529, #83 ) ;
#1339 = CARTESIAN_POINT ( 'NONE',  ( -61.25000000000000000, 5.299999999999999822, 0.000000000000000000 ) ) ;
#1340 = CARTESIAN_POINT ( 'NONE',  ( 26.60621662058510495, 8.829969287818267176, -54.58896766889055385 ) ) ;
#1341 = EDGE_CURVE ( 'NONE', #1825, #897, #1276, .T. ) ;
#1342 = VERTEX_POINT ( 'NONE', #124 ) ;
#1343 = CARTESIAN_POINT ( 'NONE',  ( 61.25000000000000000, 7.500000000000000000, 2.250000000000001776 ) ) ;
#1344 = EDGE_LOOP ( 'NONE', ( #612, #51, #540, #937, #205, #1098, #734, #2012, #631 ) ) ;
#1345 = DIRECTION ( 'NONE',  ( -0.000000000000000000, 1.000000000000000000, -0.000000000000000000 ) ) ;
#1346 = DIRECTION ( 'NONE',  ( -0.000000000000000000, 1.000000000000000000, -0.000000000000000000 ) ) ;
#1347 = CARTESIAN_POINT ( 'NONE',  ( 0.000000000000000000, 0.000000000000000000, 0.000000000000000000 ) ) ;
#1348 = CARTESIAN_POINT ( 'NONE',  ( 28.53569767405912927, 7.632810639946003839, -56.81175163861021815 ) ) ;
#1349 = ORIENTED_EDGE ( 'NONE', *, *, #756, .F. ) ;
#1350 = DIRECTION ( 'NONE',  ( 0.000000000000000000, 0.000000000000000000, -1.000000000000000000 ) ) ;
#1351 = ADVANCED_FACE ( 'NONE', ( #1462 ), #469, .F. ) ;
#1352 = AXIS2_PLACEMENT_3D ( 'NONE', #2024, #1866, #1038 ) ;
#1353 = AXIS2_PLACEMENT_3D ( 'NONE', #2138, #2117, #1144 ) ;
#1354 = ORIENTED_EDGE ( 'NONE', *, *, #311, .T. ) ;
#1355 = CARTESIAN_POINT ( 'NONE',  ( -34.82041759760877397, 7.877042708223454426, -52.07112595829622848 ) ) ;
#1356 = CIRCLE ( 'NONE', #1352, 57.49999999999995026 ) ;
#1357 = EDGE_CURVE ( 'NONE', #1164, #1794, #1290, .T. ) ;
#1358 = VECTOR ( 'NONE', #1220, 1000.000000000000000 ) ;
#1359 = DIRECTION ( 'NONE',  ( -0.000000000000000000, 1.000000000000000000, -0.000000000000000000 ) ) ;
#1360 = DIRECTION ( 'NONE',  ( 0.000000000000000000, -1.000000000000000000, 0.000000000000000000 ) ) ;
#1361 = CARTESIAN_POINT ( 'NONE',  ( 30.62499999999950617, 5.299999999999999822, 53.04405598179715042 ) ) ;
#1362 = ORIENTED_EDGE ( 'NONE', *, *, #1972, .F. ) ;
#1363 = CARTESIAN_POINT ( 'NONE',  ( 30.62500000000025224, 5.299999999999999822, -57.34405598179673547 ) ) ;
#1364 = CIRCLE ( 'NONE', #406, 4.299999999999998046 ) ;
#1365 = EDGE_CURVE ( 'NONE', #847, #1712, #2136, .T. ) ;
#1366 = CIRCLE ( 'NONE', #1329, 57.50000000000000000 ) ;
#1367 = EDGE_LOOP ( 'NONE', ( #1195, #115 ) ) ;
#1368 = CARTESIAN_POINT ( 'NONE',  ( -34.92470357337568743, 7.692214554500517387, -52.79367540451901419 ) ) ;
#1369 = CARTESIAN_POINT ( 'NONE',  ( -57.46385714285715096, 14.99999999999999822, -2.038411701621174466 ) ) ;
#1370 = FACE_OUTER_BOUND ( 'NONE', #1516, .T. ) ;
#1371 = CARTESIAN_POINT ( 'NONE',  ( 26.37375312821036388, 11.08239215528656985, -52.31254190779524293 ) ) ;
#1372 = ADVANCED_FACE ( 'NONE', ( #23 ), #1008, .F. ) ;
#1373 = ORIENTED_EDGE ( 'NONE', *, *, #1734, .T. ) ;
#1374 = CARTESIAN_POINT ( 'NONE',  ( 34.81999800192040340, 7.877570792152815748, -52.06960994887846539 ) ) ;
#1375 = CYLINDRICAL_SURFACE ( 'NONE', #68, 48.50000000000000000 ) ;
#1376 = ORIENTED_EDGE ( 'NONE', *, *, #25, .F. ) ;
#1377 = DIRECTION ( 'NONE',  ( -0.000000000000000000, 1.000000000000000000, -0.000000000000000000 ) ) ;
#1378 = DIRECTION ( 'NONE',  ( 0.000000000000000000, 0.000000000000000000, 1.000000000000000000 ) ) ;
#1379 = FACE_OUTER_BOUND ( 'NONE', #1145, .T. ) ;
#1380 = CARTESIAN_POINT ( 'NONE',  ( 26.47076006432046924, 9.152012786679192047, -54.17527767907170499 ) ) ;
#1381 = EDGE_LOOP ( 'NONE', ( #1542, #421 ) ) ;
#1382 = DIRECTION ( 'NONE',  ( 0.000000000000000000, -1.000000000000000000, 0.000000000000000000 ) ) ;
#1383 = FACE_BOUND ( 'NONE', #958, .T. ) ;
#1384 = ORIENTED_EDGE ( 'NONE', *, *, #1877, .F. ) ;
#1385 = VERTEX_POINT ( 'NONE', #1683 ) ;
#1386 = LINE ( 'NONE', #2035, #954 ) ;
#1387 = CARTESIAN_POINT ( 'NONE',  ( -28.08738627155312528, 7.735901312145655240, 56.52561186053073072 ) ) ;
#1388 = VERTEX_POINT ( 'NONE', #514 ) ;
#1389 = EDGE_CURVE ( 'NONE', #1611, #248, #179, .T. ) ;
#1390 = CARTESIAN_POINT ( 'NONE',  ( 58.76861264506327132, 10.66086038101378897, -3.519327838445260870 ) ) ;
#1391 = CARTESIAN_POINT ( 'NONE',  ( 28.08402478419006343, 7.736816684092437946, 56.52322185759908990 ) ) ;
#1392 = ORIENTED_EDGE ( 'NONE', *, *, #348, .T. ) ;
#1393 = CARTESIAN_POINT ( 'NONE',  ( 34.90235761034951878, 7.746787085284648100, -52.54229390633491903 ) ) ;
#1394 = DIRECTION ( 'NONE',  ( 0.000000000000000000, -0.000000000000000000, -1.000000000000000000 ) ) ;
#1395 = ORIENTED_EDGE ( 'NONE', *, *, #1163, .T. ) ;
#1396 = CIRCLE ( 'NONE', #2084, 57.50000000000000000 ) ;
#1397 = CARTESIAN_POINT ( 'NONE',  ( -30.62500000000061817, 7.500000000000000000, 53.04405598179651093 ) ) ;
#1398 = EDGE_LOOP ( 'NONE', ( #1882, #464, #1373, #1891, #872, #1850, #1504, #924, #1968, #1803, #572, #310, #2019, #106, #82, #1918 ) ) ;
#1399 = AXIS2_PLACEMENT_3D ( 'NONE', #489, #349, #2025 ) ;
#1400 = CARTESIAN_POINT ( 'NONE',  ( -26.96661225445383181, 14.75000000000000000, 50.78436593596432402 ) ) ;
#1401 = DIRECTION ( 'NONE',  ( 0.000000000000000000, 0.000000000000000000, 1.000000000000000000 ) ) ;
#1402 = CARTESIAN_POINT ( 'NONE',  ( 30.74746342857896764, 13.51841215469262458, 48.74405598179712484 ) ) ;
#1403 = DIRECTION ( 'NONE',  ( -0.000000000000000000, 1.000000000000000000, -0.000000000000000000 ) ) ;
#1404 = LINE ( 'NONE', #1047, #1457 ) ;
#1405 = CARTESIAN_POINT ( 'NONE',  ( 0.000000000000000000, 22.00000000000000000, 0.000000000000000000 ) ) ;
#1406 = ORIENTED_EDGE ( 'NONE', *, *, #944, .F. ) ;
#1407 = FACE_OUTER_BOUND ( 'NONE', #2170, .T. ) ;
#1408 = CARTESIAN_POINT ( 'NONE',  ( 0.000000000000000000, 0.000000000000000000, -71.25000000000000000 ) ) ;
#1409 = CARTESIAN_POINT ( 'NONE',  ( 26.69483281556939502, 8.675487965546135882, 54.80406437923632978 ) ) ;
#1410 = DIRECTION ( 'NONE',  ( 0.000000000000000000, 0.000000000000000000, 1.000000000000000000 ) ) ;
#1411 = CARTESIAN_POINT ( 'NONE',  ( 30.62500000000025224, 5.299999999999999822, -50.79405598179673120 ) ) ;
#1412 = ORIENTED_EDGE ( 'NONE', *, *, #1416, .F. ) ;
#1413 = DIRECTION ( 'NONE',  ( 0.000000000000000000, -0.000000000000000000, 1.000000000000000000 ) ) ;
#1414 = CARTESIAN_POINT ( 'NONE',  ( -26.76779972324176171, 13.16713359771293312, 51.14113384610991631 ) ) ;
#1415 = EDGE_CURVE ( 'NONE', #1048, #896, #1849, .T. ) ;
#1416 = EDGE_CURVE ( 'NONE', #594, #161, #868, .T. ) ;
#1417 = CARTESIAN_POINT ( 'NONE',  ( 34.60649240914547420, 8.136325712337326266, 51.40336864770570457 ) ) ;
#1418 = EDGE_CURVE ( 'NONE', #1659, #1118, #1695, .T. ) ;
#1419 = CARTESIAN_POINT ( 'NONE',  ( -59.00000000000000000, 5.299999999999999822, 0.000000000000000000 ) ) ;
#1420 = CARTESIAN_POINT ( 'NONE',  ( 61.94582133127512691, 8.077042708341075183, 4.258719263297004787 ) ) ;
#1421 = ORIENTED_EDGE ( 'NONE', *, *, #73, .F. ) ;
#1422 = CARTESIAN_POINT ( 'NONE',  ( 60.94523555861788111, 8.586372362780634759, 4.299999999999996270 ) ) ;
#1423 = EDGE_CURVE ( 'NONE', #1738, #167, #1364, .T. ) ;
#1424 = CIRCLE ( 'NONE', #1028, 2.250000000000001776 ) ;
#1425 = CARTESIAN_POINT ( 'NONE',  ( -61.24999999999727152, 8.420074251779709584, -4.299999999999998046 ) ) ;
#1426 = CARTESIAN_POINT ( 'NONE',  ( 28.77075931510337625, 7.595512638163229191, 56.93303584462898925 ) ) ;
#1427 = DIRECTION ( 'NONE',  ( 0.000000000000000000, -1.000000000000000000, 0.000000000000000000 ) ) ;
#1428 = CARTESIAN_POINT ( 'NONE',  ( 30.62499999999950617, 7.500000000000000000, 53.04405598179715042 ) ) ;
#1429 = APPLICATION_PROTOCOL_DEFINITION ( 'draft international standard', 'automotive_design', 1998, #570 ) ;
#1430 = ADVANCED_FACE ( 'NONE', ( #665 ), #190, .F. ) ;
#1431 = VERTEX_POINT ( 'NONE', #372 ) ;
#1432 = ORIENTED_EDGE ( 'NONE', *, *, #1418, .F. ) ;
#1433 = CARTESIAN_POINT ( 'NONE',  ( -64.96385714285713675, 7.500000000000000000, 2.167317494611474160 ) ) ;
#1434 = CYLINDRICAL_SURFACE ( 'NONE', #671, 2.250000000000001776 ) ;
#1435 = CARTESIAN_POINT ( 'NONE',  ( -26.32687929967644891, 10.45840028391410925, -52.82967806649867271 ) ) ;
#1436 = CARTESIAN_POINT ( 'NONE',  ( -30.62500000000061817, 5.299999999999999822, 48.74405598179651378 ) ) ;
#1437 = CARTESIAN_POINT ( 'NONE',  ( 0.000000000000000000, 22.00000000000000000, 0.000000000000000000 ) ) ;
#1438 = CARTESIAN_POINT ( 'NONE',  ( -30.62500000000061817, 8.673617379884035472E-16, 50.79405598179651093 ) ) ;
#1439 = DIRECTION ( 'NONE',  ( -0.000000000000000000, 1.000000000000000000, -0.000000000000000000 ) ) ;
#1440 = VERTEX_POINT ( 'NONE', #201 ) ;
#1441 = CARTESIAN_POINT ( 'NONE',  ( 30.62500000000025224, 7.500000000000000000, -53.04405598179673120 ) ) ;
#1442 = CARTESIAN_POINT ( 'NONE',  ( 59.37586045010743874, 9.887291942794174560, -3.878426173381348097 ) ) ;
#1443 = DIRECTION ( 'NONE',  ( -0.000000000000000000, 1.000000000000000000, -0.000000000000000000 ) ) ;
#1444 = DIRECTION ( 'NONE',  ( 0.000000000000000000, -0.000000000000000000, 1.000000000000000000 ) ) ;
#1445 = AXIS2_PLACEMENT_3D ( 'NONE', #1441, #1937, #738 ) ;
#1446 = CIRCLE ( 'NONE', #1864, 4.300000000000005151 ) ;
#1447 = CYLINDRICAL_SURFACE ( 'NONE', #1731, 71.25000000000000000 ) ;
#1448 = CARTESIAN_POINT ( 'NONE',  ( -61.09628552174739724, 8.503950268452710404, -4.299999999999905675 ) ) ;
#1449 = AXIS2_PLACEMENT_3D ( 'NONE', #1737, #753, #1766 ) ;
#1450 = PRODUCT_CONTEXT ( 'NONE', #570, 'mechanical' ) ;
#1451 = AXIS2_PLACEMENT_3D ( 'NONE', #119, #1836, #140 ) ;
#1452 = ORIENTED_EDGE ( 'NONE', *, *, #1479, .T. ) ;
#1453 = DIRECTION ( 'NONE',  ( -0.000000000000000000, -1.000000000000000000, -0.000000000000000000 ) ) ;
#1454 = EDGE_LOOP ( 'NONE', ( #1538, #1177, #266, #321, #2029, #180, #1497, #763, #1349, #1086, #427, #2129, #1993, #1003, #411, #173, #128 ) ) ;
#1455 = CARTESIAN_POINT ( 'NONE',  ( 59.15837876889284530, 10.14035409622536577, -3.764049981771965925 ) ) ;
#1456 = CARTESIAN_POINT ( 'NONE',  ( -26.89554471004148439, 13.93260503756083857, -50.90299436244833231 ) ) ;
#1457 = VECTOR ( 'NONE', #591, 1000.000000000000000 ) ;
#1458 = AXIS2_PLACEMENT_3D ( 'NONE', #1471, #1823, #1305 ) ;
#1459 = CARTESIAN_POINT ( 'NONE',  ( -34.51275523226207298, 8.240665678350939771, 51.19358540703112226 ) ) ;
#1460 = CIRCLE ( 'NONE', #1141, 4.299999999999998046 ) ;
#1461 = CARTESIAN_POINT ( 'NONE',  ( -30.62499999999987921, 22.00000000000000000, -53.04405598179693726 ) ) ;
#1462 = FACE_OUTER_BOUND ( 'NONE', #1652, .T. ) ;
#1463 = DIRECTION ( 'NONE',  ( 1.000000000000000000, 0.000000000000000000, 0.000000000000000000 ) ) ;
#1464 = VERTEX_POINT ( 'NONE', #1160 ) ;
#1465 = CARTESIAN_POINT ( 'NONE',  ( -34.35888057982842270, 7.500000000000000000, -55.17669186623177779 ) ) ;
#1466 = VERTEX_POINT ( 'NONE', #1832 ) ;
#1467 = CARTESIAN_POINT ( 'NONE',  ( -34.48317690145326964, 7.499999999999778844, -54.95907027182533255 ) ) ;
#1468 = CARTESIAN_POINT ( 'NONE',  ( -26.44303596781243471, 11.51514071750859181, -52.00319073807727932 ) ) ;
#1469 = FACE_OUTER_BOUND ( 'NONE', #1800, .T. ) ;
#1470 = DIRECTION ( 'NONE',  ( 0.000000000000000000, 1.000000000000000000, 0.000000000000000000 ) ) ;
#1471 = CARTESIAN_POINT ( 'NONE',  ( 61.25000000000000000, 8.673617379884035472E-16, 0.000000000000000000 ) ) ;
#1472 = ORIENTED_EDGE ( 'NONE', *, *, #6, .T. ) ;
#1473 = CARTESIAN_POINT ( 'NONE',  ( -30.62499999999987921, 5.299999999999999822, -48.74405598179693300 ) ) ;
#1474 = VERTEX_POINT ( 'NONE', #503 ) ;
#1475 = ADVANCED_FACE ( 'NONE', ( #1172 ), #1840, .F. ) ;
#1476 = ORIENTED_EDGE ( 'NONE', *, *, #1798, .F. ) ;
#1477 = LINE ( 'NONE', #289, #1555 ) ;
#1478 = CARTESIAN_POINT ( 'NONE',  ( -30.62499999999987921, 8.673617379884035472E-16, -50.79405598179693726 ) ) ;
#1479 = EDGE_CURVE ( 'NONE', #1306, #1641, #1054, .T. ) ;
#1480 = CARTESIAN_POINT ( 'NONE',  ( 30.62500000000025224, 7.500000000000000000, -53.04405598179673120 ) ) ;
#1481 = EDGE_CURVE ( 'NONE', #9, #103, #589, .T. ) ;
#1482 = CARTESIAN_POINT ( 'NONE',  ( -30.54233480156988279, 14.33396318096880151, 48.74405598179651378 ) ) ;
#1483 = CARTESIAN_POINT ( 'NONE',  ( -58.59618134009858181, 10.92717726428655922, 3.389610731193688498 ) ) ;
#1484 = EDGE_CURVE ( 'NONE', #308, #526, #369, .T. ) ;
#1485 = VERTEX_POINT ( 'NONE', #1569 ) ;
#1486 = LINE ( 'NONE', #1162, #1863 ) ;
#1487 = EDGE_LOOP ( 'NONE', ( #737, #1833 ) ) ;
#1488 = VECTOR ( 'NONE', #1561, 1000.000000000000000 ) ;
#1489 = EDGE_LOOP ( 'NONE', ( #412, #228, #211, #2137 ) ) ;
#1490 = CARTESIAN_POINT ( 'NONE',  ( -64.76765002924631176, 7.500000000000000000, 2.503532743265564520 ) ) ;
#1491 = CARTESIAN_POINT ( 'NONE',  ( 61.58795476737888208, 8.235665469820284912, -4.300000000000003375 ) ) ;
#1492 = EDGE_CURVE ( 'NONE', #887, #1611, #917, .T. ) ;
#1493 = DIRECTION ( 'NONE',  ( 0.000000000000000000, 0.000000000000000000, 1.000000000000000000 ) ) ;
#1494 = CARTESIAN_POINT ( 'NONE',  ( 0.000000000000000000, 22.00000000000000000, 0.000000000000000000 ) ) ;
#1495 = VERTEX_POINT ( 'NONE', #2134 ) ;
#1496 = CARTESIAN_POINT ( 'NONE',  ( 0.000000000000000000, 7.500000000000000000, 0.000000000000000000 ) ) ;
#1497 = ORIENTED_EDGE ( 'NONE', *, *, #1084, .T. ) ;
#1498 = LINE ( 'NONE', #962, #501 ) ;
#1499 = ORIENTED_EDGE ( 'NONE', *, *, #169, .F. ) ;
#1500 = CARTESIAN_POINT ( 'NONE',  ( 30.60497656302883485, 7.500000000000000000, -57.34400936084305300 ) ) ;
#1501 = CYLINDRICAL_SURFACE ( 'NONE', #1253, 2.250000000000001776 ) ;
#1502 = LINE ( 'NONE', #1855, #1942 ) ;
#1503 = DIRECTION ( 'NONE',  ( -0.000000000000000000, 1.000000000000000000, -0.000000000000000000 ) ) ;
#1504 = ORIENTED_EDGE ( 'NONE', *, *, #1263, .T. ) ;
#1505 = ORIENTED_EDGE ( 'NONE', *, *, #1082, .T. ) ;
#1506 = CARTESIAN_POINT ( 'NONE',  ( 33.09509613990142896, 9.824661820608779905, -49.50779399087648613 ) ) ;
#1507 = EDGE_CURVE ( 'NONE', #1270, #1551, #1661, .T. ) ;
#1508 = ADVANCED_FACE ( 'NONE', ( #967, #1469 ), #1636, .F. ) ;
#1509 = ORIENTED_EDGE ( 'NONE', *, *, #852, .T. ) ;
#1510 = CARTESIAN_POINT ( 'NONE',  ( -30.62500000000061817, 7.500000000000000000, 55.29405598179651093 ) ) ;
#1511 = CARTESIAN_POINT ( 'NONE',  ( 30.54237392766894743, 14.33380762329998426, 48.74405598179712484 ) ) ;
#1512 = DIRECTION ( 'NONE',  ( -0.000000000000000000, 1.000000000000000000, -0.000000000000000000 ) ) ;
#1513 = EDGE_CURVE ( 'NONE', #161, #308, #155, .T. ) ;
#1514 = CARTESIAN_POINT ( 'NONE',  ( 26.95115331501829203, 14.46411184643431902, -50.80892459665389538 ) ) ;
#1515 = EDGE_LOOP ( 'NONE', ( #1768, #1739, #1742, #1152 ) ) ;
#1516 = EDGE_LOOP ( 'NONE', ( #609, #1198, #911, #553, #633, #1786, #18, #1308, #279 ) ) ;
#1517 = CARTESIAN_POINT ( 'NONE',  ( 33.38612887307955646, 9.485345450845295900, -49.72463855623730922 ) ) ;
#1518 = AXIS2_PLACEMENT_3D ( 'NONE', #1905, #67, #1073 ) ;
#1519 = CIRCLE ( 'NONE', #637, 55.25000000000000711 ) ;
#1520 = EDGE_LOOP ( 'NONE', ( #2069, #1900 ) ) ;
#1521 = CARTESIAN_POINT ( 'NONE',  ( 7.041719095097280485E-15, 15.00000000000000000, 57.50000000000000000 ) ) ;
#1522 = AXIS2_PLACEMENT_3D ( 'NONE', #860, #1829, #536 ) ;
#1523 = AXIS2_PLACEMENT_3D ( 'NONE', #1746, #1403, #1752 ) ;
#1524 = AXIS2_PLACEMENT_3D ( 'NONE', #197, #838, #1534 ) ;
#1525 = DIRECTION ( 'NONE',  ( 0.000000000000000000, 1.000000000000000000, 0.000000000000000000 ) ) ;
#1526 = DIRECTION ( 'NONE',  ( 0.000000000000000000, 0.000000000000000000, 1.000000000000000000 ) ) ;
#1527 = CARTESIAN_POINT ( 'NONE',  ( 29.53573933737845181, 7.523259250844512636, -57.21253540993289022 ) ) ;
#1528 = AXIS2_PLACEMENT_3D ( 'NONE', #1091, #1736, #1571 ) ;
#1529 = EDGE_LOOP ( 'NONE', ( #386, #820, #645, #1037, #229, #2030, #1827, #461 ) ) ;
#1530 = CARTESIAN_POINT ( 'NONE',  ( 30.49724488840340442, 14.75000000000000000, 48.74595423434385566 ) ) ;
#1531 = CIRCLE ( 'NONE', #545, 2.250000000000001776 ) ;
#1532 = DIRECTION ( 'NONE',  ( -0.000000000000000000, 1.000000000000000000, -0.000000000000000000 ) ) ;
#1533 = ORIENTED_EDGE ( 'NONE', *, *, #1808, .T. ) ;
#1534 = DIRECTION ( 'NONE',  ( 0.000000000000000000, 0.000000000000000000, 1.000000000000000000 ) ) ;
#1535 = CARTESIAN_POINT ( 'NONE',  ( 30.62500000000025224, 5.299999999999999822, -55.29405598179673831 ) ) ;
#1536 = FACE_OUTER_BOUND ( 'NONE', #1381, .T. ) ;
#1537 = CARTESIAN_POINT ( 'NONE',  ( 30.60497656302883485, 7.500000000000000000, -57.34400936084305300 ) ) ;
#1538 = ORIENTED_EDGE ( 'NONE', *, *, #855, .F. ) ;
#1539 = DIRECTION ( 'NONE',  ( 0.000000000000000000, -1.000000000000000000, 0.000000000000000000 ) ) ;
#1540 = LINE ( 'NONE', #1860, #500 ) ;
#1541 = ORIENTED_EDGE ( 'NONE', *, *, #92, .T. ) ;
#1542 = ORIENTED_EDGE ( 'NONE', *, *, #1272, .T. ) ;
#1543 = CARTESIAN_POINT ( 'NONE',  ( 30.62500000000025224, 5.299999999999999822, -53.04405598179673120 ) ) ;
#1544 = EDGE_CURVE ( 'NONE', #288, #118, #445, .T. ) ;
#1545 = DIRECTION ( 'NONE',  ( 0.000000000000000000, 0.000000000000000000, 1.000000000000000000 ) ) ;
#1546 = CARTESIAN_POINT ( 'NONE',  ( -30.62500000000061817, 8.673617379884035472E-16, 53.04405598179651093 ) ) ;
#1547 = CARTESIAN_POINT ( 'NONE',  ( 26.90705629682060618, 8.402024843917351049, 55.21678198307298402 ) ) ;
#1548 = CYLINDRICAL_SURFACE ( 'NONE', #220, 4.299999999999998046 ) ;
#1549 = CARTESIAN_POINT ( 'NONE',  ( 31.39970406086663246, 12.17774156778392403, -48.80815674862409281 ) ) ;
#1550 = CARTESIAN_POINT ( 'NONE',  ( 62.47412054145155480, 7.888556539978174520, -4.126073905557444910 ) ) ;
#1551 = VERTEX_POINT ( 'NONE', #1955 ) ;
#1552 = LINE ( 'NONE', #1510, #1732 ) ;
#1553 = CARTESIAN_POINT ( 'NONE',  ( -26.44318796807134930, 11.51591936978493180, 52.00274595098071728 ) ) ;
#1554 = VECTOR ( 'NONE', #484, 1000.000000000000000 ) ;
#1555 = VECTOR ( 'NONE', #1646, 1000.000000000000000 ) ;
#1556 = EDGE_CURVE ( 'NONE', #167, #1738, #1460, .T. ) ;
#1557 = AXIS2_PLACEMENT_3D ( 'NONE', #1437, #132, #1278 ) ;
#1558 = CIRCLE ( 'NONE', #287, 4.299999999999998046 ) ;
#1559 = CARTESIAN_POINT ( 'NONE',  ( 61.25000000000000000, 5.299999999999999822, 0.000000000000000000 ) ) ;
#1560 = CARTESIAN_POINT ( 'NONE',  ( 31.66478754856233380, 11.75122723567740479, 48.86166888263823438 ) ) ;
#1561 = DIRECTION ( 'NONE',  ( -0.000000000000000000, 1.000000000000000000, -0.000000000000000000 ) ) ;
#1562 = DIRECTION ( 'NONE',  ( 0.000000000000000000, 0.000000000000000000, 1.000000000000000000 ) ) ;
#1563 = DIRECTION ( 'NONE',  ( -0.000000000000000000, 1.000000000000000000, -0.000000000000000000 ) ) ;
#1564 = ORIENTED_EDGE ( 'NONE', *, *, #1637, .T. ) ;
#1565 = DIRECTION ( 'NONE',  ( 0.000000000000000000, 0.000000000000000000, 1.000000000000000000 ) ) ;
#1566 = ORIENTED_EDGE ( 'NONE', *, *, #488, .F. ) ;
#1567 = CIRCLE ( 'NONE', #750, 2.250000000000001776 ) ;
#1568 = CARTESIAN_POINT ( 'NONE',  ( 8.725608443924890350E-15, 0.000000000000000000, 71.25000000000000000 ) ) ;
#1569 = CARTESIAN_POINT ( 'NONE',  ( 6.766173565289127980E-15, 22.00000000000000000, 55.25000000000000711 ) ) ;
#1570 = DIRECTION ( 'NONE',  ( -0.000000000000000000, 1.000000000000000000, -0.000000000000000000 ) ) ;
#1571 = DIRECTION ( 'NONE',  ( 0.000000000000000000, 0.000000000000000000, 1.000000000000000000 ) ) ;
#1572 = CARTESIAN_POINT ( 'NONE',  ( 62.64694495153909060, 7.834235282030459935, 4.071040359854531943 ) ) ;
#1573 = ORIENTED_EDGE ( 'NONE', *, *, #101, .F. ) ;
#1574 = EDGE_CURVE ( 'NONE', #1440, #308, #1921, .T. ) ;
#1575 = CARTESIAN_POINT ( 'NONE',  ( -30.62500000000061817, 5.299999999999999822, 57.34405598179650809 ) ) ;
#1576 = ADVANCED_FACE ( 'NONE', ( #1607 ), #467, .F. ) ;
#1577 = CARTESIAN_POINT ( 'NONE',  ( -26.96661225445377852, 14.73094701387519301, 50.78436593596443771 ) ) ;
#1578 = CARTESIAN_POINT ( 'NONE',  ( 26.33452700954687487, 9.864328606278522926, 53.38619917838250473 ) ) ;
#1579 = EDGE_CURVE ( 'NONE', #1161, #1881, #410, .T. ) ;
#1580 = ORIENTED_EDGE ( 'NONE', *, *, #1088, .T. ) ;
#1581 = DIRECTION ( 'NONE',  ( -0.000000000000000000, 1.000000000000000000, -0.000000000000000000 ) ) ;
#1582 = EDGE_LOOP ( 'NONE', ( #2055, #923, #2131, #705 ) ) ;
#1583 = CYLINDRICAL_SURFACE ( 'NONE', #1317, 2.250000000000001776 ) ;
#1584 = DIRECTION ( 'NONE',  ( 0.000000000000000000, 0.000000000000000000, -1.000000000000000000 ) ) ;
#1585 = CIRCLE ( 'NONE', #1353, 57.49999999999995026 ) ;
#1586 = AXIS2_PLACEMENT_3D ( 'NONE', #1494, #2161, #2168 ) ;
#1587 = ADVANCED_FACE ( 'NONE', ( #304 ), #803, .F. ) ;
#1588 = CARTESIAN_POINT ( 'NONE',  ( 33.09173579908672735, 9.834664882946055897, 49.51726637848612711 ) ) ;
#1589 = AXIS2_PLACEMENT_3D ( 'NONE', #546, #200, #1218 ) ;
#1590 = VERTEX_POINT ( 'NONE', #1436 ) ;
#1591 = AXIS2_PLACEMENT_3D ( 'NONE', #450, #1809, #619 ) ;
#1592 = CYLINDRICAL_SURFACE ( 'NONE', #1449, 4.300000000000005151 ) ;
#1593 = EDGE_LOOP ( 'NONE', ( #195, #1533, #603, #1173, #1142, #476, #984, #485, #661 ) ) ;
#1594 = CARTESIAN_POINT ( 'NONE',  ( 59.16158430776854260, 10.13636878602151548, 3.765887155810918596 ) ) ;
#1595 =( GEOMETRIC_REPRESENTATION_CONTEXT ( 3 ) GLOBAL_UNCERTAINTY_ASSIGNED_CONTEXT ( ( #452 ) ) GLOBAL_UNIT_ASSIGNED_CONTEXT ( ( #1934, #79, #752 ) ) REPRESENTATION_CONTEXT ( 'NONE', 'WORKASPACE' ) );
#1596 = CARTESIAN_POINT ( 'NONE',  ( 30.62500000000024158, 14.00530263075619786, -48.74405598179673405 ) ) ;
#1597 = CARTESIAN_POINT ( 'NONE',  ( -26.37340439381520341, 11.08042279078169834, -52.31389669647938945 ) ) ;
#1598 = AXIS2_PLACEMENT_3D ( 'NONE', #780, #607, #281 ) ;
#1599 = EDGE_CURVE ( 'NONE', #2023, #1777, #2086, .T. ) ;
#1600 = CARTESIAN_POINT ( 'NONE',  ( -30.62499999999987921, 8.673617379884035472E-16, -53.04405598179693726 ) ) ;
#1601 = DIRECTION ( 'NONE',  ( 0.000000000000000000, 0.000000000000000000, 1.000000000000000000 ) ) ;
#1602 = FACE_OUTER_BOUND ( 'NONE', #1223, .T. ) ;
#1603 = ORIENTED_EDGE ( 'NONE', *, *, #2089, .T. ) ;
#1604 = LINE ( 'NONE', #1749, #1687 ) ;
#1605 = CARTESIAN_POINT ( 'NONE',  ( 58.59470138460783772, 10.92953728647372991, -3.388462795706740582 ) ) ;
#1606 = CARTESIAN_POINT ( 'NONE',  ( 0.000000000000000000, 22.00000000000000000, 0.000000000000000000 ) ) ;
#1607 = FACE_OUTER_BOUND ( 'NONE', #14, .T. ) ;
#1608 = ORIENTED_EDGE ( 'NONE', *, *, #1113, .T. ) ;
#1609 = CARTESIAN_POINT ( 'NONE',  ( 0.000000000000000000, 24.99999999999999645, -57.49999999999995026 ) ) ;
#1610 = CARTESIAN_POINT ( 'NONE',  ( -61.09730824223055379, 8.503392209632957943, 4.299999999999995381 ) ) ;
#1611 = VERTEX_POINT ( 'NONE', #684 ) ;
#1612 = FACE_OUTER_BOUND ( 'NONE', #1004, .T. ) ;
#1613 = ORIENTED_EDGE ( 'NONE', *, *, #1859, .F. ) ;
#1614 = DIRECTION ( 'NONE',  ( 0.000000000000000000, -1.000000000000000000, 0.000000000000000000 ) ) ;
#1615 = CARTESIAN_POINT ( 'NONE',  ( -26.69483281556978582, 8.675487965546127000, -54.80406437923615925 ) ) ;
#1616 = CARTESIAN_POINT ( 'NONE',  ( -33.80057250043411443, 9.019423393805160671, 50.13822899637430908 ) ) ;
#1617 = PLANE ( 'NONE',  #504 ) ;
#1618 = CARTESIAN_POINT ( 'NONE',  ( -58.14430493852030679, 11.77652561720360147, -2.979422800525890924 ) ) ;
#1619 = ORIENTED_EDGE ( 'NONE', *, *, #1544, .F. ) ;
#1620 = DIRECTION ( 'NONE',  ( 0.000000000000000000, -1.000000000000000000, 0.000000000000000000 ) ) ;
#1621 = EDGE_LOOP ( 'NONE', ( #50, #139, #1933, #2116 ) ) ;
#1622 = CARTESIAN_POINT ( 'NONE',  ( -61.94573946556886312, 8.077011171764004516, 4.258836469969438987 ) ) ;
#1623 = FACE_OUTER_BOUND ( 'NONE', #1192, .T. ) ;
#1624 = CARTESIAN_POINT ( 'NONE',  ( 0.000000000000000000, 15.00000000000000000, -65.00000000000000000 ) ) ;
#1625 = AXIS2_PLACEMENT_3D ( 'NONE', #2014, #1525, #998 ) ;
#1626 = CARTESIAN_POINT ( 'NONE',  ( -30.49724488840452707, 15.00000000000000000, 48.74595423434321617 ) ) ;
#1627 = CARTESIAN_POINT ( 'NONE',  ( -57.57440330061591993, 13.63419044076132636, -2.233287308513264957 ) ) ;
#1628 = VERTEX_POINT ( 'NONE', #317 ) ;
#1629 = ORIENTED_EDGE ( 'NONE', *, *, #704, .F. ) ;
#1630 = FACE_OUTER_BOUND ( 'NONE', #1971, .T. ) ;
#1631 = EDGE_CURVE ( 'NONE', #1431, #159, #2053, .T. ) ;
#1632 = ORIENTED_EDGE ( 'NONE', *, *, #627, .T. ) ;
#1633 = EDGE_CURVE ( 'NONE', #118, #1332, #1692, .T. ) ;
#1634 = DIRECTION ( 'NONE',  ( 0.000000000000000000, -0.000000000000000000, -1.000000000000000000 ) ) ;
#1635 = DIRECTION ( 'NONE',  ( 0.000000000000000000, 1.000000000000000000, 0.000000000000000000 ) ) ;
#1636 = PLANE ( 'NONE',  #1213 ) ;
#1637 = EDGE_CURVE ( 'NONE', #1230, #896, #961, .T. ) ;
#1638 = VERTEX_POINT ( 'NONE', #1830 ) ;
#1639 = LINE ( 'NONE', #1116, #1870 ) ;
#1640 = CARTESIAN_POINT ( 'NONE',  ( -59.37746158554519837, 9.885562296405380422, 3.879171418998581977 ) ) ;
#1641 = VERTEX_POINT ( 'NONE', #2003 ) ;
#1642 = DIRECTION ( 'NONE',  ( -0.000000000000000000, 1.000000000000000000, -0.000000000000000000 ) ) ;
#1643 = VERTEX_POINT ( 'NONE', #1369 ) ;
#1644 = ADVANCED_FACE ( 'NONE', ( #822 ), #498, .F. ) ;
#1645 = ORIENTED_EDGE ( 'NONE', *, *, #1599, .F. ) ;
#1646 = DIRECTION ( 'NONE',  ( -0.000000000000000000, 1.000000000000000000, -0.000000000000000000 ) ) ;
#1647 = CARTESIAN_POINT ( 'NONE',  ( 61.94592346021955365, 8.076929013474014596, -4.258816553224495038 ) ) ;
#1648 = DIRECTION ( 'NONE',  ( 0.000000000000000000, 0.000000000000000000, 1.000000000000000000 ) ) ;
#1649 = EDGE_CURVE ( 'NONE', #896, #1230, #188, .T. ) ;
#1650 = DIRECTION ( 'NONE',  ( 0.000000000000000000, 0.000000000000000000, 1.000000000000000000 ) ) ;
#1651 = CARTESIAN_POINT ( 'NONE',  ( -58.28124974162684424, 11.48929317109575443, -3.117631327866349888 ) ) ;
#1652 = EDGE_LOOP ( 'NONE', ( #324, #523, #1702, #2115, #1207 ) ) ;
#1653 = ORIENTED_EDGE ( 'NONE', *, *, #1084, .F. ) ;
#1654 = VECTOR ( 'NONE', #808, 1000.000000000000000 ) ;
#1655 = FACE_OUTER_BOUND ( 'NONE', #1040, .T. ) ;
#1656 = AXIS2_PLACEMENT_3D ( 'NONE', #938, #85, #1886 ) ;
#1657 = CIRCLE ( 'NONE', #1169, 2.249999999999995115 ) ;
#1658 = TOROIDAL_SURFACE ( 'NONE', #1167, 65.00000000000000000, 7.500000000000000000 ) ;
#1659 = VERTEX_POINT ( 'NONE', #1006 ) ;
#1660 = CARTESIAN_POINT ( 'NONE',  ( 30.62500000000025224, 7.500000000000000000, -53.04405598179673120 ) ) ;
#1661 = B_SPLINE_CURVE_WITH_KNOTS ( 'NONE', 3,
 ( #1944, #940, #458, #131, #1987, #767, #1791, #1275, #781, #1616, #930, #112, #122, #1459, #1291, #449, #282, #793, #1302, #2125, #618, #98, #439, #1137, #1103, #1773 ),
 .UNSPECIFIED., .F., .F.,
 ( 4, 2, 2, 2, 2, 2, 2, 2, 2, 2, 2, 2, 4 ),
 ( 0.001457074842380172821, 0.002943808702642601235, 0.004430542562905029867, 0.005917276423167458499, 0.007404010283429887131, 0.008147377213561107084, 0.008890744143692326171, 0.009634111073823546992, 0.01037747800395476608, 0.01112084493408598516, 0.01186421186421720425, 0.01260757879434842507, 0.01335094572447964416 ),
 .UNSPECIFIED. ) ;
#1662 = CARTESIAN_POINT ( 'NONE',  ( -30.62500000000061817, 7.500000000000000000, 53.04405598179651093 ) ) ;
#1663 = AXIS2_PLACEMENT_3D ( 'NONE', #236, #902, #1061 ) ;
#1664 = PLANE ( 'NONE',  #1055 ) ;
#1665 = ADVANCED_FACE ( 'NONE', ( #2036 ), #1501, .F. ) ;
#1666 = CARTESIAN_POINT ( 'NONE',  ( -30.62499999999987921, 7.500000000000000000, -57.34405598179694152 ) ) ;
#1667 = AXIS2_PLACEMENT_3D ( 'NONE', #357, #520, #1648 ) ;
#1668 = ORIENTED_EDGE ( 'NONE', *, *, #1992, .T. ) ;
#1669 = CARTESIAN_POINT ( 'NONE',  ( 30.62499999999950617, 8.673617379884035472E-16, 53.04405598179715042 ) ) ;
#1670 = EDGE_LOOP ( 'NONE', ( #2108, #1226, #47, #471 ) ) ;
#1671 = DIRECTION ( 'NONE',  ( 0.000000000000000000, -1.000000000000000000, 0.000000000000000000 ) ) ;
#1672 = CARTESIAN_POINT ( 'NONE',  ( 8.725608443924890350E-15, 7.500000000000000000, 71.25000000000000000 ) ) ;
#1673 = CARTESIAN_POINT ( 'NONE',  ( 61.25000000000000000, 7.500000000000000000, 0.000000000000000000 ) ) ;
#1674 = DIRECTION ( 'NONE',  ( -0.000000000000000000, 1.000000000000000000, -0.000000000000000000 ) ) ;
#1675 = VERTEX_POINT ( 'NONE', #1016 ) ;
#1676 = CARTESIAN_POINT ( 'NONE',  ( 32.21612647445100208, 10.94460473843235171, -49.03876738127612356 ) ) ;
#1677 = B_SPLINE_CURVE_WITH_KNOTS ( 'NONE', 3,
 ( #561, #1776, #1420, #904, #1572, #2071, #420, #1092, #736, #1063, #922, #1233, #762, #2107 ),
 .UNSPECIFIED., .F., .F.,
 ( 4, 2, 2, 2, 2, 2, 4 ),
 ( 0.008755040396331540895, 0.009904050021827917258, 0.01047855483457610544, 0.01105305964732429362, 0.01162756446007248180, 0.01220206927282066998, 0.01335107889831701686 ),
 .UNSPECIFIED. ) ;
#1678 = VERTEX_POINT ( 'NONE', #186 ) ;
#1679 = DIRECTION ( 'NONE',  ( 0.000000000000000000, 0.000000000000000000, 1.000000000000000000 ) ) ;
#1680 = EDGE_CURVE ( 'NONE', #1845, #1628, #1531, .T. ) ;
#1681 = CARTESIAN_POINT ( 'NONE',  ( 0.000000000000000000, 0.000000000000000000, 0.000000000000000000 ) ) ;
#1682 = LINE ( 'NONE', #177, #743 ) ;
#1683 = CARTESIAN_POINT ( 'NONE',  ( -26.96661225445377141, 15.00000000000000000, 50.78436593596442350 ) ) ;
#1684 = ORIENTED_EDGE ( 'NONE', *, *, #542, .F. ) ;
#1685 = CARTESIAN_POINT ( 'NONE',  ( 0.000000000000000000, 15.00000000000000000, 0.000000000000000000 ) ) ;
#1686 = CYLINDRICAL_SURFACE ( 'NONE', #70, 4.299999999999998046 ) ;
#1687 = VECTOR ( 'NONE', #2087, 1000.000000000000000 ) ;
#1688 = AXIS2_PLACEMENT_3D ( 'NONE', #274, #814, #359 ) ;
#1689 = ORIENTED_EDGE ( 'NONE', *, *, #599, .T. ) ;
#1690 = CARTESIAN_POINT ( 'NONE',  ( -32.50371967779654625, 10.56268452793084833, -49.16126895658034357 ) ) ;
#1691 = AXIS2_PLACEMENT_3D ( 'NONE', #91, #1439, #58 ) ;
#1692 = LINE ( 'NONE', #976, #1104 ) ;
#1693 = DIRECTION ( 'NONE',  ( -0.000000000000000000, 1.000000000000000000, -0.000000000000000000 ) ) ;
#1694 = DIRECTION ( 'NONE',  ( -0.000000000000000000, 1.000000000000000000, -0.000000000000000000 ) ) ;
#1695 = CIRCLE ( 'NONE', #117, 4.299999999999998046 ) ;
#1696 = EDGE_CURVE ( 'NONE', #1110, #238, #721, .T. ) ;
#1697 = VERTEX_POINT ( 'NONE', #1535 ) ;
#1698 = CARTESIAN_POINT ( 'NONE',  ( 30.62499999999950617, 8.673617379884035472E-16, 55.29405598179714332 ) ) ;
#1699 = AXIS2_PLACEMENT_3D ( 'NONE', #955, #479, #598 ) ;
#1700 = CARTESIAN_POINT ( 'NONE',  ( 30.62500000000024158, 14.00530263075619786, -48.74405598179673405 ) ) ;
#1701 = VECTOR ( 'NONE', #335, 1000.000000000000000 ) ;
#1702 = ORIENTED_EDGE ( 'NONE', *, *, #234, .T. ) ;
#1703 = EDGE_LOOP ( 'NONE', ( #2075, #1893, #1211, #1580, #1050, #196, #1452, #343, #1299 ) ) ;
#1704 = CYLINDRICAL_SURFACE ( 'NONE', #294, 2.250000000000001776 ) ;
#1705 = EDGE_CURVE ( 'NONE', #1755, #1298, #1567, .T. ) ;
#1706 = EDGE_CURVE ( 'NONE', #1712, #355, #579, .T. ) ;
#1707 = DIRECTION ( 'NONE',  ( -0.000000000000000000, 1.000000000000000000, 0.000000000000000000 ) ) ;
#1708 = EDGE_CURVE ( 'NONE', #103, #690, #1158, .T. ) ;
#1709 = EDGE_CURVE ( 'NONE', #1078, #1230, #1338, .T. ) ;
#1710 = DIRECTION ( 'NONE',  ( 0.000000000000000000, 0.000000000000000000, -1.000000000000000000 ) ) ;
#1711 = CARTESIAN_POINT ( 'NONE',  ( 26.89576207971791177, 13.93432779222792384, -50.90262041014589300 ) ) ;
#1712 = VERTEX_POINT ( 'NONE', #1203 ) ;
#1713 = CARTESIAN_POINT ( 'NONE',  ( 30.94296349511629174, 13.05946360467709333, -48.74965172610666286 ) ) ;
#1714 = CARTESIAN_POINT ( 'NONE',  ( 64.76814348585305936, 7.499999999999993783, -2.502687169256103239 ) ) ;
#1715 = ORIENTED_EDGE ( 'NONE', *, *, #1341, .F. ) ;
#1716 = CARTESIAN_POINT ( 'NONE',  ( 30.49724488840350034, 15.00000000000000000, 48.74595423434385566 ) ) ;
#1717 = EDGE_CURVE ( 'NONE', #1464, #1485, #1806, .T. ) ;
#1718 = CARTESIAN_POINT ( 'NONE',  ( -26.37375312821070494, 11.08239215528655919, 52.31254190779503688 ) ) ;
#1719 = PLANE ( 'NONE',  #1204 ) ;
#1720 = CARTESIAN_POINT ( 'NONE',  ( 26.35370119317340709, 9.677176729493812246, 53.57927962400336241 ) ) ;
#1721 = FACE_OUTER_BOUND ( 'NONE', #772, .T. ) ;
#1722 = CARTESIAN_POINT ( 'NONE',  ( 61.25000000000000000, 8.673617379884035472E-16, -2.250000000000001776 ) ) ;
#1723 = CARTESIAN_POINT ( 'NONE',  ( 57.46385714285715096, 15.00000000000000000, -2.038411701621174910 ) ) ;
#1724 = VERTEX_POINT ( 'NONE', #1672 ) ;
#1725 = ORIENTED_EDGE ( 'NONE', *, *, #178, .F. ) ;
#1726 = CIRCLE ( 'NONE', #1518, 2.250000000000001776 ) ;
#1727 = CARTESIAN_POINT ( 'NONE',  ( -33.79775945585042507, 9.022551995580917250, -50.13521029878783253 ) ) ;
#1728 = AXIS2_PLACEMENT_3D ( 'NONE', #1318, #116, #472 ) ;
#1729 = CIRCLE ( 'NONE', #433, 4.299999999999995381 ) ;
#1730 = CARTESIAN_POINT ( 'NONE',  ( -26.31914484946545230, 9.859205132405211458, 53.37787079928560274 ) ) ;
#1731 = AXIS2_PLACEMENT_3D ( 'NONE', #459, #1327, #1795 ) ;
#1732 = VECTOR ( 'NONE', #669, 1000.000000000000000 ) ;
#1733 = CARTESIAN_POINT ( 'NONE',  ( 33.79775945585004848, 9.022551995580951001, 50.13521029878803859 ) ) ;
#1734 = EDGE_CURVE ( 'NONE', #727, #1306, #1366, .T. ) ;
#1735 = CARTESIAN_POINT ( 'NONE',  ( 0.000000000000000000, 0.000000000000000000, -55.25000000000000711 ) ) ;
#1736 = DIRECTION ( 'NONE',  ( -0.000000000000000000, 1.000000000000000000, -0.000000000000000000 ) ) ;
#1737 = CARTESIAN_POINT ( 'NONE',  ( -30.62499999999987921, 7.500000000000000000, -53.04405598179693726 ) ) ;
#1738 = VERTEX_POINT ( 'NONE', #1179 ) ;
#1739 = ORIENTED_EDGE ( 'NONE', *, *, #1963, .T. ) ;
#1740 = VECTOR ( 'NONE', #991, 1000.000000000000000 ) ;
#1741 = CARTESIAN_POINT ( 'NONE',  ( 0.000000000000000000, 22.00000000000000000, 0.000000000000000000 ) ) ;
#1742 = ORIENTED_EDGE ( 'NONE', *, *, #1868, .F. ) ;
#1743 = CARTESIAN_POINT ( 'NONE',  ( -27.87655420196288603, 7.801926229154720893, 56.36104896908945960 ) ) ;
#1744 = EDGE_CURVE ( 'NONE', #1815, #1748, #995, .T. ) ;
#1745 = CARTESIAN_POINT ( 'NONE',  ( 34.92470357337531084, 7.692214554500519164, 52.79367540451922025 ) ) ;
#1746 = CARTESIAN_POINT ( 'NONE',  ( 61.25000000000000000, 5.299999999999999822, 0.000000000000000000 ) ) ;
#1747 = LINE ( 'NONE', #560, #784 ) ;
#1748 = VERTEX_POINT ( 'NONE', #1568 ) ;
#1749 = CARTESIAN_POINT ( 'NONE',  ( 0.000000000000000000, 22.00000000000000000, -55.25000000000000711 ) ) ;
#1750 = CARTESIAN_POINT ( 'NONE',  ( -26.71911043519081730, 12.92188114368088847, 51.24151705543776814 ) ) ;
#1751 = CARTESIAN_POINT ( 'NONE',  ( 30.33234745190134873, 7.499999999999997335, 57.34273981874800086 ) ) ;
#1752 = DIRECTION ( 'NONE',  ( 0.000000000000000000, 0.000000000000000000, 1.000000000000000000 ) ) ;
#1753 = CARTESIAN_POINT ( 'NONE',  ( 30.62499999999950617, 7.500000000000000000, 57.34405598179714758 ) ) ;
#1754 = DIRECTION ( 'NONE',  ( 0.000000000000000000, 0.000000000000000000, -1.000000000000000000 ) ) ;
#1755 = VERTEX_POINT ( 'NONE', #53 ) ;
#1756 = CARTESIAN_POINT ( 'NONE',  ( 59.84715382973759290, 9.412648921867146967, 4.072636417428008748 ) ) ;
#1757 = CARTESIAN_POINT ( 'NONE',  ( 57.46385714285715096, 15.00000000000000000, -2.038411701621174910 ) ) ;
#1758 = DIRECTION ( 'NONE',  ( 0.000000000000000000, 1.000000000000000000, 0.000000000000000000 ) ) ;
#1759 = VECTOR ( 'NONE', #326, 1000.000000000000000 ) ;
#1760 = B_SPLINE_CURVE_WITH_KNOTS ( 'NONE', 3,
 ( #1425, #1030, #414, #63, #575, #586, #543, #739, #1908, #2048, #242, #222 ),
 .UNSPECIFIED., .F., .F.,
 ( 4, 2, 2, 2, 2, 4 ),
 ( 0.008298205042630638073, 0.009446080378502192190, 0.01002001804643795971, 0.01059395571437372549, 0.01174183105024525879, 0.01288970638611679209 ),
 .UNSPECIFIED. ) ;
#1761 = CARTESIAN_POINT ( 'NONE',  ( 30.60497656302804970, 7.500000000000000000, 57.34400936084346512 ) ) ;
#1762 = CIRCLE ( 'NONE', #1135, 71.25000000000000000 ) ;
#1763 = DIRECTION ( 'NONE',  ( -0.000000000000000000, 1.000000000000000000, -0.000000000000000000 ) ) ;
#1764 = AXIS2_PLACEMENT_3D ( 'NONE', #952, #97, #1805 ) ;
#1765 = PRESENTATION_STYLE_ASSIGNMENT (( #735 ) ) ;
#1766 = DIRECTION ( 'NONE',  ( 0.000000000000000000, 0.000000000000000000, 1.000000000000000000 ) ) ;
#1767 = EDGE_CURVE ( 'NONE', #1385, #1474, #885, .T. ) ;
#1768 = ORIENTED_EDGE ( 'NONE', *, *, #530, .T. ) ;
#1769 = DIRECTION ( 'NONE',  ( -0.000000000000000000, 1.000000000000000000, -0.000000000000000000 ) ) ;
#1770 = CIRCLE ( 'NONE', #2119, 4.299999999999995381 ) ;
#1771 = CARTESIAN_POINT ( 'NONE',  ( 61.09722685271485432, 8.503436620728479056, -4.299999999999992717 ) ) ;
#1772 = CARTESIAN_POINT ( 'NONE',  ( 61.25000000000000000, 7.500000000000000000, 0.000000000000000000 ) ) ;
#1773 = CARTESIAN_POINT ( 'NONE',  ( -34.35888057982920429, 7.500000000000000000, 55.17669186623129463 ) ) ;
#1774 = DIRECTION ( 'NONE',  ( 0.000000000000000000, 1.000000000000000000, 0.000000000000000000 ) ) ;
#1775 = CARTESIAN_POINT ( 'NONE',  ( -61.24999999999992895, 8.420074251778261853, 4.299999999999998046 ) ) ;
#1776 = CARTESIAN_POINT ( 'NONE',  ( 61.58754881343850940, 8.235886983108173354, 4.299999999999994493 ) ) ;
#1777 = VERTEX_POINT ( 'NONE', #198 ) ;
#1778 = CARTESIAN_POINT ( 'NONE',  ( -30.62500000000061817, 8.673617379884035472E-16, 53.04405598179651093 ) ) ;
#1779 = ORIENTED_EDGE ( 'NONE', *, *, #966, .F. ) ;
#1780 = CARTESIAN_POINT ( 'NONE',  ( 0.000000000000000000, 22.00000000000000000, 0.000000000000000000 ) ) ;
#1781 = CARTESIAN_POINT ( 'NONE',  ( -30.60497656302847602, 7.500000000000000000, -57.34400936084325195 ) ) ;
#1782 = DIRECTION ( 'NONE',  ( 0.000000000000000000, 1.000000000000000000, 0.000000000000000000 ) ) ;
#1783 = ADVANCED_BREP_SHAPE_REPRESENTATION ( 'Bearing-Holder', ( #1168, #432 ), #812 ) ;
#1784 = CARTESIAN_POINT ( 'NONE',  ( 0.000000000000000000, 0.000000000000000000, 0.000000000000000000 ) ) ;
#1785 = CARTESIAN_POINT ( 'NONE',  ( -58.77140816649296085, 10.65684646807286562, -3.521249761117510868 ) ) ;
#1786 = ORIENTED_EDGE ( 'NONE', *, *, #1767, .T. ) ;
#1787 = DIRECTION ( 'NONE',  ( 0.000000000000000000, 0.000000000000000000, -1.000000000000000000 ) ) ;
#1788 = EDGE_LOOP ( 'NONE', ( #13, #296 ) ) ;
#1789 = LINE ( 'NONE', #1828, #2149 ) ;
#1790 = CARTESIAN_POINT ( 'NONE',  ( 61.24999999999992184, 8.420074251778263630, -4.299999999999995381 ) ) ;
#1791 = CARTESIAN_POINT ( 'NONE',  ( -32.50622130387817066, 10.55937497054522645, 49.16236431261165762 ) ) ;
#1792 = VECTOR ( 'NONE', #454, 1000.000000000000000 ) ;
#1793 = AXIS2_PLACEMENT_3D ( 'NONE', #1848, #350, #22 ) ;
#1794 = VERTEX_POINT ( 'NONE', #368 ) ;
#1795 = DIRECTION ( 'NONE',  ( 0.000000000000000000, 0.000000000000000000, -1.000000000000000000 ) ) ;
#1796 = CARTESIAN_POINT ( 'NONE',  ( -57.63954705170096560, 13.30399448079410085, -2.340025105623312118 ) ) ;
#1797 = ADVANCED_FACE ( 'NONE', ( #719 ), #1252, .F. ) ;
#1798 = EDGE_CURVE ( 'NONE', #1812, #1920, #1760, .T. ) ;
#1799 = VECTOR ( 'NONE', #751, 1000.000000000000000 ) ;
#1800 = EDGE_LOOP ( 'NONE', ( #104, #1960 ) ) ;
#1801 = DIRECTION ( 'NONE',  ( 0.000000000000000000, 0.000000000000000000, -1.000000000000000000 ) ) ;
#1802 = AXIS2_PLACEMENT_3D ( 'NONE', #1930, #913, #1953 ) ;
#1803 = ORIENTED_EDGE ( 'NONE', *, *, #121, .F. ) ;
#1804 = DIRECTION ( 'NONE',  ( -0.000000000000000000, 1.000000000000000000, -0.000000000000000000 ) ) ;
#1805 = DIRECTION ( 'NONE',  ( 0.000000000000000000, 0.000000000000000000, -1.000000000000000000 ) ) ;
#1806 = CIRCLE ( 'NONE', #1625, 55.25000000000000711 ) ;
#1807 = DIRECTION ( 'NONE',  ( 0.000000000000000000, 0.000000000000000000, 1.000000000000000000 ) ) ;
#1808 = EDGE_CURVE ( 'NONE', #1118, #1013, #402, .T. ) ;
#1809 = DIRECTION ( 'NONE',  ( -0.000000000000000000, 1.000000000000000000, -0.000000000000000000 ) ) ;
#1810 = CARTESIAN_POINT ( 'NONE',  ( -57.90650899554037068, 12.36778927200750822, -2.709865299658004378 ) ) ;
#1811 = CARTESIAN_POINT ( 'NONE',  ( 0.000000000000000000, 0.000000000000000000, 0.000000000000000000 ) ) ;
#1812 = VERTEX_POINT ( 'NONE', #864 ) ;
#1813 = ORIENTED_EDGE ( 'NONE', *, *, #1121, .T. ) ;
#1814 = LINE ( 'NONE', #1991, #1792 ) ;
#1815 = VERTEX_POINT ( 'NONE', #1408 ) ;
#1816 = CARTESIAN_POINT ( 'NONE',  ( -28.37499999999987921, 5.299999999999999822, -53.04405598179693726 ) ) ;
#1817 = DIRECTION ( 'NONE',  ( 0.000000000000000000, -0.000000000000000000, -1.000000000000000000 ) ) ;
#1818 = ORIENTED_EDGE ( 'NONE', *, *, #2096, .F. ) ;
#1819 = EDGE_CURVE ( 'NONE', #2163, #418, #300, .T. ) ;
#1820 = DIRECTION ( 'NONE',  ( 0.000000000000000000, 1.000000000000000000, 0.000000000000000000 ) ) ;
#1821 = CARTESIAN_POINT ( 'NONE',  ( -30.62499999999987921, 7.500000000000000000, -57.34405598179694152 ) ) ;
#1822 = ORIENTED_EDGE ( 'NONE', *, *, #730, .F. ) ;
#1823 = DIRECTION ( 'NONE',  ( -0.000000000000000000, 1.000000000000000000, -0.000000000000000000 ) ) ;
#1824 = APPLICATION_PROTOCOL_DEFINITION ( 'draft international standard', 'automotive_design', 1998, #679 ) ;
#1825 = VERTEX_POINT ( 'NONE', #2058 ) ;
#1826 = CARTESIAN_POINT ( 'NONE',  ( -30.62499999999987921, 7.500000000000000000, -53.04405598179693726 ) ) ;
#1827 = ORIENTED_EDGE ( 'NONE', *, *, #804, .T. ) ;
#1828 = CARTESIAN_POINT ( 'NONE',  ( 61.25000000000000000, 7.500000000000000000, -2.250000000000001776 ) ) ;
#1829 = DIRECTION ( 'NONE',  ( -0.000000000000000000, 1.000000000000000000, -0.000000000000000000 ) ) ;
#1830 = CARTESIAN_POINT ( 'NONE',  ( -61.25000000000000000, 5.299999999999999822, -4.299999999999998046 ) ) ;
#1831 = FACE_OUTER_BOUND ( 'NONE', #888, .T. ) ;
#1832 = CARTESIAN_POINT ( 'NONE',  ( 34.35888057982883481, 7.500000000000000000, -55.17669186623153621 ) ) ;
#1833 = ORIENTED_EDGE ( 'NONE', *, *, #142, .F. ) ;
#1834 = CARTESIAN_POINT ( 'NONE',  ( 34.92546344118777313, 7.609149567657634172, -53.28165894827147753 ) ) ;
#1835 = ORIENTED_EDGE ( 'NONE', *, *, #1819, .T. ) ;
#1836 = DIRECTION ( 'NONE',  ( -0.000000000000000000, 1.000000000000000000, -0.000000000000000000 ) ) ;
#1837 = DIRECTION ( 'NONE',  ( -0.000000000000000000, 1.000000000000000000, -0.000000000000000000 ) ) ;
#1838 = AXIS2_PLACEMENT_3D ( 'NONE', #2147, #620, #1151 ) ;
#1839 = DIRECTION ( 'NONE',  ( 0.000000000000000000, -0.000000000000000000, -1.000000000000000000 ) ) ;
#1840 = CYLINDRICAL_SURFACE ( 'NONE', #648, 55.25000000000000711 ) ;
#1841 = CIRCLE ( 'NONE', #1598, 48.50000000000000000 ) ;
#1842 = ORIENTED_EDGE ( 'NONE', *, *, #660, .T. ) ;
#1843 = CARTESIAN_POINT ( 'NONE',  ( 0.000000000000000000, 22.00000000000000000, 0.000000000000000000 ) ) ;
#1844 = VERTEX_POINT ( 'NONE', #31 ) ;
#1845 = VERTEX_POINT ( 'NONE', #71 ) ;
#1846 = CARTESIAN_POINT ( 'NONE',  ( -32.21509552242822139, 10.94609252619751949, -49.03842042387226741 ) ) ;
#1847 = CARTESIAN_POINT ( 'NONE',  ( -61.25000000000000000, 5.299999999999999822, 0.000000000000000000 ) ) ;
#1848 = CARTESIAN_POINT ( 'NONE',  ( 0.000000000000000000, 24.99999999999999645, 0.000000000000000000 ) ) ;
#1849 = LINE ( 'NONE', #2005, #2015 ) ;
#1850 = ORIENTED_EDGE ( 'NONE', *, *, #1088, .F. ) ;
#1851 = ORIENTED_EDGE ( 'NONE', *, *, #1998, .F. ) ;
#1852 = ORIENTED_EDGE ( 'NONE', *, *, #515, .F. ) ;
#1853 = DIRECTION ( 'NONE',  ( -0.000000000000000000, 1.000000000000000000, -0.000000000000000000 ) ) ;
#1854 = DIRECTION ( 'NONE',  ( 0.000000000000000000, 0.000000000000000000, 1.000000000000000000 ) ) ;
#1855 = CARTESIAN_POINT ( 'NONE',  ( -30.49724488840374548, 14.75000000000000000, -48.74595423434364960 ) ) ;
#1856 = DIRECTION ( 'NONE',  ( -0.000000000000000000, 1.000000000000000000, -0.000000000000000000 ) ) ;
#1857 = ORIENTED_EDGE ( 'NONE', *, *, #1513, .F. ) ;
#1858 = DIRECTION ( 'NONE',  ( 0.000000000000000000, 1.000000000000000000, 0.000000000000000000 ) ) ;
#1859 = EDGE_CURVE ( 'NONE', #355, #1385, #792, .T. ) ;
#1860 = CARTESIAN_POINT ( 'NONE',  ( 5.939536975864663363E-15, 24.99999999999999645, 48.50000000000000000 ) ) ;
#1861 = EDGE_CURVE ( 'NONE', #526, #148, #836, .T. ) ;
#1862 = CIRCLE ( 'NONE', #986, 2.250000000000001776 ) ;
#1863 = VECTOR ( 'NONE', #462, 1000.000000000000000 ) ;
#1864 = AXIS2_PLACEMENT_3D ( 'NONE', #1898, #606, #447 ) ;
#1865 = EDGE_LOOP ( 'NONE', ( #4, #1081 ) ) ;
#1866 = DIRECTION ( 'NONE',  ( 0.000000000000000000, 1.000000000000000000, 0.000000000000000000 ) ) ;
#1867 = CIRCLE ( 'NONE', #1097, 65.00000000000000000 ) ;
#1868 = EDGE_CURVE ( 'NONE', #972, #62, #1841, .T. ) ;
#1869 = CIRCLE ( 'NONE', #676, 4.299999999999998046 ) ;
#1870 = VECTOR ( 'NONE', #2113, 1000.000000000000000 ) ;
#1871 = CARTESIAN_POINT ( 'NONE',  ( 0.000000000000000000, 15.00000000000000000, 0.000000000000000000 ) ) ;
#1872 = CARTESIAN_POINT ( 'NONE',  ( 0.000000000000000000, 7.500000000000000000, 0.000000000000000000 ) ) ;
#1873 = DIRECTION ( 'NONE',  ( 0.000000000000000000, 0.000000000000000000, 1.000000000000000000 ) ) ;
#1874 = AXIS2_PLACEMENT_3D ( 'NONE', #390, #223, #886 ) ;
#1875 = ORIENTED_EDGE ( 'NONE', *, *, #1042, .F. ) ;
#1876 = ORIENTED_EDGE ( 'NONE', *, *, #660, .F. ) ;
#1877 = EDGE_CURVE ( 'NONE', #1485, #1464, #649, .T. ) ;
#1878 = DIRECTION ( 'NONE',  ( -0.000000000000000000, 1.000000000000000000, -0.000000000000000000 ) ) ;
#1879 = VECTOR ( 'NONE', #731, 1000.000000000000000 ) ;
#1880 = CARTESIAN_POINT ( 'NONE',  ( 32.87499999999950973, 5.299999999999999822, 53.04405598179715042 ) ) ;
#1881 = VERTEX_POINT ( 'NONE', #1478 ) ;
#1882 = ORIENTED_EDGE ( 'NONE', *, *, #647, .F. ) ;
#1883 = CARTESIAN_POINT ( 'NONE',  ( -33.93215450931293020, 8.874495877464624982, -50.28784374258957968 ) ) ;
#1884 = CARTESIAN_POINT ( 'NONE',  ( -27.03219050523891909, 8.278824992789694193, 55.41978420514328718 ) ) ;
#1885 = EDGE_CURVE ( 'NONE', #897, #1261, #48, .T. ) ;
#1886 = DIRECTION ( 'NONE',  ( 0.000000000000000000, 0.000000000000000000, 1.000000000000000000 ) ) ;
#1887 = CARTESIAN_POINT ( 'NONE',  ( 33.52236036483712667, 9.332226958252425320, 49.86080470542611920 ) ) ;
#1888 = LINE ( 'NONE', #892, #259 ) ;
#1889 = CARTESIAN_POINT ( 'NONE',  ( -30.49724488840452707, 15.00000000000000000, 48.74595423434321617 ) ) ;
#1890 = CARTESIAN_POINT ( 'NONE',  ( 30.49724488840418246, 15.00000000000000000, -48.74595423434344355 ) ) ;
#1891 = ORIENTED_EDGE ( 'NONE', *, *, #271, .F. ) ;
#1892 = B_SPLINE_CURVE_WITH_KNOTS ( 'NONE', 3,
 ( #810, #1490, #152, #486, #997, #2140, #951, #162, #2155, #302, #1994, #1622, #2166, #964 ),
 .UNSPECIFIED., .F., .F.,
 ( 4, 2, 2, 2, 2, 2, 4 ),
 ( 1.058039120342476213E-16, 0.001152034908904820028, 0.001728052363357162821, 0.002304069817809505615, 0.002880087272261848408, 0.003456104726714192069, 0.004608139635618858573 ),
 .UNSPECIFIED. ) ;
#1893 = ORIENTED_EDGE ( 'NONE', *, *, #102, .T. ) ;
#1894 = VERTEX_POINT ( 'NONE', #939 ) ;
#1895 = CARTESIAN_POINT ( 'NONE',  ( -31.66478754856273525, 11.75122723567733374, -48.86166888263804253 ) ) ;
#1896 = CARTESIAN_POINT ( 'NONE',  ( -26.62248650736251676, 12.44142506887978250, 51.46766592385441186 ) ) ;
#1897 = EDGE_CURVE ( 'NONE', #170, #1844, #2159, .T. ) ;
#1898 = CARTESIAN_POINT ( 'NONE',  ( -30.62499999999987921, 5.299999999999999822, -53.04405598179693726 ) ) ;
#1899 = CARTESIAN_POINT ( 'NONE',  ( 32.94390673675697201, 10.01320163907112537, 49.41892464294132736 ) ) ;
#1900 = ORIENTED_EDGE ( 'NONE', *, *, #1579, .T. ) ;
#1901 = CARTESIAN_POINT ( 'NONE',  ( 30.62500000000025224, 5.299999999999999822, -53.04405598179673120 ) ) ;
#1902 =( NAMED_UNIT ( * ) PLANE_ANGLE_UNIT ( ) SI_UNIT ( $, .RADIAN. ) );
#1903 = EDGE_LOOP ( 'NONE', ( #528, #858, #677, #1472 ) ) ;
#1904 = VERTEX_POINT ( 'NONE', #1790 ) ;
#1905 = CARTESIAN_POINT ( 'NONE',  ( 30.62500000000025224, 8.673617379884035472E-16, -53.04405598179673120 ) ) ;
#1906 = ADVANCED_FACE ( 'NONE', ( #2141 ), #303, .F. ) ;
#1907 = CIRCLE ( 'NONE', #983, 2.250000000000001776 ) ;
#1908 = CARTESIAN_POINT ( 'NONE',  ( -63.97565996559040258, 7.554162473728800897, -3.347903723409472398 ) ) ;
#1909 = CIRCLE ( 'NONE', #949, 65.00000000000000000 ) ;
#1910 = CARTESIAN_POINT ( 'NONE',  ( 34.35888057982803190, 7.500000000000000000, 55.17669186623203359 ) ) ;
#1911 = FACE_BOUND ( 'NONE', #562, .T. ) ;
#1912 = DIRECTION ( 'NONE',  ( 0.000000000000000000, 0.000000000000000000, -1.000000000000000000 ) ) ;
#1913 =( NAMED_UNIT ( * ) SI_UNIT ( $, .STERADIAN. ) SOLID_ANGLE_UNIT ( ) );
#1914 = CIRCLE ( 'NONE', #682, 4.299999999999998046 ) ;
#1915 = EDGE_CURVE ( 'NONE', #718, #2040, #1869, .T. ) ;
#1916 = ORIENTED_EDGE ( 'NONE', *, *, #583, .T. ) ;
#1917 = CIRCLE ( 'NONE', #1663, 57.49999999999995026 ) ;
#1918 = ORIENTED_EDGE ( 'NONE', *, *, #1150, .F. ) ;
#1919 = CARTESIAN_POINT ( 'NONE',  ( 58.77006515306391776, 10.65862868053162060, 3.520413232677711335 ) ) ;
#1920 = VERTEX_POINT ( 'NONE', #270 ) ;
#1921 = CIRCLE ( 'NONE', #511, 7.500000000000000000 ) ;
#1922 = CARTESIAN_POINT ( 'NONE',  ( -26.47076006432083872, 9.152012786679181389, 54.17527767907152736 ) ) ;
#1923 = CARTESIAN_POINT ( 'NONE',  ( 26.61827119941231601, 12.43633196157325749, 51.45712563025736586 ) ) ;
#1924 = ORIENTED_EDGE ( 'NONE', *, *, #2046, .T. ) ;
#1925 = PLANE ( 'NONE',  #1323 ) ;
#1926 = DIRECTION ( 'NONE',  ( -0.000000000000000000, 1.000000000000000000, -0.000000000000000000 ) ) ;
#1927 = DIRECTION ( 'NONE',  ( 0.000000000000000000, 1.000000000000000000, 0.000000000000000000 ) ) ;
#1928 = ORIENTED_EDGE ( 'NONE', *, *, #1484, .F. ) ;
#1929 = DIRECTION ( 'NONE',  ( 0.000000000000000000, -1.000000000000000000, 0.000000000000000000 ) ) ;
#1930 = CARTESIAN_POINT ( 'NONE',  ( -61.25000000000000000, 7.500000000000000000, 0.000000000000000000 ) ) ;
#1931 = CARTESIAN_POINT ( 'NONE',  ( 32.50371967779614835, 10.56268452793090340, 49.16126895658054963 ) ) ;
#1932 = ADVANCED_FACE ( 'NONE', ( #1623 ), #929, .F. ) ;
#1933 = ORIENTED_EDGE ( 'NONE', *, *, #1696, .T. ) ;
#1934 =( LENGTH_UNIT ( ) NAMED_UNIT ( * ) SI_UNIT ( .MILLI., .METRE. ) );
#1935 = CARTESIAN_POINT ( 'NONE',  ( 0.000000000000000000, 15.00000000000000000, 0.000000000000000000 ) ) ;
#1936 = ORIENTED_EDGE ( 'NONE', *, *, #1885, .F. ) ;
#1937 = DIRECTION ( 'NONE',  ( -0.000000000000000000, 1.000000000000000000, -0.000000000000000000 ) ) ;
#1938 = EDGE_LOOP ( 'NONE', ( #1566, #807 ) ) ;
#1939 = CARTESIAN_POINT ( 'NONE',  ( 60.94762919710474591, 8.592247967665134212, -4.291880543247321711 ) ) ;
#1940 = CARTESIAN_POINT ( 'NONE',  ( 0.000000000000000000, 15.00000000000000000, 0.000000000000000000 ) ) ;
#1941 = EDGE_CURVE ( 'NONE', #1495, #1643, #538, .T. ) ;
#1942 = VECTOR ( 'NONE', #1997, 1000.000000000000000 ) ;
#1943 = TOROIDAL_SURFACE ( 'NONE', #905, 65.00000000000000000, 7.500000000000000000 ) ;
#1944 = CARTESIAN_POINT ( 'NONE',  ( -30.62500000000060041, 14.00530263075619608, 48.74405598179651378 ) ) ;
#1945 = AXIS2_PLACEMENT_3D ( 'NONE', #1461, #1470, #2135 ) ;
#1946 = FACE_BOUND ( 'NONE', #1865, .T. ) ;
#1947 = CARTESIAN_POINT ( 'NONE',  ( -57.80564497674191671, 12.67171151205821644, -2.578275869759784289 ) ) ;
#1948 = ADVANCED_FACE ( 'NONE', ( #1289, #1322 ), #2042, .F. ) ;
#1949 = ORIENTED_EDGE ( 'NONE', *, *, #1897, .F. ) ;
#1950 = COLOUR_RGB ( '',0.7921568627450980005, 0.8196078431372548767, 0.9333333333333333481 ) ;
#1951 = CIRCLE ( 'NONE', #1986, 4.299999999999998046 ) ;
#1952 = CARTESIAN_POINT ( 'NONE',  ( 0.000000000000000000, 7.500000000000000000, 0.000000000000000000 ) ) ;
#1953 = DIRECTION ( 'NONE',  ( 0.000000000000000000, 0.000000000000000000, 1.000000000000000000 ) ) ;
#1954 = AXIS2_PLACEMENT_3D ( 'NONE', #1662, #695, #1378 ) ;
#1955 = CARTESIAN_POINT ( 'NONE',  ( -34.35888057982920429, 7.500000000000000000, 55.17669186623129463 ) ) ;
#1956 = CARTESIAN_POINT ( 'NONE',  ( -30.62499999999987921, 7.500000000000000000, -53.04405598179693726 ) ) ;
#1957 = CARTESIAN_POINT ( 'NONE',  ( -58.28508655291781082, 11.48202702684897858, 3.121138036033578533 ) ) ;
#1958 = EDGE_LOOP ( 'NONE', ( #1027, #93, #1857, #1412 ) ) ;
#1959 = CARTESIAN_POINT ( 'NONE',  ( 7.041719095097277330E-15, 24.99999999999999645, 57.49999999999995026 ) ) ;
#1960 = ORIENTED_EDGE ( 'NONE', *, *, #169, .T. ) ;
#1961 = DIRECTION ( 'NONE',  ( 0.000000000000000000, -1.000000000000000000, 0.000000000000000000 ) ) ;
#1962 = DIRECTION ( 'NONE',  ( -0.000000000000000000, 1.000000000000000000, -0.000000000000000000 ) ) ;
#1963 = EDGE_CURVE ( 'NONE', #213, #62, #1540, .T. ) ;
#1964 = DIRECTION ( 'NONE',  ( 0.000000000000000000, -1.000000000000000000, 0.000000000000000000 ) ) ;
#1965 = EDGE_CURVE ( 'NONE', #1881, #1161, #948, .T. ) ;
#1966 = DIRECTION ( 'NONE',  ( -0.000000000000000000, 1.000000000000000000, -0.000000000000000000 ) ) ;
#1967 = CARTESIAN_POINT ( 'NONE',  ( -57.46385714285715807, 14.64713367704278291, -2.038411701621182903 ) ) ;
#1968 = ORIENTED_EDGE ( 'NONE', *, *, #444, .T. ) ;
#1969 = LINE ( 'NONE', #105, #1554 ) ;
#1970 = ORIENTED_EDGE ( 'NONE', *, *, #311, .F. ) ;
#1971 = EDGE_LOOP ( 'NONE', ( #771, #54, #1689, #172, #666 ) ) ;
#1972 = EDGE_CURVE ( 'NONE', #1638, #1812, #364, .T. ) ;
#1973 = FACE_BOUND ( 'NONE', #1, .T. ) ;
#1974 = DIRECTION ( 'NONE',  ( 8.881784197001252323E-16, 0.000000000000000000, -1.000000000000000000 ) ) ;
#1975 = DIRECTION ( 'NONE',  ( -1.000000000000000000, -0.000000000000000000, -0.000000000000000000 ) ) ;
#1976 = CIRCLE ( 'NONE', #212, 4.299999999999998046 ) ;
#1977 = DIRECTION ( 'NONE',  ( -0.000000000000000000, 1.000000000000000000, -0.000000000000000000 ) ) ;
#1978 = CARTESIAN_POINT ( 'NONE',  ( -60.51268367751173116, 8.880165611899778710, -4.238616752293658863 ) ) ;
#1979 = AXIS2_PLACEMENT_3D ( 'NONE', #127, #299, #947 ) ;
#1980 = ORIENTED_EDGE ( 'NONE', *, *, #1418, .T. ) ;
#1981 = DIRECTION ( 'NONE',  ( -0.000000000000000000, 1.000000000000000000, -0.000000000000000000 ) ) ;
#1982 = ADVANCED_FACE ( 'NONE', ( #1383, #1147 ), #1209, .F. ) ;
#1983 = ORIENTED_EDGE ( 'NONE', *, *, #804, .F. ) ;
#1984 = CARTESIAN_POINT ( 'NONE',  ( -34.58714055140142563, 7.502777028725510888, -54.73319832111696570 ) ) ;
#1985 = DIRECTION ( 'NONE',  ( 0.000000000000000000, -1.000000000000000000, 0.000000000000000000 ) ) ;
#1986 = AXIS2_PLACEMENT_3D ( 'NONE', #1221, #725, #1079 ) ;
#1987 = CARTESIAN_POINT ( 'NONE',  ( -31.66418215793584423, 11.75209241656385295, 48.86145862204655543 ) ) ;
#1988 = CARTESIAN_POINT ( 'NONE',  ( 30.62499999999950617, 5.299999999999999822, 57.34405598179714758 ) ) ;
#1989 = CARTESIAN_POINT ( 'NONE',  ( -57.90817042523133296, 12.36286580353426778, 2.712000055101899676 ) ) ;
#1990 = EDGE_LOOP ( 'NONE', ( #2097, #20, #1509, #430 ) ) ;
#1991 = CARTESIAN_POINT ( 'NONE',  ( -26.96661225445311771, 14.75000000000000000, -50.78436593596470772 ) ) ;
#1992 = EDGE_CURVE ( 'NONE', #2040, #1904, #2179, .T. ) ;
#1993 = ORIENTED_EDGE ( 'NONE', *, *, #515, .T. ) ;
#1994 = CARTESIAN_POINT ( 'NONE',  ( -62.47377272741571375, 7.888672322376092616, 4.126174460939145305 ) ) ;
#1995 = CARTESIAN_POINT ( 'NONE',  ( 63.66222326641523921, 7.601418575455887172, -3.564784139374703287 ) ) ;
#1996 = DIRECTION ( 'NONE',  ( 0.000000000000000000, 0.000000000000000000, -1.000000000000000000 ) ) ;
#1997 = DIRECTION ( 'NONE',  ( -0.000000000000000000, 1.000000000000000000, -0.000000000000000000 ) ) ;
#1998 = EDGE_CURVE ( 'NONE', #1777, #429, #1188, .T. ) ;
#1999 = CARTESIAN_POINT ( 'NONE',  ( 26.31152894608938908, 10.25584315298286064, -52.99736259426896368 ) ) ;
#2000 = ORIENTED_EDGE ( 'NONE', *, *, #1183, .F. ) ;
#2001 = ORIENTED_EDGE ( 'NONE', *, *, #2104, .T. ) ;
#2002 = CARTESIAN_POINT ( 'NONE',  ( -34.35888057982842270, 7.500000000000000000, -55.17669186623177779 ) ) ;
#2003 = CARTESIAN_POINT ( 'NONE',  ( 30.60497656302804970, 7.500000000000000000, 57.34400936084346512 ) ) ;
#2004 = FACE_BOUND ( 'NONE', #1367, .T. ) ;
#2005 = CARTESIAN_POINT ( 'NONE',  ( 30.62499999999950617, 7.500000000000000000, 50.79405598179715042 ) ) ;
#2006 = EDGE_LOOP ( 'NONE', ( #1684, #2034, #1541, #2001, #945, #1668 ) ) ;
#2007 = AXIS2_PLACEMENT_3D ( 'NONE', #859, #203, #2021 ) ;
#2008 = CARTESIAN_POINT ( 'NONE',  ( 30.74773760071124329, 13.51732210028828263, -48.74405598179674115 ) ) ;
#2009 = CIRCLE ( 'NONE', #111, 4.299999999999998046 ) ;
#2010 = AXIS2_PLACEMENT_3D ( 'NONE', #925, #1929, #746 ) ;
#2011 = ORIENTED_EDGE ( 'NONE', *, *, #1579, .F. ) ;
#2012 = ORIENTED_EDGE ( 'NONE', *, *, #1861, .T. ) ;
#2013 = CYLINDRICAL_SURFACE ( 'NONE', #2073, 2.250000000000001776 ) ;
#2014 = CARTESIAN_POINT ( 'NONE',  ( 0.000000000000000000, 22.00000000000000000, 0.000000000000000000 ) ) ;
#2015 = VECTOR ( 'NONE', #1674, 1000.000000000000000 ) ;
#2016 = DIRECTION ( 'NONE',  ( 0.000000000000000000, 0.000000000000000000, -1.000000000000000000 ) ) ;
#2017 = CARTESIAN_POINT ( 'NONE',  ( 29.27187793584884545, 7.540390796460301637, -57.13446229569068180 ) ) ;
#2018 = AXIS2_PLACEMENT_3D ( 'NONE', #1157, #21, #1854 ) ;
#2019 = ORIENTED_EDGE ( 'NONE', *, *, #239, .T. ) ;
#2020 = B_SPLINE_CURVE_WITH_KNOTS ( 'NONE', 3,
 ( #724, #580, #78, #1231 ),
 .UNSPECIFIED., .F., .F.,
 ( 4, 4 ),
 ( 0.02975398282634608010, 0.03075727623955672868 ),
 .UNSPECIFIED. ) ;
#2021 = DIRECTION ( 'NONE',  ( 0.000000000000000000, 0.000000000000000000, 1.000000000000000000 ) ) ;
#2022 = EDGE_LOOP ( 'NONE', ( #2064, #1384 ) ) ;
#2023 = VERTEX_POINT ( 'NONE', #1723 ) ;
#2024 = CARTESIAN_POINT ( 'NONE',  ( 0.000000000000000000, 24.99999999999999645, 0.000000000000000000 ) ) ;
#2025 = DIRECTION ( 'NONE',  ( 0.000000000000000000, 0.000000000000000000, 1.000000000000000000 ) ) ;
#2026 = DIRECTION ( 'NONE',  ( 0.000000000000000000, 0.000000000000000000, -1.000000000000000000 ) ) ;
#2027 = ADVANCED_FACE ( 'NONE', ( #487 ), #1156, .F. ) ;
#2028 = CARTESIAN_POINT ( 'NONE',  ( 26.76779972324140644, 13.16713359771293135, -51.14113384611005841 ) ) ;
#2029 = ORIENTED_EDGE ( 'NONE', *, *, #599, .F. ) ;
#2030 = ORIENTED_EDGE ( 'NONE', *, *, #1633, .T. ) ;
#2031 = CARTESIAN_POINT ( 'NONE',  ( 34.75602462018157013, 7.519413637968296982, -54.26331804393056046 ) ) ;
#2032 = CARTESIAN_POINT ( 'NONE',  ( 0.000000000000000000, 24.99999999999999645, 0.000000000000000000 ) ) ;
#2033 = EDGE_CURVE ( 'NONE', #1628, #1697, #652, .T. ) ;
#2034 = ORIENTED_EDGE ( 'NONE', *, *, #74, .F. ) ;
#2035 = CARTESIAN_POINT ( 'NONE',  ( -61.25000000000000000, 7.500000000000000000, 4.299999999999998046 ) ) ;
#2036 = FACE_OUTER_BOUND ( 'NONE', #1187, .T. ) ;
#2037 = EDGE_CURVE ( 'NONE', #161, #170, #193, .T. ) ;
#2038 = CARTESIAN_POINT ( 'NONE',  ( 0.000000000000000000, 24.99999999999999645, 0.000000000000000000 ) ) ;
#2039 = CARTESIAN_POINT ( 'NONE',  ( 26.31914484946508281, 9.859205132405218563, -53.37787079928578748 ) ) ;
#2040 = VERTEX_POINT ( 'NONE', #715 ) ;
#2041 = CARTESIAN_POINT ( 'NONE',  ( 32.50622130387781539, 10.55937497054522645, -49.16236431261186368 ) ) ;
#2042 = PLANE ( 'NONE',  #506 ) ;
#2043 = AXIS2_PLACEMENT_3D ( 'NONE', #1826, #1981, #322 ) ;
#2044 = PRODUCT_DEFINITION_FORMATION_WITH_SPECIFIED_SOURCE ( 'ANY', '', #587, .NOT_KNOWN. ) ;
#2045 = ORIENTED_EDGE ( 'NONE', *, *, #1334, .T. ) ;
#2046 = EDGE_CURVE ( 'NONE', #2051, #816, #1862, .T. ) ;
#2047 = DIRECTION ( 'NONE',  ( -0.000000000000000000, 1.000000000000000000, -0.000000000000000000 ) ) ;
#2048 = CARTESIAN_POINT ( 'NONE',  ( -64.52613141894410376, 7.506772035418626920, -2.811519965258775677 ) ) ;
#2049 = DIRECTION ( 'NONE',  ( 0.000000000000000000, -1.000000000000000000, 0.000000000000000000 ) ) ;
#2050 = CARTESIAN_POINT ( 'NONE',  ( 34.75535533936216126, 7.519309958287757389, 54.26549953847196406 ) ) ;
#2051 = VERTEX_POINT ( 'NONE', #1222 ) ;
#2052 = CARTESIAN_POINT ( 'NONE',  ( 34.60704686035636968, 8.135680489270468385, -51.40486145839298615 ) ) ;
#2053 = CIRCLE ( 'NONE', #1399, 2.250000000000001776 ) ;
#2054 = CARTESIAN_POINT ( 'NONE',  ( 61.25000000000000000, 5.299999999999999822, 0.000000000000000000 ) ) ;
#2055 = ORIENTED_EDGE ( 'NONE', *, *, #593, .F. ) ;
#2056 = CARTESIAN_POINT ( 'NONE',  ( -34.18465768894319012, 8.598624679900346734, -50.62273113915954781 ) ) ;
#2057 = ADVANCED_FACE ( 'NONE', ( #385 ), #1686, .F. ) ;
#2058 = CARTESIAN_POINT ( 'NONE',  ( -61.24999999999992895, 8.420074251778261853, 4.299999999999998046 ) ) ;
#2059 = DIRECTION ( 'NONE',  ( 0.000000000000000000, 0.000000000000000000, 1.000000000000000000 ) ) ;
#2060 = CARTESIAN_POINT ( 'NONE',  ( 30.62499999999949196, 14.00530263075646964, 48.74405598179715327 ) ) ;
#2061 = DIRECTION ( 'NONE',  ( 0.000000000000000000, 0.000000000000000000, 1.000000000000000000 ) ) ;
#2062 = FILL_AREA_STYLE ('',( #1071 ) ) ;
#2063 = CARTESIAN_POINT ( 'NONE',  ( -57.46385714285708701, 14.75000000000000000, 2.038411701621066552 ) ) ;
#2064 = ORIENTED_EDGE ( 'NONE', *, *, #1717, .F. ) ;
#2065 = CARTESIAN_POINT ( 'NONE',  ( 30.62500000000025224, 7.500000000000000000, -50.79405598179673120 ) ) ;
#2066 = CARTESIAN_POINT ( 'NONE',  ( -30.62499999999987921, 5.299999999999999822, -53.04405598179693726 ) ) ;
#2067 = CARTESIAN_POINT ( 'NONE',  ( 26.47169383934189568, 9.148929607764303640, 54.17898321107004733 ) ) ;
#2068 = ADVANCED_FACE ( 'NONE', ( #689 ), #1375, .F. ) ;
#2069 = ORIENTED_EDGE ( 'NONE', *, *, #1965, .T. ) ;
#2070 = DIRECTION ( 'NONE',  ( 0.8660254037844329345, 0.000000000000000000, 0.5000000000000099920 ) ) ;
#2071 = CARTESIAN_POINT ( 'NONE',  ( 62.99438351220924659, 7.738074377287260219, 3.934711040410419525 ) ) ;
#2072 = ORIENTED_EDGE ( 'NONE', *, *, #537, .T. ) ;
#2073 = AXIS2_PLACEMENT_3D ( 'NONE', #1005, #692, #1679 ) ;
#2074 = DIRECTION ( 'NONE',  ( 0.000000000000000000, 0.000000000000000000, 1.000000000000000000 ) ) ;
#2075 = ORIENTED_EDGE ( 'NONE', *, *, #1423, .F. ) ;
#2076 = CARTESIAN_POINT ( 'NONE',  ( -30.06502390995666474, 7.503251584210060443, 57.31595676628443670 ) ) ;
#2077 = ORIENTED_EDGE ( 'NONE', *, *, #1479, .F. ) ;
#2078 = VECTOR ( 'NONE', #1966, 1000.000000000000000 ) ;
#2079 = CIRCLE ( 'NONE', #1524, 57.49999999999995026 ) ;
#2080 = CARTESIAN_POINT ( 'NONE',  ( 26.96661225445270205, 15.00000000000000000, 50.78436593596499904 ) ) ;
#2081 = CARTESIAN_POINT ( 'NONE',  ( 61.25000000000000000, 7.500000000000000000, 4.299999999999998046 ) ) ;
#2082 = DIRECTION ( 'NONE',  ( -0.000000000000000000, 1.000000000000000000, -0.000000000000000000 ) ) ;
#2083 = DIRECTION ( 'NONE',  ( -0.000000000000000000, 1.000000000000000000, -0.000000000000000000 ) ) ;
#2084 = AXIS2_PLACEMENT_3D ( 'NONE', #1259, #1581, #1232 ) ;
#2085 = ORIENTED_EDGE ( 'NONE', *, *, #488, .T. ) ;
#2086 = CIRCLE ( 'NONE', #339, 57.50000000000000000 ) ;
#2087 = DIRECTION ( 'NONE',  ( -0.000000000000000000, -1.000000000000000000, -0.000000000000000000 ) ) ;
#2088 = EDGE_CURVE ( 'NONE', #1466, #2040, #1316, .T. ) ;
#2089 = EDGE_CURVE ( 'NONE', #1794, #1164, #903, .T. ) ;
#2090 = CARTESIAN_POINT ( 'NONE',  ( 26.42231543497614510, 9.319478422631638281, 53.97566764514456139 ) ) ;
#2091 = ADVANCED_FACE ( 'NONE', ( #1602 ), #2, .F. ) ;
#2092 = EDGE_CURVE ( 'NONE', #1844, #1777, #250, .T. ) ;
#2093 = LINE ( 'NONE', #590, #1358 ) ;
#2094 = DIRECTION ( 'NONE',  ( -0.000000000000000000, 1.000000000000000000, -0.000000000000000000 ) ) ;
#2095 = DIRECTION ( 'NONE',  ( 0.000000000000000000, -1.000000000000000000, 0.000000000000000000 ) ) ;
#2096 = EDGE_CURVE ( 'NONE', #897, #1185, #1260, .T. ) ;
#2097 = ORIENTED_EDGE ( 'NONE', *, *, #975, .F. ) ;
#2098 = CARTESIAN_POINT ( 'NONE',  ( 57.57497401572380369, 13.62965280028054771, 2.234276035733526289 ) ) ;
#2099 = ADVANCED_FACE ( 'NONE', ( #1107 ), #264, .F. ) ;
#2100 = PRODUCT_DEFINITION_CONTEXT ( 'detailed design', #679, 'design' ) ;
#2101 = DIRECTION ( 'NONE',  ( 0.000000000000000000, -0.000000000000000000, 1.000000000000000000 ) ) ;
#2102 = CARTESIAN_POINT ( 'NONE',  ( -30.33234745190177151, 7.499999999999997335, -57.34273981874780191 ) ) ;
#2103 = CARTESIAN_POINT ( 'NONE',  ( 0.000000000000000000, 15.00000000000000000, 0.000000000000000000 ) ) ;
#2104 = EDGE_CURVE ( 'NONE', #2120, #718, #1677, .T. ) ;
#2105 = FACE_BOUND ( 'NONE', #194, .T. ) ;
#2106 = SURFACE_STYLE_FILL_AREA ( #2062 ) ;
#2107 = CARTESIAN_POINT ( 'NONE',  ( 64.96385714285715096, 7.500000000000000000, 2.167317494611457285 ) ) ;
#2108 = ORIENTED_EDGE ( 'NONE', *, *, #1257, .F. ) ;
#2109 = CARTESIAN_POINT ( 'NONE',  ( 30.62500000000025224, 7.500000000000000000, -53.04405598179673120 ) ) ;
#2110 = DIRECTION ( 'NONE',  ( 0.000000000000000000, 0.000000000000000000, 1.000000000000000000 ) ) ;
#2111 = CARTESIAN_POINT ( 'NONE',  ( -28.53349390495139914, 7.633176768340194762, -56.81058654626574622 ) ) ;
#2112 = DIRECTION ( 'NONE',  ( 0.000000000000000000, 0.000000000000000000, 1.000000000000000000 ) ) ;
#2113 = DIRECTION ( 'NONE',  ( -0.000000000000000000, -1.000000000000000000, -0.000000000000000000 ) ) ;
#2114 = FACE_OUTER_BOUND ( 'NONE', #1487, .T. ) ;
#2115 = ORIENTED_EDGE ( 'NONE', *, *, #1286, .T. ) ;
#2116 = ORIENTED_EDGE ( 'NONE', *, *, #920, .F. ) ;
#2117 = DIRECTION ( 'NONE',  ( 0.000000000000000000, 1.000000000000000000, 0.000000000000000000 ) ) ;
#2118 = EDGE_LOOP ( 'NONE', ( #1421, #34, #1100, #1311, #1406, #691, #352, #1315, #1217, #1813, #1818, #1127, #1244, #377, #81, #801 ) ) ;
#2119 = AXIS2_PLACEMENT_3D ( 'NONE', #893, #761, #2070 ) ;
#2120 = VERTEX_POINT ( 'NONE', #1080 ) ;
#2121 = CARTESIAN_POINT ( 'NONE',  ( -34.81996518956987785, 7.533307868571246679, -54.02097876836621992 ) ) ;
#2122 = CARTESIAN_POINT ( 'NONE',  ( -26.42231543497652524, 9.319478422631632952, -53.97566764514439086 ) ) ;
#2123 = AXIS2_PLACEMENT_3D ( 'NONE', #163, #340, #327 ) ;
#2124 = B_SPLINE_CURVE_WITH_KNOTS ( 'NONE', 3,
 ( #1626, #2126, #1482, #1303 ),
 .UNSPECIFIED., .F., .F.,
 ( 4, 4 ),
 ( 0.0004557423341650869604, 0.001457074842380172821 ),
 .UNSPECIFIED. ) ;
#2125 = CARTESIAN_POINT ( 'NONE',  ( -34.92546344118812840, 7.609149567657635949, 53.28165894827121463 ) ) ;
#2126 = CARTESIAN_POINT ( 'NONE',  ( -30.49724488840454484, 14.66534638303812343, 48.74595423434321617 ) ) ;
#2127 = CARTESIAN_POINT ( 'NONE',  ( -57.46385714285715096, 14.99999999999999822, -2.038411701621174466 ) ) ;
#2128 = ADVANCED_FACE ( 'NONE', ( #276 ), #1592, .F. ) ;
#2129 = ORIENTED_EDGE ( 'NONE', *, *, #1915, .F. ) ;
#2130 = DIRECTION ( 'NONE',  ( 0.000000000000000000, 0.000000000000000000, 1.000000000000000000 ) ) ;
#2131 = ORIENTED_EDGE ( 'NONE', *, *, #273, .T. ) ;
#2132 = CARTESIAN_POINT ( 'NONE',  ( 0.000000000000000000, 24.99999999999999645, 0.000000000000000000 ) ) ;
#2133 = CARTESIAN_POINT ( 'NONE',  ( -27.50021597993837830, 7.961989306350055529, -56.00909914880175933 ) ) ;
#2134 = CARTESIAN_POINT ( 'NONE',  ( -30.49724488840386627, 15.00000000000000000, -48.74595423434364250 ) ) ;
#2135 = DIRECTION ( 'NONE',  ( -0.8660254037844393737, 0.000000000000000000, 0.4999999999999987788 ) ) ;
#2136 = LINE ( 'NONE', #351, #1740 ) ;
#2137 = ORIENTED_EDGE ( 'NONE', *, *, #1199, .F. ) ;
#2138 = CARTESIAN_POINT ( 'NONE',  ( 0.000000000000000000, 22.00000000000000000, 0.000000000000000000 ) ) ;
#2139 = ORIENTED_EDGE ( 'NONE', *, *, #243, .T. ) ;
#2140 = CARTESIAN_POINT ( 'NONE',  ( -63.66166500974962617, 7.601504449622357384, 3.565174019200599620 ) ) ;
#2141 = FACE_OUTER_BOUND ( 'NONE', #1621, .T. ) ;
#2142 = CARTESIAN_POINT ( 'NONE',  ( 61.25000000000000000, 22.00000000000000000, 0.000000000000000000 ) ) ;
#2143 = TOROIDAL_SURFACE ( 'NONE', #1728, 65.00000000000000000, 7.500000000000000000 ) ;
#2144 = AXIS2_PLACEMENT_3D ( 'NONE', #1880, #881, #1817 ) ;
#2145 = AXIS2_PLACEMENT_3D ( 'NONE', #1546, #436, #1401 ) ;
#2146 = FACE_OUTER_BOUND ( 'NONE', #960, .T. ) ;
#2147 = CARTESIAN_POINT ( 'NONE',  ( 30.62499999999950617, 7.500000000000000000, 53.04405598179715042 ) ) ;
#2148 = AXIS2_PLACEMENT_3D ( 'NONE', #99, #600, #1601 ) ;
#2149 = VECTOR ( 'NONE', #1804, 1000.000000000000000 ) ;
#2150 = CIRCLE ( 'NONE', #2148, 4.299999999999998046 ) ;
#2151 = EDGE_LOOP ( 'NONE', ( #176, #1505 ) ) ;
#2152 = CARTESIAN_POINT ( 'NONE',  ( 30.62500000000025224, 7.500000000000000000, -57.34405598179673547 ) ) ;
#2153 = ORIENTED_EDGE ( 'NONE', *, *, #1708, .F. ) ;
#2154 = ORIENTED_EDGE ( 'NONE', *, *, #1287, .F. ) ;
#2155 = CARTESIAN_POINT ( 'NONE',  ( -62.99900105550719331, 7.736887975885696100, 3.932718351057863160 ) ) ;
#2156 = DIRECTION ( 'NONE',  ( -0.000000000000000000, 1.000000000000000000, -0.000000000000000000 ) ) ;
#2157 = AXIS2_PLACEMENT_3D ( 'NONE', #626, #1124, #2112 ) ;
#2158 = ADVANCED_FACE ( 'NONE', ( #602 ), #1269, .T. ) ;
#2159 = CIRCLE ( 'NONE', #1215, 4.299999999999993605 ) ;
#2160 = CARTESIAN_POINT ( 'NONE',  ( 30.62499999999949196, 14.00530263075646964, 48.74405598179715327 ) ) ;
#2161 = DIRECTION ( 'NONE',  ( 0.000000000000000000, 1.000000000000000000, 0.000000000000000000 ) ) ;
#2162 = CARTESIAN_POINT ( 'NONE',  ( 26.96661225445341614, 14.73094701387518413, -50.78436593596457982 ) ) ;
#2163 = VERTEX_POINT ( 'NONE', #933 ) ;
#2164 = CYLINDRICAL_SURFACE ( 'NONE', #987, 57.50000000000000000 ) ;
#2165 = ORIENTED_EDGE ( 'NONE', *, *, #852, .F. ) ;
#2166 = CARTESIAN_POINT ( 'NONE',  ( -61.58803123234409327, 8.235623745860580769, 4.300000000000002487 ) ) ;
#2167 = DIRECTION ( 'NONE',  ( 0.000000000000000000, 0.000000000000000000, 1.000000000000000000 ) ) ;
#2168 = DIRECTION ( 'NONE',  ( 0.000000000000000000, -0.000000000000000000, 1.000000000000000000 ) ) ;
#2169 = CARTESIAN_POINT ( 'NONE',  ( 27.03219050523851763, 8.278824992789701298, -55.41978420514347192 ) ) ;
#2170 = EDGE_LOOP ( 'NONE', ( #785, #26 ) ) ;
#2171 = CARTESIAN_POINT ( 'NONE',  ( 33.93559685750741295, 8.870720628860366830, -50.29208854031136156 ) ) ;
#2172 = ORIENTED_EDGE ( 'NONE', *, *, #638, .T. ) ;
#2173 = FACE_OUTER_BOUND ( 'NONE', #1529, .T. ) ;
#2174 = DIRECTION ( 'NONE',  ( -0.000000000000000000, 1.000000000000000000, -0.000000000000000000 ) ) ;
#2175 = ORIENTED_EDGE ( 'NONE', *, *, #1257, .T. ) ;
#2176 = TOROIDAL_SURFACE ( 'NONE', #2010, 65.00000000000000000, 7.500000000000000000 ) ;
#2177 = CARTESIAN_POINT ( 'NONE',  ( 0.000000000000000000, 15.00000000000000000, -57.50000000000000000 ) ) ;
#2178 = DIRECTION ( 'NONE',  ( 0.000000000000000000, 0.000000000000000000, 1.000000000000000000 ) ) ;
#2179 = B_SPLINE_CURVE_WITH_KNOTS ( 'NONE', 3,
 ( #315, #1714, #376, #28, #845, #1995, #141, #871, #974, #811, #1550, #1647, #1491, #636 ),
 .UNSPECIFIED., .F., .F.,
 ( 4, 2, 2, 2, 2, 2, 4 ),
 ( 7.228330071368162940E-05, 0.001224502429070712479, 0.001800611993249227796, 0.002376721557427743329, 0.002952831121606258429, 0.003528940685784771793, 0.004681159814141781610 ),
 .UNSPECIFIED. ) ;
ENDSEC;
END-ISO-10303-21;
