ISO-10303-21;
HEADER;
FILE_DESCRIPTION (( 'STEP AP214' ),
    '1' );
FILE_NAME ('A2_limit_switch_nub.STEP',
    '2026-07-31T23:57:27',
    ( '' ),
    ( '' ),
    'SwSTEP 2.0',
    'SolidWorks 2025',
    '' );
FILE_SCHEMA (( 'AUTOMOTIVE_DESIGN' ));
ENDSEC;

DATA;
#1 = VERTEX_POINT ( 'NONE', #1071 ) ;
#2 = CARTESIAN_POINT ( 'NONE',  ( 735.3638938746412350, 798.9400529352717513, 1400.144561134075730 ) ) ;
#3 = EDGE_CURVE ( 'NONE', #1388, #1428, #847, .T. ) ;
#4 = ORIENTED_EDGE ( 'NONE', *, *, #906, .F. ) ;
#5 = DIRECTION ( 'NONE',  ( -1.000000000000000000, 0.000000000000000000, 0.000000000000000000 ) ) ;
#6 = LINE ( 'NONE', #395, #710 ) ;
#7 = ORIENTED_EDGE ( 'NONE', *, *, #1223, .T. ) ;
#8 = FACE_OUTER_BOUND ( 'NONE', #1231, .T. ) ;
#9 = DIRECTION ( 'NONE',  ( 0.000000000000000000, -1.000000000000000000, 0.000000000000000000 ) ) ;
#10 = PLANE ( 'NONE',  #1433 ) ;
#11 = ADVANCED_FACE ( 'NONE', ( #171 ), #974, .F. ) ;
#12 = CARTESIAN_POINT ( 'NONE',  ( 736.5217301438719915, 768.9400529352717513, 1406.994561134075639 ) ) ;
#13 = CARTESIAN_POINT ( 'NONE',  ( 0.000000000000000000, 768.9400529352717513, 1406.994561134075639 ) ) ;
#14 = EDGE_CURVE ( 'NONE', #1558, #1108, #986, .T. ) ;
#15 = CARTESIAN_POINT ( 'NONE',  ( 767.9599504323223300, 798.9400529352718650, 1397.944561134075684 ) ) ;
#16 = ORIENTED_EDGE ( 'NONE', *, *, #1426, .T. ) ;
#17 = VECTOR ( 'NONE', #1581, 1000.000000000000000 ) ;
#18 = DIRECTION ( 'NONE',  ( 1.000000000000000000, 0.000000000000000000, 0.000000000000000000 ) ) ;
#19 = LINE ( 'NONE', #530, #468 ) ;
#20 = CIRCLE ( 'NONE', #813, 1.199999999999978861 ) ;
#21 = VECTOR ( 'NONE', #88, 1000.000000000000114 ) ;
#22 = EDGE_CURVE ( 'NONE', #1, #730, #722, .T. ) ;
#23 = FACE_BOUND ( 'NONE', #295, .T. ) ;
#24 = VECTOR ( 'NONE', #1375, 1000.000000000000114 ) ;
#25 = DIRECTION ( 'NONE',  ( -0.000000000000000000, -0.000000000000000000, 1.000000000000000000 ) ) ;
#26 = ORIENTED_EDGE ( 'NONE', *, *, #152, .T. ) ;
#27 = CARTESIAN_POINT ( 'NONE',  ( 765.4599504323223300, 783.9400529352717513, 1398.944561134075684 ) ) ;
#28 = DIRECTION ( 'NONE',  ( 0.000000000000000000, -0.000000000000000000, -1.000000000000000000 ) ) ;
#29 = EDGE_CURVE ( 'NONE', #1176, #1108, #1449, .T. ) ;
#30 = PLANE ( 'NONE',  #953 ) ;
#31 = ORIENTED_EDGE ( 'NONE', *, *, #206, .T. ) ;
#32 = LINE ( 'NONE', #1158, #66 ) ;
#33 = CARTESIAN_POINT ( 'NONE',  ( 739.1849504323223528, 783.9400529352717513, 1409.994561134075639 ) ) ;
#34 = LINE ( 'NONE', #805, #714 ) ;
#35 = EDGE_CURVE ( 'NONE', #744, #1415, #1271, .T. ) ;
#36 = ORIENTED_EDGE ( 'NONE', *, *, #1266, .F. ) ;
#37 = DIRECTION ( 'NONE',  ( 1.000000000000000000, 0.000000000000000000, 0.000000000000000000 ) ) ;
#38 = VECTOR ( 'NONE', #55, 1000.000000000000000 ) ;
#39 = PLANE ( 'NONE',  #65 ) ;
#40 = AXIS2_PLACEMENT_3D ( 'NONE', #1536, #1051, #911 ) ;
#41 = VECTOR ( 'NONE', #1102, 1000.000000000000000 ) ;
#42 =( GEOMETRIC_REPRESENTATION_CONTEXT ( 3 ) GLOBAL_UNCERTAINTY_ASSIGNED_CONTEXT ( ( #1184 ) ) GLOBAL_UNIT_ASSIGNED_CONTEXT ( ( #1564, #526, #932 ) ) REPRESENTATION_CONTEXT ( 'NONE', 'WORKASPACE' ) );
#43 = DIRECTION ( 'NONE',  ( 1.000000000000000000, 0.000000000000000000, 0.000000000000000000 ) ) ;
#44 = ORIENTED_EDGE ( 'NONE', *, *, #1043, .F. ) ;
#45 = EDGE_CURVE ( 'NONE', #683, #119, #635, .T. ) ;
#46 = DIRECTION ( 'NONE',  ( 0.000000000000000000, 1.000000000000000000, 0.000000000000000000 ) ) ;
#47 = DIRECTION ( 'NONE',  ( -0.000000000000000000, -0.000000000000000000, -1.000000000000000000 ) ) ;
#48 = EDGE_LOOP ( 'NONE', ( #1046, #1142, #1370, #1521 ) ) ;
#49 = ORIENTED_EDGE ( 'NONE', *, *, #1090, .T. ) ;
#50 = DIRECTION ( 'NONE',  ( 0.7808688094430371596, 0.000000000000000000, 0.6246950475544157388 ) ) ;
#51 = CARTESIAN_POINT ( 'NONE',  ( 767.9599504323223300, 798.9400529352718650, 1399.944561134075684 ) ) ;
#52 = LINE ( 'NONE', #314, #500 ) ;
#53 = EDGE_CURVE ( 'NONE', #977, #954, #178, .T. ) ;
#54 = ORIENTED_EDGE ( 'NONE', *, *, #343, .T. ) ;
#55 = DIRECTION ( 'NONE',  ( 1.000000000000000000, 0.000000000000000000, 0.000000000000000000 ) ) ;
#56 = LINE ( 'NONE', #443, #1516 ) ;
#57 = EDGE_LOOP ( 'NONE', ( #94, #938, #1352, #129 ) ) ;
#58 = ORIENTED_EDGE ( 'NONE', *, *, #868, .T. ) ;
#59 = LINE ( 'NONE', #445, #1319 ) ;
#60 = CARTESIAN_POINT ( 'NONE',  ( 762.9599504323223300, 768.9400529352717513, 1399.944561134075684 ) ) ;
#61 = DIRECTION ( 'NONE',  ( -0.8660254037844256070, 0.5000000000000224265, 0.000000000000000000 ) ) ;
#62 = AXIS2_PLACEMENT_3D ( 'NONE', #538, #661, #791 ) ;
#63 = EDGE_CURVE ( 'NONE', #1253, #1616, #588, .T. ) ;
#64 = CARTESIAN_POINT ( 'NONE',  ( 765.4599504323223300, 783.9400529352717513, 1407.994561134075639 ) ) ;
#65 = AXIS2_PLACEMENT_3D ( 'NONE', #387, #1555, #28 ) ;
#66 = VECTOR ( 'NONE', #789, 1000.000000000000114 ) ;
#67 = ORIENTED_EDGE ( 'NONE', *, *, #1028, .T. ) ;
#68 = VECTOR ( 'NONE', #18, 1000.000000000000000 ) ;
#69 = VERTEX_POINT ( 'NONE', #1460 ) ;
#70 = DIRECTION ( 'NONE',  ( 1.000000000000000000, 0.000000000000000000, 0.000000000000000000 ) ) ;
#71 = LINE ( 'NONE', #1471, #1380 ) ;
#72 = DIRECTION ( 'NONE',  ( -1.000000000000000000, 0.000000000000000000, 0.000000000000000000 ) ) ;
#73 = DIRECTION ( 'NONE',  ( -0.000000000000000000, -0.000000000000000000, 1.000000000000000000 ) ) ;
#74 = ADVANCED_FACE ( 'NONE', ( #315 ), #825, .F. ) ;
#75 = ORIENTED_EDGE ( 'NONE', *, *, #1067, .F. ) ;
#76 = ADVANCED_FACE ( 'NONE', ( #1089 ), #1594, .T. ) ;
#77 = VERTEX_POINT ( 'NONE', #890 ) ;
#78 = APPLICATION_CONTEXT ( 'automotive_design' ) ;
#79 = LINE ( 'NONE', #312, #263 ) ;
#80 = FACE_OUTER_BOUND ( 'NONE', #763, .T. ) ;
#81 = DIRECTION ( 'NONE',  ( -0.000000000000000000, -0.000000000000000000, -1.000000000000000000 ) ) ;
#82 = ORIENTED_EDGE ( 'NONE', *, *, #1035, .F. ) ;
#83 = VERTEX_POINT ( 'NONE', #1137 ) ;
#84 = VERTEX_POINT ( 'NONE', #734 ) ;
#85 = ORIENTED_EDGE ( 'NONE', *, *, #1244, .F. ) ;
#86 = FACE_OUTER_BOUND ( 'NONE', #1488, .T. ) ;
#87 = ADVANCED_FACE ( 'NONE', ( #898 ), #1021, .F. ) ;
#88 = DIRECTION ( 'NONE',  ( 0.7808688094430236148, 0.000000000000000000, -0.6246950475544326142 ) ) ;
#89 = EDGE_LOOP ( 'NONE', ( #1040, #113, #634, #989 ) ) ;
#90 = LINE ( 'NONE', #1135, #1509 ) ;
#91 = ORIENTED_EDGE ( 'NONE', *, *, #1486, .T. ) ;
#92 = CARTESIAN_POINT ( 'NONE',  ( 0.000000000000000000, 0.000000000000000000, 1406.994561134075639 ) ) ;
#93 = CIRCLE ( 'NONE', #1580, 2.199999999999979750 ) ;
#94 = ORIENTED_EDGE ( 'NONE', *, *, #1607, .F. ) ;
#95 = AXIS2_PLACEMENT_3D ( 'NONE', #1188, #446, #37 ) ;
#96 = CARTESIAN_POINT ( 'NONE',  ( 739.0599504323223528, 785.1524885005701435, 1398.944561134075684 ) ) ;
#97 = CYLINDRICAL_SURFACE ( 'NONE', #950, 2.199999999999979750 ) ;
#98 = VECTOR ( 'NONE', #5, 1000.000000000000000 ) ;
#99 = ORIENTED_EDGE ( 'NONE', *, *, #1115, .T. ) ;
#100 = ORIENTED_EDGE ( 'NONE', *, *, #386, .F. ) ;
#101 = EDGE_CURVE ( 'NONE', #467, #258, #837, .T. ) ;
#102 = DIRECTION ( 'NONE',  ( 1.000000000000000000, 0.000000000000000000, 0.000000000000000000 ) ) ;
#103 = CARTESIAN_POINT ( 'NONE',  ( 767.9599504323223300, 798.9400529352718650, 1399.944561134075684 ) ) ;
#104 = ORIENTED_EDGE ( 'NONE', *, *, #804, .T. ) ;
#105 = CARTESIAN_POINT ( 'NONE',  ( 763.3599504323221936, 782.7276173699735864, 1398.944561134075684 ) ) ;
#106 = ORIENTED_EDGE ( 'NONE', *, *, #245, .T. ) ;
#107 = DIRECTION ( 'NONE',  ( -0.9467120421377656081, -0.3220812153344890238, 0.000000000000000000 ) ) ;
#108 = LINE ( 'NONE', #622, #796 ) ;
#109 = EDGE_LOOP ( 'NONE', ( #16, #1552, #599, #748 ) ) ;
#110 = ORIENTED_EDGE ( 'NONE', *, *, #1210, .T. ) ;
#111 = DIRECTION ( 'NONE',  ( 1.000000000000000000, 0.000000000000000000, 0.000000000000000000 ) ) ;
#112 = DIRECTION ( 'NONE',  ( 0.000000000000000000, 0.000000000000000000, -1.000000000000000000 ) ) ;
#113 = ORIENTED_EDGE ( 'NONE', *, *, #1127, .T. ) ;
#114 = EDGE_CURVE ( 'NONE', #382, #1558, #115, .T. ) ;
#115 = LINE ( 'NONE', #361, #1215 ) ;
#116 = ORIENTED_EDGE ( 'NONE', *, *, #1339, .T. ) ;
#117 = FACE_OUTER_BOUND ( 'NONE', #1257, .T. ) ;
#118 = FACE_OUTER_BOUND ( 'NONE', #964, .T. ) ;
#119 = VERTEX_POINT ( 'NONE', #1238 ) ;
#120 = CARTESIAN_POINT ( 'NONE',  ( 736.9599504323223300, 783.9400529352717513, 1409.994561134075639 ) ) ;
#121 = LINE ( 'NONE', #633, #1114 ) ;
#122 = ORIENTED_EDGE ( 'NONE', *, *, #1308, .F. ) ;
#123 = DIRECTION ( 'NONE',  ( 0.000000000000000000, -1.000000000000000000, 0.000000000000000000 ) ) ;
#124 = EDGE_CURVE ( 'NONE', #1415, #744, #225, .T. ) ;
#125 = EDGE_LOOP ( 'NONE', ( #1181, #876 ) ) ;
#126 = CIRCLE ( 'NONE', #1054, 1.199999999999978861 ) ;
#127 = PLANE ( 'NONE',  #231 ) ;
#128 = AXIS2_PLACEMENT_3D ( 'NONE', #631, #594, #1649 ) ;
#129 = ORIENTED_EDGE ( 'NONE', *, *, #1067, .T. ) ;
#130 = CARTESIAN_POINT ( 'NONE',  ( 740.6484245673391342, 774.7134651297099026, 1400.144561134075730 ) ) ;
#131 = CIRCLE ( 'NONE', #1013, 1.199999999999978861 ) ;
#132 = CARTESIAN_POINT ( 'NONE',  ( 736.9599504323223300, 783.9400529352717513, 1409.994561134075639 ) ) ;
#133 = AXIS2_PLACEMENT_3D ( 'NONE', #120, #1399, #111 ) ;
#134 = ORIENTED_EDGE ( 'NONE', *, *, #412, .F. ) ;
#135 = PLANE ( 'NONE',  #329 ) ;
#136 = VECTOR ( 'NONE', #987, 1000.000000000000000 ) ;
#137 = ADVANCED_FACE ( 'NONE', ( #1636 ), #135, .F. ) ;
#138 = LINE ( 'NONE', #648, #1174 ) ;
#139 = ADVANCED_FACE ( 'NONE', ( #8 ), #1531, .F. ) ;
#140 = ORIENTED_EDGE ( 'NONE', *, *, #897, .T. ) ;
#141 = FACE_OUTER_BOUND ( 'NONE', #457, .T. ) ;
#142 = DIRECTION ( 'NONE',  ( -0.5000000000000225375, -0.8660254037844257180, 0.000000000000000000 ) ) ;
#143 = CARTESIAN_POINT ( 'NONE',  ( -0.000000000000000000, 768.9400529352717513, 1397.944561134075684 ) ) ;
#144 = EDGE_LOOP ( 'NONE', ( #1576, #344 ) ) ;
#145 = EDGE_CURVE ( 'NONE', #828, #451, #1362, .T. ) ;
#146 = DIRECTION ( 'NONE',  ( -0.7808688094430236148, 0.000000000000000000, 0.6246950475544326142 ) ) ;
#147 = DIRECTION ( 'NONE',  ( 0.000000000000000000, -0.000000000000000000, 1.000000000000000000 ) ) ;
#148 = VERTEX_POINT ( 'NONE', #771 ) ;
#149 = FACE_OUTER_BOUND ( 'NONE', #1514, .T. ) ;
#150 = PRODUCT_DEFINITION_SHAPE ( 'NONE', 'NONE',  #723 ) ;
#151 = PLANE ( 'NONE',  #610 ) ;
#152 = EDGE_CURVE ( 'NONE', #444, #920, #518, .T. ) ;
#153 = AXIS2_PLACEMENT_3D ( 'NONE', #1141, #740, #1242 ) ;
#154 = DIRECTION ( 'NONE',  ( -0.000000000000000000, 0.000000000000000000, -1.000000000000000000 ) ) ;
#155 = CONICAL_SURFACE ( 'NONE', #289, 2.225000000000032507, 0.7853981633996686140 ) ;
#156 = AXIS2_PLACEMENT_3D ( 'NONE', #589, #1205, #1585 ) ;
#157 = ORIENTED_EDGE ( 'NONE', *, *, #798, .F. ) ;
#158 = DIRECTION ( 'NONE',  ( 0.000000000000000000, 1.000000000000000000, 0.000000000000000000 ) ) ;
#159 = LINE ( 'NONE', #905, #1561 ) ;
#160 = EDGE_CURVE ( 'NONE', #727, #1493, #1405, .T. ) ;
#161 = EDGE_LOOP ( 'NONE', ( #58, #1618, #349, #471 ) ) ;
#162 = DIRECTION ( 'NONE',  ( -0.000000000000000000, -0.000000000000000000, 1.000000000000000000 ) ) ;
#163 = LINE ( 'NONE', #669, #388 ) ;
#164 = EDGE_CURVE ( 'NONE', #1194, #872, #93, .T. ) ;
#165 = CARTESIAN_POINT ( 'NONE',  ( 765.4599504323222163, 786.3649240658680810, 1397.944561134075684 ) ) ;
#166 = ORIENTED_EDGE ( 'NONE', *, *, #682, .F. ) ;
#167 = CARTESIAN_POINT ( 'NONE',  ( 738.1599504323222618, 783.9400529352717513, 1399.944561134075684 ) ) ;
#168 = VECTOR ( 'NONE', #1579, 1000.000000000000000 ) ;
#169 = CYLINDRICAL_SURFACE ( 'NONE', #1190, 2.799999999999913669 ) ;
#170 = AXIS2_PLACEMENT_3D ( 'NONE', #871, #1007, #1017 ) ;
#171 = FACE_OUTER_BOUND ( 'NONE', #1453, .T. ) ;
#172 = CIRCLE ( 'NONE', #1117, 1.199999999999978861 ) ;
#173 =( LENGTH_UNIT ( ) NAMED_UNIT ( * ) SI_UNIT ( .MILLI., .METRE. ) );
#174 = EDGE_CURVE ( 'NONE', #1455, #487, #609, .T. ) ;
#175 = ORIENTED_EDGE ( 'NONE', *, *, #831, .F. ) ;
#176 = DIRECTION ( 'NONE',  ( -0.8660254037844287156, -0.5000000000000172085, 0.000000000000000000 ) ) ;
#177 = PLANE ( 'NONE',  #840 ) ;
#178 = LINE ( 'NONE', #1487, #17 ) ;
#179 = APPLICATION_PROTOCOL_DEFINITION ( 'draft international standard', 'automotive_design', 1998, #78 ) ;
#180 = ORIENTED_EDGE ( 'NONE', *, *, #580, .T. ) ;
#181 = ORIENTED_EDGE ( 'NONE', *, *, #1363, .F. ) ;
#182 = CARTESIAN_POINT ( 'NONE',  ( 738.1599504323222618, 783.9400529352717513, 1400.144561134075730 ) ) ;
#183 = CARTESIAN_POINT ( 'NONE',  ( 732.9599504323223300, 798.9400529352718650, 1409.994561134075639 ) ) ;
#184 = ADVANCED_FACE ( 'NONE', ( #481 ), #1515, .F. ) ;
#185 = LINE ( 'NONE', #1222, #1617 ) ;
#186 = ORIENTED_EDGE ( 'NONE', *, *, #523, .T. ) ;
#187 = CARTESIAN_POINT ( 'NONE',  ( 0.000000000000000000, 0.000000000000000000, 1400.144561134075730 ) ) ;
#188 = ORIENTED_EDGE ( 'NONE', *, *, #1451, .T. ) ;
#189 = ORIENTED_EDGE ( 'NONE', *, *, #764, .T. ) ;
#190 = CARTESIAN_POINT ( 'NONE',  ( 736.9599504323223300, 783.9400529352717513, 1399.944561134075684 ) ) ;
#191 = LINE ( 'NONE', #707, #1055 ) ;
#192 = ADVANCED_FACE ( 'NONE', ( #1644, #498 ), #488, .T. ) ;
#193 = CARTESIAN_POINT ( 'NONE',  ( 736.9599504323223300, 783.9400529352717513, 1400.144561134075730 ) ) ;
#194 = CIRCLE ( 'NONE', #1146, 1.199999999999978861 ) ;
#195 = DIRECTION ( 'NONE',  ( 0.000000000000000000, -1.000000000000000000, 0.000000000000000000 ) ) ;
#196 = VECTOR ( 'NONE', #657, 1000.000000000000000 ) ;
#197 = ORIENTED_EDGE ( 'NONE', *, *, #14, .F. ) ;
#198 = CIRCLE ( 'NONE', #368, 2.225000000000032507 ) ;
#199 = VERTEX_POINT ( 'NONE', #1249 ) ;
#200 = DIRECTION ( 'NONE',  ( 0.000000000000000000, 0.000000000000000000, -1.000000000000000000 ) ) ;
#201 = VECTOR ( 'NONE', #1064, 999.9999999999998863 ) ;
#202 = DIRECTION ( 'NONE',  ( 1.000000000000000000, 0.000000000000000000, 0.000000000000000000 ) ) ;
#203 = LINE ( 'NONE', #963, #168 ) ;
#204 = ORIENTED_EDGE ( 'NONE', *, *, #958, .F. ) ;
#205 = DIRECTION ( 'NONE',  ( -0.000000000000000000, -0.000000000000000000, -1.000000000000000000 ) ) ;
#206 = EDGE_CURVE ( 'NONE', #451, #861, #1003, .T. ) ;
#207 = DIRECTION ( 'NONE',  ( -1.000000000000000000, 0.000000000000000000, -0.000000000000000000 ) ) ;
#208 = ORIENTED_EDGE ( 'NONE', *, *, #557, .F. ) ;
#209 = ORIENTED_EDGE ( 'NONE', *, *, #943, .F. ) ;
#210 = CARTESIAN_POINT ( 'NONE',  ( 765.4599504323223300, 783.9400529352717513, 1407.994561134075639 ) ) ;
#211 = DIRECTION ( 'NONE',  ( -0.000000000000000000, -0.000000000000000000, 1.000000000000000000 ) ) ;
#212 = ORIENTED_EDGE ( 'NONE', *, *, #668, .T. ) ;
#213 = LINE ( 'NONE', #605, #1060 ) ;
#214 = CARTESIAN_POINT ( 'NONE',  ( 0.000000000000000000, 0.000000000000000000, 1397.944561134075684 ) ) ;
#215 = ORIENTED_EDGE ( 'NONE', *, *, #29, .T. ) ;
#216 = DIRECTION ( 'NONE',  ( -0.000000000000000000, 1.000000000000000000, 0.000000000000000000 ) ) ;
#217 = ORIENTED_EDGE ( 'NONE', *, *, #489, .T. ) ;
#218 = ADVANCED_FACE ( 'NONE', ( #1267 ), #511, .T. ) ;
#219 = ORIENTED_EDGE ( 'NONE', *, *, #682, .T. ) ;
#220 = CARTESIAN_POINT ( 'NONE',  ( 763.3599504323221936, 782.7276173699735864, 1397.944561134075684 ) ) ;
#221 = DIRECTION ( 'NONE',  ( 1.000000000000000000, 0.000000000000000000, 0.000000000000000000 ) ) ;
#222 = CARTESIAN_POINT ( 'NONE',  ( 767.5599504323221254, 782.7276173699734727, 1398.944561134075684 ) ) ;
#223 = ORIENTED_EDGE ( 'NONE', *, *, #1567, .F. ) ;
#224 = DIRECTION ( 'NONE',  ( -1.000000000000000000, 0.000000000000000000, 0.000000000000000000 ) ) ;
#225 = CIRCLE ( 'NONE', #437, 2.199999999999979750 ) ;
#226 = VECTOR ( 'NONE', #912, 1000.000000000000000 ) ;
#227 = ORIENTED_EDGE ( 'NONE', *, *, #1308, .T. ) ;
#228 = VECTOR ( 'NONE', #939, 1000.000000000000000 ) ;
#229 = CARTESIAN_POINT ( 'NONE',  ( 765.4599504323223300, 781.5151818046753078, 1398.944561134075684 ) ) ;
#230 = DIRECTION ( 'NONE',  ( -0.000000000000000000, -0.000000000000000000, 1.000000000000000000 ) ) ;
#231 = AXIS2_PLACEMENT_3D ( 'NONE', #1130, #775, #1281 ) ;
#232 = EDGE_CURVE ( 'NONE', #337, #547, #163, .T. ) ;
#233 = STYLED_ITEM ( 'NONE', ( #281 ), #1505 ) ;
#234 = LINE ( 'NONE', #1134, #1038 ) ;
#235 = DIRECTION ( 'NONE',  ( 1.000000000000000000, 0.000000000000000000, 0.000000000000000000 ) ) ;
#236 = ORIENTED_EDGE ( 'NONE', *, *, #29, .F. ) ;
#237 = CARTESIAN_POINT ( 'NONE',  ( 0.000000000000000000, 798.9400529352718650, 1397.944561134075684 ) ) ;
#238 = VERTEX_POINT ( 'NONE', #33 ) ;
#239 = FACE_OUTER_BOUND ( 'NONE', #562, .T. ) ;
#240 = CARTESIAN_POINT ( 'NONE',  ( 736.9599504323223300, 783.9400529352717513, 1409.994561134075639 ) ) ;
#241 = ORIENTED_EDGE ( 'NONE', *, *, #523, .F. ) ;
#242 = VERTEX_POINT ( 'NONE', #543 ) ;
#243 = CARTESIAN_POINT ( 'NONE',  ( 767.9599504323223300, 768.9400529352717513, 1399.944561134075684 ) ) ;
#244 = DIRECTION ( 'NONE',  ( -1.000000000000000000, 0.000000000000000000, 0.000000000000000000 ) ) ;
#245 = EDGE_CURVE ( 'NONE', #1050, #1374, #403, .T. ) ;
#246 = ORIENTED_EDGE ( 'NONE', *, *, #277, .T. ) ;
#247 = DIRECTION ( 'NONE',  ( -0.5000000000000172085, 0.8660254037844287156, 0.000000000000000000 ) ) ;
#248 = APPLICATION_PROTOCOL_DEFINITION ( 'draft international standard', 'automotive_design', 1998, #1148 ) ;
#249 = ORIENTED_EDGE ( 'NONE', *, *, #772, .T. ) ;
#250 = FACE_OUTER_BOUND ( 'NONE', #1344, .T. ) ;
#251 = VERTEX_POINT ( 'NONE', #1284 ) ;
#252 = DIRECTION ( 'NONE',  ( -0.8660254037844371533, -0.5000000000000026645, 0.000000000000000000 ) ) ;
#253 = DIRECTION ( 'NONE',  ( -0.000000000000000000, -0.000000000000000000, 1.000000000000000000 ) ) ;
#254 = EDGE_CURVE ( 'NONE', #1280, #1474, #552, .T. ) ;
#255 = CARTESIAN_POINT ( 'NONE',  ( 734.8599504323225347, 785.1524885005700298, 1398.944561134075684 ) ) ;
#256 = EDGE_CURVE ( 'NONE', #1292, #730, #786, .T. ) ;
#257 = VECTOR ( 'NONE', #619, 1000.000000000000000 ) ;
#258 = VERTEX_POINT ( 'NONE', #1562 ) ;
#259 = PLANE ( 'NONE',  #1382 ) ;
#260 = VECTOR ( 'NONE', #359, 1000.000000000000000 ) ;
#261 = ORIENTED_EDGE ( 'NONE', *, *, #545, .F. ) ;
#262 = CARTESIAN_POINT ( 'NONE',  ( 752.9599504323223300, 809.1380919624573380, 1397.944561134075684 ) ) ;
#263 = VECTOR ( 'NONE', #1234, 1000.000000000000000 ) ;
#264 = PLANE ( 'NONE',  #40 ) ;
#265 = STYLED_ITEM ( 'NONE', ( #1303 ), #1546 ) ;
#266 = ORIENTED_EDGE ( 'NONE', *, *, #886, .T. ) ;
#267 = DIRECTION ( 'NONE',  ( 0.8553141054729498372, 0.5181098155594116017, 0.000000000000000000 ) ) ;
#268 = EDGE_CURVE ( 'NONE', #426, #1428, #1295, .T. ) ;
#269 = DIRECTION ( 'NONE',  ( 0.000000000000000000, 1.000000000000000000, 0.000000000000000000 ) ) ;
#270 = DIRECTION ( 'NONE',  ( 0.000000000000000000, -1.000000000000000000, 0.000000000000000000 ) ) ;
#271 = ORIENTED_EDGE ( 'NONE', *, *, #1240, .T. ) ;
#272 = DIRECTION ( 'NONE',  ( -0.8660254037844484776, -0.4999999999999828471, 0.000000000000000000 ) ) ;
#273 = LINE ( 'NONE', #279, #1191 ) ;
#274 = ORIENTED_EDGE ( 'NONE', *, *, #405, .T. ) ;
#275 = PLANE ( 'NONE',  #1537 ) ;
#276 = FACE_OUTER_BOUND ( 'NONE', #514, .T. ) ;
#277 = EDGE_CURVE ( 'NONE', #317, #1126, #916, .T. ) ;
#278 = ORIENTED_EDGE ( 'NONE', *, *, #1504, .T. ) ;
#279 = CARTESIAN_POINT ( 'NONE',  ( 743.2992182853247414, 775.6152925326466629, 1406.994561134075639 ) ) ;
#280 = DIRECTION ( 'NONE',  ( -1.000000000000000000, 0.000000000000000000, 0.000000000000000000 ) ) ;
#281 = PRESENTATION_STYLE_ASSIGNMENT (( #1039 ) ) ;
#282 = ORIENTED_EDGE ( 'NONE', *, *, #3, .F. ) ;
#283 = VECTOR ( 'NONE', #955, 1000.000000000000000 ) ;
#284 = DIRECTION ( 'NONE',  ( -0.000000000000000000, -0.000000000000000000, 1.000000000000000000 ) ) ;
#285 = CIRCLE ( 'NONE', #1431, 2.199999999999979750 ) ;
#286 = EDGE_CURVE ( 'NONE', #885, #77, #194, .T. ) ;
#287 = VECTOR ( 'NONE', #1437, 1000.000000000000000 ) ;
#288 = CARTESIAN_POINT ( 'NONE',  ( 767.5599504323221254, 785.1524885005699161, 1398.944561134075684 ) ) ;
#289 = AXIS2_PLACEMENT_3D ( 'NONE', #738, #1111, #593 ) ;
#290 = ORIENTED_EDGE ( 'NONE', *, *, #1607, .T. ) ;
#291 = DIRECTION ( 'NONE',  ( -0.000000000000000000, -0.000000000000000000, -1.000000000000000000 ) ) ;
#292 = ADVANCED_FACE ( 'NONE', ( #780 ), #532, .F. ) ;
#293 = PLANE ( 'NONE',  #1217 ) ;
#294 = SURFACE_SIDE_STYLE ('',( #1551 ) ) ;
#295 = EDGE_LOOP ( 'NONE', ( #777, #351, #1250, #999, #1643, #1018 ) ) ;
#296 = DIRECTION ( 'NONE',  ( -0.000000000000000000, -0.000000000000000000, -1.000000000000000000 ) ) ;
#297 = CARTESIAN_POINT ( 'NONE',  ( 734.8599504323225347, 782.7276173699739275, 1398.944561134075684 ) ) ;
#298 = EDGE_CURVE ( 'NONE', #1031, #914, #811, .T. ) ;
#299 = ADVANCED_FACE ( 'NONE', ( #23, #149 ), #293, .T. ) ;
#300 = DIRECTION ( 'NONE',  ( 0.8660254037844485886, 0.4999999999999829026, 0.000000000000000000 ) ) ;
#301 = ORIENTED_EDGE ( 'NONE', *, *, #821, .T. ) ;
#302 = LINE ( 'NONE', #453, #228 ) ;
#303 = AXIS2_PLACEMENT_3D ( 'NONE', #132, #865, #235 ) ;
#304 = CARTESIAN_POINT ( 'NONE',  ( 760.4599504323223300, 798.9400529352718650, 1395.944561134075684 ) ) ;
#305 = AXIS2_PLACEMENT_3D ( 'NONE', #240, #375, #863 ) ;
#306 = CARTESIAN_POINT ( 'NONE',  ( 752.9599504323223300, 809.1380919624573380, 1397.944561134075684 ) ) ;
#307 = AXIS2_PLACEMENT_3D ( 'NONE', #1535, #1641, #1163 ) ;
#308 = PRESENTATION_LAYER_ASSIGNMENT (  '', '', ( #265 ) ) ;
#309 = ORIENTED_EDGE ( 'NONE', *, *, #430, .T. ) ;
#310 = EDGE_CURVE ( 'NONE', #931, #528, #159, .T. ) ;
#311 = ORIENTED_EDGE ( 'NONE', *, *, #655, .F. ) ;
#312 = CARTESIAN_POINT ( 'NONE',  ( 762.9599504323223300, 768.9400529352717513, 1369.530748482584386 ) ) ;
#313 = CARTESIAN_POINT ( 'NONE',  ( 736.9599504323223300, 783.9400529352717513, 1398.944561134075684 ) ) ;
#314 = CARTESIAN_POINT ( 'NONE',  ( 736.5217301438719915, 768.9400529352717513, 1406.994561134075639 ) ) ;
#315 = FACE_OUTER_BOUND ( 'NONE', #1233, .T. ) ;
#316 = CARTESIAN_POINT ( 'NONE',  ( 763.3599504323221936, 785.1524885005699161, 1398.944561134075684 ) ) ;
#317 = VERTEX_POINT ( 'NONE', #1423 ) ;
#318 = VERTEX_POINT ( 'NONE', #1189 ) ;
#319 = ADVANCED_FACE ( 'NONE', ( #653 ), #39, .T. ) ;
#320 = LINE ( 'NONE', #1218, #951 ) ;
#321 = FACE_OUTER_BOUND ( 'NONE', #1212, .T. ) ;
#322 = DIRECTION ( 'NONE',  ( -0.000000000000000000, -0.000000000000000000, -1.000000000000000000 ) ) ;
#323 = CARTESIAN_POINT ( 'NONE',  ( 735.3638938746412350, 798.9400529352717513, 1406.994561134075639 ) ) ;
#324 = CARTESIAN_POINT ( 'NONE',  ( 767.9599504323223300, 798.9400529352718650, 1409.994561134075639 ) ) ;
#325 = ORIENTED_EDGE ( 'NONE', *, *, #798, .T. ) ;
#326 = DIRECTION ( 'NONE',  ( 0.000000000000000000, 0.000000000000000000, -1.000000000000000000 ) ) ;
#327 = DIRECTION ( 'NONE',  ( 0.8660254037844485886, 0.4999999999999829026, 0.000000000000000000 ) ) ;
#328 = PLANE ( 'NONE',  #466 ) ;
#329 = AXIS2_PLACEMENT_3D ( 'NONE', #105, #224, #352 ) ;
#330 = EDGE_CURVE ( 'NONE', #861, #1388, #1302, .T. ) ;
#331 = ORIENTED_EDGE ( 'NONE', *, *, #1059, .T. ) ;
#332 = ORIENTED_EDGE ( 'NONE', *, *, #617, .T. ) ;
#333 = AXIS2_PLACEMENT_3D ( 'NONE', #313, #839, #830 ) ;
#334 = AXIS2_PLACEMENT_3D ( 'NONE', #1624, #1592, #102 ) ;
#335 = ORIENTED_EDGE ( 'NONE', *, *, #343, .F. ) ;
#336 = VECTOR ( 'NONE', #1424, 1000.000000000000114 ) ;
#337 = VERTEX_POINT ( 'NONE', #15 ) ;
#338 = DIRECTION ( 'NONE',  ( -1.000000000000000000, 0.000000000000000000, 0.000000000000000000 ) ) ;
#339 = MECHANICAL_DESIGN_GEOMETRIC_PRESENTATION_REPRESENTATION (  '', ( #265 ), #417 ) ;
#340 = FACE_OUTER_BOUND ( 'NONE', #1002, .T. ) ;
#341 = CARTESIAN_POINT ( 'NONE',  ( 762.9599504323223300, 798.9400529352718650, 1397.944561134075684 ) ) ;
#342 = ORIENTED_EDGE ( 'NONE', *, *, #913, .F. ) ;
#343 = EDGE_CURVE ( 'NONE', #1637, #1187, #524, .T. ) ;
#344 = ORIENTED_EDGE ( 'NONE', *, *, #782, .T. ) ;
#345 = ORIENTED_EDGE ( 'NONE', *, *, #534, .T. ) ;
#346 = CARTESIAN_POINT ( 'NONE',  ( 732.9599504323223300, 768.9400529352717513, 1409.994561134075639 ) ) ;
#347 = CYLINDRICAL_SURFACE ( 'NONE', #879, 1.199999999999978861 ) ;
#348 = ORIENTED_EDGE ( 'NONE', *, *, #1059, .F. ) ;
#349 = ORIENTED_EDGE ( 'NONE', *, *, #1626, .F. ) ;
#350 = CARTESIAN_POINT ( 'NONE',  ( 767.6599504323222618, 783.9400529352717513, 1409.994561134075639 ) ) ;
#351 = ORIENTED_EDGE ( 'NONE', *, *, #1426, .F. ) ;
#352 = DIRECTION ( 'NONE',  ( 0.000000000000000000, 0.000000000000000000, 1.000000000000000000 ) ) ;
#353 = ADVANCED_FACE ( 'NONE', ( #1418 ), #275, .F. ) ;
#354 = VERTEX_POINT ( 'NONE', #936 ) ;
#355 = LINE ( 'NONE', #229, #1247 ) ;
#356 = CARTESIAN_POINT ( 'NONE',  ( 734.8599504323225347, 782.7276173699739275, 1398.944561134075684 ) ) ;
#357 = ORIENTED_EDGE ( 'NONE', *, *, #1155, .T. ) ;
#358 = CARTESIAN_POINT ( 'NONE',  ( 732.9599504323223300, 798.9400529352718650, 1406.994561134075639 ) ) ;
#359 = DIRECTION ( 'NONE',  ( -0.000000000000000000, -0.000000000000000000, -1.000000000000000000 ) ) ;
#360 = EDGE_LOOP ( 'NONE', ( #787, #325 ) ) ;
#361 = CARTESIAN_POINT ( 'NONE',  ( 732.9599504323223300, 0.000000000000000000, 1397.944561134075684 ) ) ;
#362 = VECTOR ( 'NONE', #1448, 1000.000000000000000 ) ;
#363 = VERTEX_POINT ( 'NONE', #940 ) ;
#364 = CIRCLE ( 'NONE', #576, 1.199999999999978861 ) ;
#365 = LINE ( 'NONE', #96, #1590 ) ;
#366 = ADVANCED_FACE ( 'NONE', ( #1338 ), #177, .F. ) ;
#367 = DIRECTION ( 'NONE',  ( 1.000000000000000000, 0.000000000000000000, 0.000000000000000000 ) ) ;
#368 = AXIS2_PLACEMENT_3D ( 'NONE', #784, #378, #895 ) ;
#369 = CARTESIAN_POINT ( 'NONE',  ( 763.3599504323221936, 785.1524885005699161, 1398.944561134075684 ) ) ;
#370 = DIRECTION ( 'NONE',  ( -0.8660254037844371533, -0.5000000000000026645, 0.000000000000000000 ) ) ;
#371 = ORIENTED_EDGE ( 'NONE', *, *, #489, .F. ) ;
#372 = DIRECTION ( 'NONE',  ( 0.000000000000000000, 0.000000000000000000, 1.000000000000000000 ) ) ;
#373 = EDGE_LOOP ( 'NONE', ( #204, #290, #1442, #497 ) ) ;
#374 = DIRECTION ( 'NONE',  ( -0.000000000000000000, 0.000000000000000000, 1.000000000000000000 ) ) ;
#375 = DIRECTION ( 'NONE',  ( -0.000000000000000000, -0.000000000000000000, 1.000000000000000000 ) ) ;
#376 = ORIENTED_EDGE ( 'NONE', *, *, #534, .F. ) ;
#377 = ADVANCED_FACE ( 'NONE', ( #701 ), #169, .T. ) ;
#378 = DIRECTION ( 'NONE',  ( -0.000000000000000000, -0.000000000000000000, 1.000000000000000000 ) ) ;
#379 = DIRECTION ( 'NONE',  ( 0.8660254037844256070, -0.5000000000000224265, 0.000000000000000000 ) ) ;
#380 = ADVANCED_FACE ( 'NONE', ( #575 ), #328, .F. ) ;
#381 = DIRECTION ( 'NONE',  ( 1.000000000000000000, 0.000000000000000000, 0.000000000000000000 ) ) ;
#382 = VERTEX_POINT ( 'NONE', #1573 ) ;
#383 = DIRECTION ( 'NONE',  ( -0.000000000000000000, -0.000000000000000000, 1.000000000000000000 ) ) ;
#384 = CARTESIAN_POINT ( 'NONE',  ( 767.5599504323221254, 782.7276173699734727, 1397.944561134075684 ) ) ;
#385 = DIRECTION ( 'NONE',  ( -1.000000000000000000, -0.000000000000000000, -0.000000000000000000 ) ) ;
#386 = EDGE_CURVE ( 'NONE', #1575, #1243, #1198, .T. ) ;
#387 = CARTESIAN_POINT ( 'NONE',  ( 0.000000000000000000, 768.9400529352717513, 1397.944561134075684 ) ) ;
#388 = VECTOR ( 'NONE', #280, 1000.000000000000000 ) ;
#389 = VECTOR ( 'NONE', #379, 1000.000000000000114 ) ;
#390 = LINE ( 'NONE', #870, #1454 ) ;
#391 = VECTOR ( 'NONE', #1164, 1000.000000000000000 ) ;
#392 = ORIENTED_EDGE ( 'NONE', *, *, #1077, .F. ) ;
#393 = CARTESIAN_POINT ( 'NONE',  ( 752.9599504323223300, 768.9400529352717513, 1397.944561134075684 ) ) ;
#394 = AXIS2_PLACEMENT_3D ( 'NONE', #369, #778, #272 ) ;
#395 = CARTESIAN_POINT ( 'NONE',  ( 732.9599504323223300, 798.9400529352718650, 1409.994561134075639 ) ) ;
#396 = VERTEX_POINT ( 'NONE', #808 ) ;
#397 = CARTESIAN_POINT ( 'NONE',  ( 767.5599504323221254, 785.1524885005699161, 1398.944561134075684 ) ) ;
#398 = EDGE_CURVE ( 'NONE', #1385, #547, #1076, .T. ) ;
#399 = LINE ( 'NONE', #544, #1062 ) ;
#400 = EDGE_LOOP ( 'NONE', ( #188, #894, #881, #54 ) ) ;
#401 = CARTESIAN_POINT ( 'NONE',  ( 752.9599504323223300, 768.9400529352717513, 1397.944561134075684 ) ) ;
#402 = ORIENTED_EDGE ( 'NONE', *, *, #821, .F. ) ;
#403 = LINE ( 'NONE', #673, #1081 ) ;
#404 = CARTESIAN_POINT ( 'NONE',  ( 739.0599504323223528, 782.7276173699740411, 1398.944561134075684 ) ) ;
#405 = EDGE_CURVE ( 'NONE', #1602, #1455, #203, .T. ) ;
#406 = ORIENTED_EDGE ( 'NONE', *, *, #1363, .T. ) ;
#407 = CARTESIAN_POINT ( 'NONE',  ( 738.1599504323222618, 783.9400529352717513, 1409.994561134075639 ) ) ;
#408 = DIRECTION ( 'NONE',  ( -0.4999999999999973910, -0.8660254037844402619, 0.000000000000000000 ) ) ;
#409 = SURFACE_STYLE_USAGE ( .BOTH. , #294 ) ;
#410 = AXIS2_PLACEMENT_3D ( 'NONE', #92, #1160, #756 ) ;
#411 = AXIS2_PLACEMENT_3D ( 'NONE', #288, #1171, #154 ) ;
#412 = EDGE_CURVE ( 'NONE', #1126, #429, #439, .T. ) ;
#413 = CARTESIAN_POINT ( 'NONE',  ( 739.0599504323223528, 782.7276173699740411, 1398.944561134075684 ) ) ;
#414 = VECTOR ( 'NONE', #176, 1000.000000000000114 ) ;
#415 = DIRECTION ( 'NONE',  ( -1.000000000000000000, 0.000000000000000000, 0.000000000000000000 ) ) ;
#416 = VECTOR ( 'NONE', #1528, 1000.000000000000000 ) ;
#417 =( GEOMETRIC_REPRESENTATION_CONTEXT ( 3 ) GLOBAL_UNCERTAINTY_ASSIGNED_CONTEXT ( ( #1517 ) ) GLOBAL_UNIT_ASSIGNED_CONTEXT ( ( #1291, #677, #663 ) ) REPRESENTATION_CONTEXT ( 'NONE', 'WORKASPACE' ) );
#418 = DIRECTION ( 'NONE',  ( 0.000000000000000000, 0.000000000000000000, -1.000000000000000000 ) ) ;
#419 = EDGE_LOOP ( 'NONE', ( #44, #1446, #692, #860 ) ) ;
#420 = DIRECTION ( 'NONE',  ( -0.000000000000000000, -0.000000000000000000, -1.000000000000000000 ) ) ;
#421 = EDGE_CURVE ( 'NONE', #1253, #148, #684, .T. ) ;
#422 = CARTESIAN_POINT ( 'NONE',  ( 0.000000000000000000, 0.000000000000000000, 1398.944561134075684 ) ) ;
#423 = EDGE_CURVE ( 'NONE', #727, #77, #185, .T. ) ;
#424 = ORIENTED_EDGE ( 'NONE', *, *, #442, .T. ) ;
#425 = DIRECTION ( 'NONE',  ( -1.000000000000000000, 0.000000000000000000, -0.000000000000000000 ) ) ;
#426 = VERTEX_POINT ( 'NONE', #1350 ) ;
#427 = DIRECTION ( 'NONE',  ( 0.5000000000000172085, -0.8660254037844287156, 0.000000000000000000 ) ) ;
#428 = FACE_OUTER_BOUND ( 'NONE', #1605, .T. ) ;
#429 = VERTEX_POINT ( 'NONE', #720 ) ;
#430 = EDGE_CURVE ( 'NONE', #1176, #382, #1088, .T. ) ;
#431 = CARTESIAN_POINT ( 'NONE',  ( -0.000000000000000000, 768.9400529352717513, 1397.944561134075684 ) ) ;
#432 = DIRECTION ( 'NONE',  ( -0.000000000000000000, -0.000000000000000000, -1.000000000000000000 ) ) ;
#433 = VERTEX_POINT ( 'NONE', #1229 ) ;
#434 = ORIENTED_EDGE ( 'NONE', *, *, #1464, .T. ) ;
#435 = CARTESIAN_POINT ( 'NONE',  ( 0.000000000000000000, 0.000000000000000000, 1399.944561134075684 ) ) ;
#436 = CARTESIAN_POINT ( 'NONE',  ( 739.0599504323223528, 782.7276173699740411, 1398.944561134075684 ) ) ;
#437 = AXIS2_PLACEMENT_3D ( 'NONE', #1394, #1494, #381 ) ;
#438 = CONICAL_SURFACE ( 'NONE', #793, 2.225000000000032507, 0.7853981633996686140 ) ;
#439 = LINE ( 'NONE', #297, #362 ) ;
#440 = CARTESIAN_POINT ( 'NONE',  ( 734.7599504323222845, 783.9400529352717513, 1409.994561134075639 ) ) ;
#441 = VECTOR ( 'NONE', #908, 1000.000000000000000 ) ;
#442 = EDGE_CURVE ( 'NONE', #1097, #1050, #52, .T. ) ;
#443 = CARTESIAN_POINT ( 'NONE',  ( 732.9599504323223300, 768.9400529352717513, 1406.994561134075639 ) ) ;
#444 = VERTEX_POINT ( 'NONE', #1459 ) ;
#445 = CARTESIAN_POINT ( 'NONE',  ( 766.6599504323222618, 783.9400529352717513, 1409.994561134075639 ) ) ;
#446 = DIRECTION ( 'NONE',  ( -0.000000000000000000, -0.000000000000000000, 1.000000000000000000 ) ) ;
#447 = LINE ( 'NONE', #1467, #1343 ) ;
#448 = ORIENTED_EDGE ( 'NONE', *, *, #1203, .F. ) ;
#449 = DIRECTION ( 'NONE',  ( -1.000000000000000000, 0.000000000000000000, 0.000000000000000000 ) ) ;
#450 = ORIENTED_EDGE ( 'NONE', *, *, #1138, .T. ) ;
#451 = VERTEX_POINT ( 'NONE', #595 ) ;
#452 = CARTESIAN_POINT ( 'NONE',  ( 0.000000000000000000, 798.9400529352718650, 1400.144561134075730 ) ) ;
#453 = CARTESIAN_POINT ( 'NONE',  ( 732.9599504323223300, 768.9400529352717513, 1406.994561134075639 ) ) ;
#454 = DIRECTION ( 'NONE',  ( -0.000000000000000000, -0.000000000000000000, 1.000000000000000000 ) ) ;
#455 = ORIENTED_EDGE ( 'NONE', *, *, #1483, .T. ) ;
#456 = LINE ( 'NONE', #316, #776 ) ;
#457 = EDGE_LOOP ( 'NONE', ( #583, #1124 ) ) ;
#458 = ORIENTED_EDGE ( 'NONE', *, *, #1495, .T. ) ;
#459 = LINE ( 'NONE', #1589, #926 ) ;
#460 = CARTESIAN_POINT ( 'NONE',  ( 765.4599504323223300, 783.9400529352717513, 1409.994561134075639 ) ) ;
#461 = EDGE_CURVE ( 'NONE', #148, #1253, #285, .T. ) ;
#462 = DIRECTION ( 'NONE',  ( -0.000000000000000000, 0.000000000000000000, -1.000000000000000000 ) ) ;
#463 = DIRECTION ( 'NONE',  ( 0.000000000000000000, -1.000000000000000000, 0.000000000000000000 ) ) ;
#464 = CLOSED_SHELL ( 'NONE', ( #1025, #928, #1366, #515, #994, #1256, #87, #377, #1440, #1438, #1049, #702, #380, #1635, #1597, #1420, #1645, #1318, #184, #1185, #903, #1301, #591, #1572, #941, #935 ) ) ;
#465 = ORIENTED_EDGE ( 'NONE', *, *, #1483, .F. ) ;
#466 = AXIS2_PLACEMENT_3D ( 'NONE', #558, #1331, #1444 ) ;
#467 = VERTEX_POINT ( 'NONE', #1311 ) ;
#468 = VECTOR ( 'NONE', #921, 1000.000000000000114 ) ;
#469 = AXIS2_PLACEMENT_3D ( 'NONE', #190, #326, #474 ) ;
#470 = CARTESIAN_POINT ( 'NONE',  ( 734.7349504323223073, 783.9400529352717513, 1409.994561134075639 ) ) ;
#471 = ORIENTED_EDGE ( 'NONE', *, *, #22, .T. ) ;
#472 = AXIS2_PLACEMENT_3D ( 'NONE', #1341, #826, #1107 ) ;
#473 = ORIENTED_EDGE ( 'NONE', *, *, #943, .T. ) ;
#474 = DIRECTION ( 'NONE',  ( -1.000000000000000000, 0.000000000000000000, 0.000000000000000000 ) ) ;
#475 = DIRECTION ( 'NONE',  ( -0.000000000000000000, 0.000000000000000000, -1.000000000000000000 ) ) ;
#476 = DIRECTION ( 'NONE',  ( 0.000000000000000000, 1.000000000000000000, 0.000000000000000000 ) ) ;
#477 = ADVANCED_FACE ( 'NONE', ( #428, #566 ), #815, .T. ) ;
#478 = LINE ( 'NONE', #1501, #260 ) ;
#479 = ORIENTED_EDGE ( 'NONE', *, *, #1522, .F. ) ;
#480 = EDGE_CURVE ( 'NONE', #317, #736, #447, .T. ) ;
#481 = FACE_OUTER_BOUND ( 'NONE', #567, .T. ) ;
#482 = ORIENTED_EDGE ( 'NONE', *, *, #1240, .F. ) ;
#483 = CARTESIAN_POINT ( 'NONE',  ( 734.8599504323225347, 782.7276173699739275, 1398.944561134075684 ) ) ;
#484 = DIRECTION ( 'NONE',  ( 1.000000000000000000, 0.000000000000000000, 0.000000000000000000 ) ) ;
#485 = DIRECTION ( 'NONE',  ( -0.000000000000000000, -0.000000000000000000, 1.000000000000000000 ) ) ;
#486 = FACE_BOUND ( 'NONE', #1361, .T. ) ;
#487 = VERTEX_POINT ( 'NONE', #832 ) ;
#488 = PLANE ( 'NONE',  #1110 ) ;
#489 = EDGE_CURVE ( 'NONE', #1314, #721, #126, .T. ) ;
#490 = ORIENTED_EDGE ( 'NONE', *, *, #886, .F. ) ;
#491 = CARTESIAN_POINT ( 'NONE',  ( 767.9599504323223300, 768.9400529352717513, 1397.944561134075684 ) ) ;
#492 = CARTESIAN_POINT ( 'NONE',  ( 736.9599504323223300, 783.9400529352717513, 1409.994561134075639 ) ) ;
#493 = ORIENTED_EDGE ( 'NONE', *, *, #164, .T. ) ;
#494 = ORIENTED_EDGE ( 'NONE', *, *, #1152, .T. ) ;
#495 = DIRECTION ( 'NONE',  ( -1.000000000000000000, 3.965082230804252572E-14, 0.000000000000000000 ) ) ;
#496 = LINE ( 'NONE', #762, #1315 ) ;
#497 = ORIENTED_EDGE ( 'NONE', *, *, #649, .F. ) ;
#498 = FACE_BOUND ( 'NONE', #360, .T. ) ;
#499 = VECTOR ( 'NONE', #216, 1000.000000000000000 ) ;
#500 = VECTOR ( 'NONE', #81, 1000.000000000000000 ) ;
#501 = EDGE_CURVE ( 'NONE', #1118, #242, #121, .T. ) ;
#502 = EDGE_LOOP ( 'NONE', ( #26, #1586, #1646, #455 ) ) ;
#503 = AXIS2_PLACEMENT_3D ( 'NONE', #672, #142, #1293 ) ;
#504 = DIRECTION ( 'NONE',  ( -1.000000000000000000, 0.000000000000000000, 0.000000000000000000 ) ) ;
#505 = DIRECTION ( 'NONE',  ( -0.000000000000000000, -0.000000000000000000, 1.000000000000000000 ) ) ;
#506 = VECTOR ( 'NONE', #270, 1000.000000000000000 ) ;
#507 = EDGE_LOOP ( 'NONE', ( #36, #1072 ) ) ;
#508 = PRESENTATION_LAYER_ASSIGNMENT (  '', '', ( #233 ) ) ;
#509 = FACE_OUTER_BOUND ( 'NONE', #835, .T. ) ;
#510 = VERTEX_POINT ( 'NONE', #1001 ) ;
#511 = PLANE ( 'NONE',  #62 ) ;
#512 = ORIENTED_EDGE ( 'NONE', *, *, #1376, .T. ) ;
#513 = CARTESIAN_POINT ( 'NONE',  ( 0.000000000000000000, 798.9400529352718650, 1406.994561134075639 ) ) ;
#514 = EDGE_LOOP ( 'NONE', ( #1206, #357, #458, #945 ) ) ;
#515 = ADVANCED_FACE ( 'NONE', ( #616 ), #438, .F. ) ;
#516 = DIRECTION ( 'NONE',  ( -0.000000000000000000, -0.000000000000000000, -1.000000000000000000 ) ) ;
#517 = CARTESIAN_POINT ( 'NONE',  ( 765.4599504323223300, 783.9400529352717513, 1398.944561134075684 ) ) ;
#518 = LINE ( 'NONE', #1628, #1475 ) ;
#519 = PRODUCT_DEFINITION_CONTEXT ( 'detailed design', #1148, 'design' ) ;
#520 = CARTESIAN_POINT ( 'NONE',  ( 755.4599504323223300, 768.9400529352717513, 1395.944561134075684 ) ) ;
#521 = CARTESIAN_POINT ( 'NONE',  ( 763.2349504323223073, 783.9400529352717513, 1409.994561134075639 ) ) ;
#522 = DIRECTION ( 'NONE',  ( -0.000000000000000000, -0.000000000000000000, 1.000000000000000000 ) ) ;
#523 = EDGE_CURVE ( 'NONE', #1575, #363, #1273, .T. ) ;
#524 = LINE ( 'NONE', #397, #226 ) ;
#525 = VECTOR ( 'NONE', #72, 1000.000000000000000 ) ;
#526 =( NAMED_UNIT ( * ) PLANE_ANGLE_UNIT ( ) SI_UNIT ( $, .RADIAN. ) );
#527 = VECTOR ( 'NONE', #915, 1000.000000000000000 ) ;
#528 = VERTEX_POINT ( 'NONE', #1652 ) ;
#529 = AXIS2_PLACEMENT_3D ( 'NONE', #641, #758, #1630 ) ;
#530 = CARTESIAN_POINT ( 'NONE',  ( 734.8599504323225347, 785.1524885005700298, 1397.944561134075684 ) ) ;
#531 = AXIS2_PLACEMENT_3D ( 'NONE', #187, #956, #207 ) ;
#532 = PLANE ( 'NONE',  #411 ) ;
#533 = UNCERTAINTY_MEASURE_WITH_UNIT (LENGTH_MEASURE( 1.000000000000000082E-05 ), #173, 'distance_accuracy_value', 'NONE');
#534 = EDGE_CURVE ( 'NONE', #148, #1014, #496, .T. ) ;
#535 = LINE ( 'NONE', #404, #849 ) ;
#536 = ORIENTED_EDGE ( 'NONE', *, *, #160, .F. ) ;
#537 = DIRECTION ( 'NONE',  ( -0.000000000000000000, -0.000000000000000000, 1.000000000000000000 ) ) ;
#538 = CARTESIAN_POINT ( 'NONE',  ( 767.9599504323223300, 0.000000000000000000, 1397.944561134075684 ) ) ;
#539 = ADVANCED_FACE ( 'NONE', ( #1492 ), #1145, .T. ) ;
#540 = SURFACE_SIDE_STYLE ('',( #1180 ) ) ;
#541 = ORIENTED_EDGE ( 'NONE', *, *, #1412, .F. ) ;
#542 = CARTESIAN_POINT ( 'NONE',  ( 763.2349504323223073, 783.9400529352717513, 1409.994561134075639 ) ) ;
#543 = CARTESIAN_POINT ( 'NONE',  ( 764.2599504323222845, 783.9400529352717513, 1399.944561134075684 ) ) ;
#544 = CARTESIAN_POINT ( 'NONE',  ( 767.9599504323223300, 798.9400529352718650, 1397.944561134075684 ) ) ;
#545 = EDGE_CURVE ( 'NONE', #199, #242, #20, .T. ) ;
#546 = AXIS2_PLACEMENT_3D ( 'NONE', #712, #73, #568 ) ;
#547 = VERTEX_POINT ( 'NONE', #341 ) ;
#548 = ADVANCED_FACE ( 'NONE', ( #509 ), #1512, .F. ) ;
#549 = LINE ( 'NONE', #51, #1619 ) ;
#550 = VECTOR ( 'NONE', #700, 999.9999999999998863 ) ;
#551 = VECTOR ( 'NONE', #1416, 1000.000000000000000 ) ;
#552 = LINE ( 'NONE', #143, #1429 ) ;
#553 = COLOUR_RGB ( '',0.7921568627450980005, 0.8196078431372548767, 0.9333333333333333481 ) ;
#554 = CARTESIAN_POINT ( 'NONE',  ( 734.8599504323225347, 785.1524885005700298, 1398.944561134075684 ) ) ;
#555 = ORIENTED_EDGE ( 'NONE', *, *, #668, .F. ) ;
#556 = CARTESIAN_POINT ( 'NONE',  ( 739.0599504323223528, 782.7276173699740411, 1397.944561134075684 ) ) ;
#557 = EDGE_CURVE ( 'NONE', #433, #69, #1264, .T. ) ;
#558 = CARTESIAN_POINT ( 'NONE',  ( -143.0429368866131199, 236.1403662567123263, 1406.994561134075639 ) ) ;
#559 = ORIENTED_EDGE ( 'NONE', *, *, #480, .F. ) ;
#560 = ORIENTED_EDGE ( 'NONE', *, *, #782, .F. ) ;
#561 = CARTESIAN_POINT ( 'NONE',  ( 732.9599504323223300, 768.9400529352717513, 1397.944561134075684 ) ) ;
#562 = EDGE_LOOP ( 'NONE', ( #1073, #760, #134, #67 ) ) ;
#563 = DIRECTION ( 'NONE',  ( 1.000000000000000000, 0.000000000000000000, 0.000000000000000000 ) ) ;
#564 = CARTESIAN_POINT ( 'NONE',  ( 734.8599504323225347, 785.1524885005699161, 1397.944561134075684 ) ) ;
#565 = EDGE_CURVE ( 'NONE', #744, #1194, #888, .T. ) ;
#566 = FACE_BOUND ( 'NONE', #144, .T. ) ;
#567 = EDGE_LOOP ( 'NONE', ( #85, #406, #1092, #1603 ) ) ;
#568 = DIRECTION ( 'NONE',  ( 1.000000000000000000, 0.000000000000000000, 0.000000000000000000 ) ) ;
#569 = PLANE ( 'NONE',  #531 ) ;
#570 = VERTEX_POINT ( 'NONE', #1116 ) ;
#571 = EDGE_LOOP ( 'NONE', ( #650, #116 ) ) ;
#572 = CARTESIAN_POINT ( 'NONE',  ( 764.2599504323222845, 783.9400529352717513, 1409.994561134075639 ) ) ;
#573 = CARTESIAN_POINT ( 'NONE',  ( 767.6849504323223528, 783.9400529352717513, 1409.994561134075639 ) ) ;
#574 = AXIS2_PLACEMENT_3D ( 'NONE', #255, #247, #878 ) ;
#575 = FACE_OUTER_BOUND ( 'NONE', #795, .T. ) ;
#576 = AXIS2_PLACEMENT_3D ( 'NONE', #27, #537, #1427 ) ;
#577 = ADVANCED_BREP_SHAPE_REPRESENTATION ( 'A2_limit_switch_nub', ( #1505, #1546, #156 ), #1120 ) ;
#578 = DIRECTION ( 'NONE',  ( 1.000000000000000000, 0.000000000000000000, 0.000000000000000000 ) ) ;
#579 = AXIS2_PLACEMENT_3D ( 'NONE', #483, #504, #1396 ) ;
#580 = EDGE_CURVE ( 'NONE', #69, #84, #1020, .T. ) ;
#581 = AXIS2_PLACEMENT_3D ( 'NONE', #1441, #1419, #670 ) ;
#582 = FACE_OUTER_BOUND ( 'NONE', #664, .T. ) ;
#583 = ORIENTED_EDGE ( 'NONE', *, *, #35, .T. ) ;
#584 = ORIENTED_EDGE ( 'NONE', *, *, #726, .T. ) ;
#585 = DIRECTION ( 'NONE',  ( -1.000000000000000000, 0.000000000000000000, -0.000000000000000000 ) ) ;
#586 = LINE ( 'NONE', #679, #1275 ) ;
#587 = DIRECTION ( 'NONE',  ( -1.000000000000000000, 0.000000000000000000, 0.000000000000000000 ) ) ;
#588 = LINE ( 'NONE', #440, #283 ) ;
#589 = CARTESIAN_POINT ( 'NONE',  ( 0.000000000000000000, 0.000000000000000000, 0.000000000000000000 ) ) ;
#590 = EDGE_LOOP ( 'NONE', ( #1598, #704, #402, #1397 ) ) ;
#591 = ADVANCED_FACE ( 'NONE', ( #896 ), #1400, .F. ) ;
#592 = ORIENTED_EDGE ( 'NONE', *, *, #1069, .T. ) ;
#593 = DIRECTION ( 'NONE',  ( 1.000000000000000000, 0.000000000000000000, 0.000000000000000000 ) ) ;
#594 = DIRECTION ( 'NONE',  ( 0.6246950475544157388, 0.000000000000000000, -0.7808688094430371596 ) ) ;
#595 = CARTESIAN_POINT ( 'NONE',  ( 762.9599504323223300, 798.9400529352718650, 1399.944561134075684 ) ) ;
#596 = ORIENTED_EDGE ( 'NONE', *, *, #114, .F. ) ;
#597 = CARTESIAN_POINT ( 'NONE',  ( 765.4599504323222163, 786.3649240658680810, 1398.944561134075684 ) ) ;
#598 = FACE_OUTER_BOUND ( 'NONE', #125, .T. ) ;
#599 = ORIENTED_EDGE ( 'NONE', *, *, #277, .F. ) ;
#600 = ORIENTED_EDGE ( 'NONE', *, *, #1626, .T. ) ;
#601 = EDGE_CURVE ( 'NONE', #251, #1230, #1611, .T. ) ;
#602 = CARTESIAN_POINT ( 'NONE',  ( 736.9599504323225574, 786.3649240658683084, 1397.944561134075684 ) ) ;
#603 = LINE ( 'NONE', #883, #21 ) ;
#604 = ADVANCED_FACE ( 'NONE', ( #486, #1392 ), #769, .T. ) ;
#605 = CARTESIAN_POINT ( 'NONE',  ( 763.3599504323221936, 782.7276173699735864, 1398.944561134075684 ) ) ;
#606 = DIRECTION ( 'NONE',  ( 0.000000000000000000, 0.000000000000000000, -1.000000000000000000 ) ) ;
#607 = ORIENTED_EDGE ( 'NONE', *, *, #638, .F. ) ;
#608 = AXIS2_PLACEMENT_3D ( 'NONE', #1009, #1381, #1371 ) ;
#609 = LINE ( 'NONE', #1119, #257 ) ;
#610 = AXIS2_PLACEMENT_3D ( 'NONE', #13, #158, #147 ) ;
#611 = CIRCLE ( 'NONE', #1542, 1.199999999999978861 ) ;
#612 = AXIS2_PLACEMENT_3D ( 'NONE', #681, #1186, #1175 ) ;
#613 = LINE ( 'NONE', #1414, #1513 ) ;
#614 = CARTESIAN_POINT ( 'NONE',  ( 732.9599504323223300, 798.9400529352718650, 1399.944561134075684 ) ) ;
#615 = EDGE_LOOP ( 'NONE', ( #1105, #82, #674, #180 ) ) ;
#616 = FACE_OUTER_BOUND ( 'NONE', #89, .T. ) ;
#617 = EDGE_CURVE ( 'NONE', #1097, #467, #90, .T. ) ;
#618 = EDGE_LOOP ( 'NONE', ( #166, #541, #1548, #733, #957, #271, #1554, #1389 ) ) ;
#619 = DIRECTION ( 'NONE',  ( 1.000000000000000000, 0.000000000000000000, 0.000000000000000000 ) ) ;
#620 = ORIENTED_EDGE ( 'NONE', *, *, #1472, .F. ) ;
#621 = FACE_BOUND ( 'NONE', #571, .T. ) ;
#622 = CARTESIAN_POINT ( 'NONE',  ( 763.3599504323221936, 782.7276173699735864, 1398.944561134075684 ) ) ;
#623 = EDGE_LOOP ( 'NONE', ( #227, #1309 ) ) ;
#624 = CARTESIAN_POINT ( 'NONE',  ( 0.000000000000000000, 798.9400529352718650, 1399.944561134075684 ) ) ;
#625 = CARTESIAN_POINT ( 'NONE',  ( 765.4599504323223300, 781.5151818046753078, 1398.944561134075684 ) ) ;
#626 = ORIENTED_EDGE ( 'NONE', *, *, #1472, .T. ) ;
#627 = EDGE_CURVE ( 'NONE', #966, #1225, #1642, .T. ) ;
#628 = DIRECTION ( 'NONE',  ( 1.000000000000000000, 0.000000000000000000, 0.000000000000000000 ) ) ;
#629 = ORIENTED_EDGE ( 'NONE', *, *, #310, .T. ) ;
#630 = CARTESIAN_POINT ( 'NONE',  ( 738.1599504323222618, 783.9400529352717513, 1409.994561134075639 ) ) ;
#631 = CARTESIAN_POINT ( 'NONE',  ( 760.4599504323223300, 809.1380919624573380, 1395.944561134075684 ) ) ;
#632 = LINE ( 'NONE', #358, #1057 ) ;
#633 = CARTESIAN_POINT ( 'NONE',  ( 764.2599504323222845, 783.9400529352717513, 1409.994561134075639 ) ) ;
#634 = ORIENTED_EDGE ( 'NONE', *, *, #45, .T. ) ;
#635 = CIRCLE ( 'NONE', #546, 2.225000000000032507 ) ;
#636 = DIRECTION ( 'NONE',  ( -0.000000000000000000, -0.000000000000000000, 1.000000000000000000 ) ) ;
#637 = VECTOR ( 'NONE', #1096, 1000.000000000000000 ) ;
#638 = EDGE_CURVE ( 'NONE', #467, #1374, #478, .T. ) ;
#639 = ORIENTED_EDGE ( 'NONE', *, *, #842, .T. ) ;
#640 = AXIS2_PLACEMENT_3D ( 'NONE', #1377, #211, #367 ) ;
#641 = CARTESIAN_POINT ( 'NONE',  ( 736.9599504323223300, 783.9400529352717513, 1409.994561134075639 ) ) ;
#642 = CIRCLE ( 'NONE', #1481, 2.199999999999979750 ) ;
#643 = VERTEX_POINT ( 'NONE', #874 ) ;
#644 = VECTOR ( 'NONE', #1355, 1000.000000000000114 ) ;
#645 = DIRECTION ( 'NONE',  ( -0.000000000000000000, -0.000000000000000000, 1.000000000000000000 ) ) ;
#646 = LINE ( 'NONE', #1288, #196 ) ;
#647 = DIRECTION ( 'NONE',  ( 0.000000000000000000, 0.000000000000000000, -1.000000000000000000 ) ) ;
#648 = CARTESIAN_POINT ( 'NONE',  ( 767.5599504323221254, 785.1524885005699161, 1397.944561134075684 ) ) ;
#649 = EDGE_CURVE ( 'NONE', #1014, #238, #32, .T. ) ;
#650 = ORIENTED_EDGE ( 'NONE', *, *, #545, .T. ) ;
#651 = CARTESIAN_POINT ( 'NONE',  ( 739.0599504323223528, 785.1524885005701435, 1398.944561134075684 ) ) ;
#652 = CARTESIAN_POINT ( 'NONE',  ( 767.6599504323222618, 783.9400529352717513, 1407.994561134075639 ) ) ;
#653 = FACE_OUTER_BOUND ( 'NONE', #618, .T. ) ;
#654 = ORIENTED_EDGE ( 'NONE', *, *, #501, .T. ) ;
#655 = EDGE_CURVE ( 'NONE', #1474, #510, #646, .T. ) ;
#656 = DIRECTION ( 'NONE',  ( -0.000000000000000000, -0.000000000000000000, -1.000000000000000000 ) ) ;
#657 = DIRECTION ( 'NONE',  ( 0.000000000000000000, 0.000000000000000000, 1.000000000000000000 ) ) ;
#658 = PRODUCT ( 'A2_limit_switch_nub', 'A2_limit_switch_nub', '', ( #735 ) ) ;
#659 = EDGE_CURVE ( 'NONE', #258, #1388, #1300, .T. ) ;
#660 = ORIENTED_EDGE ( 'NONE', *, *, #386, .T. ) ;
#661 = DIRECTION ( 'NONE',  ( 1.000000000000000000, 0.000000000000000000, 0.000000000000000000 ) ) ;
#662 = VECTOR ( 'NONE', #1360, 1000.000000000000000 ) ;
#663 =( NAMED_UNIT ( * ) SI_UNIT ( $, .STERADIAN. ) SOLID_ANGLE_UNIT ( ) );
#664 = EDGE_LOOP ( 'NONE', ( #852, #1462, #392, #1395, #1133, #836 ) ) ;
#665 = VECTOR ( 'NONE', #252, 1000.000000000000000 ) ;
#666 = DIRECTION ( 'NONE',  ( 0.7808688094430236148, 0.000000000000000000, -0.6246950475544327253 ) ) ;
#667 = ORIENTED_EDGE ( 'NONE', *, *, #1495, .F. ) ;
#668 = EDGE_CURVE ( 'NONE', #528, #827, #6, .T. ) ;
#669 = CARTESIAN_POINT ( 'NONE',  ( 0.000000000000000000, 798.9400529352718650, 1397.944561134075684 ) ) ;
#670 = DIRECTION ( 'NONE',  ( -1.000000000000000000, 0.000000000000000000, 0.000000000000000000 ) ) ;
#671 = ORIENTED_EDGE ( 'NONE', *, *, #398, .T. ) ;
#672 = CARTESIAN_POINT ( 'NONE',  ( 736.9599504323223300, 781.5151818046758763, 1398.944561134075684 ) ) ;
#673 = CARTESIAN_POINT ( 'NONE',  ( -143.0429368866131199, 236.1403662567123263, 1400.144561134075730 ) ) ;
#674 = ORIENTED_EDGE ( 'NONE', *, *, #1401, .F. ) ;
#675 = EDGE_CURVE ( 'NONE', #570, #1118, #841, .T. ) ;
#676 = EDGE_CURVE ( 'NONE', #1314, #1201, #1047, .T. ) ;
#677 =( NAMED_UNIT ( * ) PLANE_ANGLE_UNIT ( ) SI_UNIT ( $, .RADIAN. ) );
#678 = ORIENTED_EDGE ( 'NONE', *, *, #676, .T. ) ;
#679 = CARTESIAN_POINT ( 'NONE',  ( 763.3599504323221936, 785.1524885005699161, 1397.944561134075684 ) ) ;
#680 = DIRECTION ( 'NONE',  ( -0.3220812153344890238, 0.9467120421377656081, 0.000000000000000000 ) ) ;
#681 = CARTESIAN_POINT ( 'NONE',  ( 736.9599504323223300, 783.9400529352717513, 1398.944561134075684 ) ) ;
#682 = EDGE_CURVE ( 'NONE', #954, #510, #1417, .T. ) ;
#683 = VERTEX_POINT ( 'NONE', #542 ) ;
#684 = CIRCLE ( 'NONE', #1296, 2.199999999999979750 ) ;
#685 = LINE ( 'NONE', #1197, #1452 ) ;
#686 = VECTOR ( 'NONE', #162, 1000.000000000000000 ) ;
#687 = AXIS2_PLACEMENT_3D ( 'NONE', #435, #200, #585 ) ;
#688 = CARTESIAN_POINT ( 'NONE',  ( 740.6484245673391342, 774.7134651297099026, 1406.994561134075639 ) ) ;
#689 = VECTOR ( 'NONE', #1604, 1000.000000000000114 ) ;
#690 = DIRECTION ( 'NONE',  ( -0.000000000000000000, -0.000000000000000000, 1.000000000000000000 ) ) ;
#691 = LINE ( 'NONE', #1615, #136 ) ;
#692 = ORIENTED_EDGE ( 'NONE', *, *, #1232, .F. ) ;
#693 = EDGE_CURVE ( 'NONE', #382, #977, #1305, .T. ) ;
#694 = LINE ( 'NONE', #573, #981 ) ;
#695 = DIRECTION ( 'NONE',  ( 0.000000000000000000, 0.000000000000000000, -1.000000000000000000 ) ) ;
#696 = DIRECTION ( 'NONE',  ( -0.8660254037844484776, 0.4999999999999828471, 0.000000000000000000 ) ) ;
#697 = ORIENTED_EDGE ( 'NONE', *, *, #256, .T. ) ;
#698 = ORIENTED_EDGE ( 'NONE', *, *, #256, .F. ) ;
#699 = CARTESIAN_POINT ( 'NONE',  ( 734.7599504323222845, 783.9400529352717513, 1407.994561134075639 ) ) ;
#700 = DIRECTION ( 'NONE',  ( 0.8660254037844485886, -0.4999999999999829026, 0.000000000000000000 ) ) ;
#701 = FACE_OUTER_BOUND ( 'NONE', #1153, .T. ) ;
#702 = ADVANCED_FACE ( 'NONE', ( #1407 ), #151, .F. ) ;
#703 = CARTESIAN_POINT ( 'NONE',  ( 765.4599504323223300, 783.9400529352717513, 1409.994561134075639 ) ) ;
#704 = ORIENTED_EDGE ( 'NONE', *, *, #1583, .F. ) ;
#705 = ORIENTED_EDGE ( 'NONE', *, *, #1328, .F. ) ;
#706 = DIRECTION ( 'NONE',  ( 0.000000000000000000, 1.000000000000000000, 0.000000000000000000 ) ) ;
#707 = CARTESIAN_POINT ( 'NONE',  ( 732.9599504323223300, 798.9400529352718650, 1409.994561134075639 ) ) ;
#708 = VECTOR ( 'NONE', #1439, 1000.000000000000114 ) ;
#709 = DIRECTION ( 'NONE',  ( 0.000000000000000000, 0.000000000000000000, -1.000000000000000000 ) ) ;
#710 = VECTOR ( 'NONE', #385, 1000.000000000000000 ) ;
#711 = ADVANCED_FACE ( 'NONE', ( #1422 ), #264, .F. ) ;
#712 = CARTESIAN_POINT ( 'NONE',  ( 765.4599504323223300, 783.9400529352717513, 1409.994561134075639 ) ) ;
#713 = VECTOR ( 'NONE', #1391, 1000.000000000000000 ) ;
#714 = VECTOR ( 'NONE', #1569, 1000.000000000000000 ) ;
#715 = FACE_BOUND ( 'NONE', #1335, .T. ) ;
#716 = ORIENTED_EDGE ( 'NONE', *, *, #63, .T. ) ;
#717 = ORIENTED_EDGE ( 'NONE', *, *, #676, .F. ) ;
#718 = CARTESIAN_POINT ( 'NONE',  ( 765.4599504323223300, 783.9400529352717513, 1399.944561134075684 ) ) ;
#719 = PLANE ( 'NONE',  #1245 ) ;
#720 = CARTESIAN_POINT ( 'NONE',  ( 734.8599504323225347, 785.1524885005700298, 1398.944561134075684 ) ) ;
#721 = VERTEX_POINT ( 'NONE', #1177 ) ;
#722 = LINE ( 'NONE', #1468, #770 ) ;
#723 = PRODUCT_DEFINITION ( 'UNKNOWN', '', #1413, #519 ) ;
#724 = CARTESIAN_POINT ( 'NONE',  ( 765.4599504323222163, 786.3649240658680810, 1398.944561134075684 ) ) ;
#725 = ORIENTED_EDGE ( 'NONE', *, *, #752, .F. ) ;
#726 = EDGE_CURVE ( 'NONE', #433, #1259, #785, .T. ) ;
#727 = VERTEX_POINT ( 'NONE', #779 ) ;
#728 = CARTESIAN_POINT ( 'NONE',  ( 767.5599504323221254, 782.7276173699734727, 1397.944561134075684 ) ) ;
#729 = DIRECTION ( 'NONE',  ( 1.000000000000000000, 0.000000000000000000, 0.000000000000000000 ) ) ;
#730 = VERTEX_POINT ( 'NONE', #1283 ) ;
#731 = CARTESIAN_POINT ( 'NONE',  ( 736.9599504323223300, 783.9400529352717513, 1409.969561134075775 ) ) ;
#732 = DIRECTION ( 'NONE',  ( -0.000000000000000000, -0.000000000000000000, 1.000000000000000000 ) ) ;
#733 = ORIENTED_EDGE ( 'NONE', *, *, #781, .T. ) ;
#734 = CARTESIAN_POINT ( 'NONE',  ( 765.4599504323223300, 781.5151818046753078, 1397.944561134075684 ) ) ;
#735 = PRODUCT_CONTEXT ( 'NONE', #78, 'mechanical' ) ;
#736 = VERTEX_POINT ( 'NONE', #1559 ) ;
#737 = ORIENTED_EDGE ( 'NONE', *, *, #1244, .T. ) ;
#738 = CARTESIAN_POINT ( 'NONE',  ( 765.4599504323223300, 783.9400529352717513, 1409.994561134075639 ) ) ;
#739 = ADVANCED_FACE ( 'NONE', ( #797 ), #1553, .F. ) ;
#740 = DIRECTION ( 'NONE',  ( -0.000000000000000000, -0.000000000000000000, 1.000000000000000000 ) ) ;
#741 = ORIENTED_EDGE ( 'NONE', *, *, #160, .T. ) ;
#742 = CARTESIAN_POINT ( 'NONE',  ( 736.9599504323223300, 783.9400529352717513, 1409.994561134075639 ) ) ;
#743 = AXIS2_PLACEMENT_3D ( 'NONE', #703, #1098, #578 ) ;
#744 = VERTEX_POINT ( 'NONE', #652 ) ;
#745 = CARTESIAN_POINT ( 'NONE',  ( 765.4599504323223300, 783.9400529352717513, 1409.994561134075639 ) ) ;
#746 = VECTOR ( 'NONE', #296, 1000.000000000000000 ) ;
#747 = VECTOR ( 'NONE', #383, 1000.000000000000000 ) ;
#748 = ORIENTED_EDGE ( 'NONE', *, *, #480, .T. ) ;
#749 = DIRECTION ( 'NONE',  ( 0.000000000000000000, -1.000000000000000000, 0.000000000000000000 ) ) ;
#750 = DIRECTION ( 'NONE',  ( -0.000000000000000000, -0.000000000000000000, -1.000000000000000000 ) ) ;
#751 = VERTEX_POINT ( 'NONE', #413 ) ;
#752 = EDGE_CURVE ( 'NONE', #1201, #812, #1539, .T. ) ;
#753 = CARTESIAN_POINT ( 'NONE',  ( 767.5599504323221254, 785.1524885005699161, 1397.944561134075684 ) ) ;
#754 = CARTESIAN_POINT ( 'NONE',  ( 765.4599504323223300, 783.9400529352717513, 1399.944561134075684 ) ) ;
#755 = ORIENTED_EDGE ( 'NONE', *, *, #831, .T. ) ;
#756 = DIRECTION ( 'NONE',  ( 1.000000000000000000, 0.000000000000000000, 0.000000000000000000 ) ) ;
#757 = ORIENTED_EDGE ( 'NONE', *, *, #897, .F. ) ;
#758 = DIRECTION ( 'NONE',  ( -0.000000000000000000, -0.000000000000000000, 1.000000000000000000 ) ) ;
#759 = CARTESIAN_POINT ( 'NONE',  ( 736.9599504323223300, 783.9400529352717513, 1409.994561134075639 ) ) ;
#760 = ORIENTED_EDGE ( 'NONE', *, *, #1179, .F. ) ;
#761 = DIRECTION ( 'NONE',  ( -0.8660254037844287156, -0.5000000000000172085, 0.000000000000000000 ) ) ;
#762 = CARTESIAN_POINT ( 'NONE',  ( 739.1599504323222618, 783.9400529352717513, 1409.994561134075639 ) ) ;
#763 = EDGE_LOOP ( 'NONE', ( #1100, #1606, #1502, #1304 ) ) ;
#764 = EDGE_CURVE ( 'NONE', #258, #426, #273, .T. ) ;
#765 = DIRECTION ( 'NONE',  ( -0.000000000000000000, -0.000000000000000000, 1.000000000000000000 ) ) ;
#766 = ORIENTED_EDGE ( 'NONE', *, *, #1504, .F. ) ;
#767 = PLANE ( 'NONE',  #1087 ) ;
#768 = CARTESIAN_POINT ( 'NONE',  ( 752.9599504323223300, 798.9400529352718650, 1397.944561134075684 ) ) ;
#769 = PLANE ( 'NONE',  #877 ) ;
#770 = VECTOR ( 'NONE', #942, 1000.000000000000000 ) ;
#771 = CARTESIAN_POINT ( 'NONE',  ( 739.1599504323222618, 783.9400529352717513, 1407.994561134075639 ) ) ;
#772 = EDGE_CURVE ( 'NONE', #884, #1243, #19, .T. ) ;
#773 = EDGE_LOOP ( 'NONE', ( #757, #806, #678, #1340 ) ) ;
#774 = VECTOR ( 'NONE', #1336, 1000.000000000000000 ) ;
#775 = DIRECTION ( 'NONE',  ( 0.000000000000000000, 0.000000000000000000, -1.000000000000000000 ) ) ;
#776 = VECTOR ( 'NONE', #300, 999.9999999999998863 ) ;
#777 = ORIENTED_EDGE ( 'NONE', *, *, #918, .F. ) ;
#778 = DIRECTION ( 'NONE',  ( -0.4999999999999829026, 0.8660254037844485886, 0.000000000000000000 ) ) ;
#779 = CARTESIAN_POINT ( 'NONE',  ( 766.6599504323222618, 783.9400529352717513, 1399.944561134075684 ) ) ;
#780 = FACE_OUTER_BOUND ( 'NONE', #400, .T. ) ;
#781 = EDGE_CURVE ( 'NONE', #1108, #1455, #1547, .T. ) ;
#782 = EDGE_CURVE ( 'NONE', #1118, #570, #364, .T. ) ;
#783 = EDGE_LOOP ( 'NONE', ( #1005, #976, #1485, #493 ) ) ;
#784 = CARTESIAN_POINT ( 'NONE',  ( 765.4599504323223300, 783.9400529352717513, 1409.994561134075639 ) ) ;
#785 = LINE ( 'NONE', #1041, #923 ) ;
#786 = LINE ( 'NONE', #1052, #1313 ) ;
#787 = ORIENTED_EDGE ( 'NONE', *, *, #1550, .T. ) ;
#788 = ADVANCED_FACE ( 'NONE', ( #321 ), #1209, .F. ) ;
#789 = DIRECTION ( 'NONE',  ( 0.7071067811881175391, 0.000000000000000000, 0.7071067811849774953 ) ) ;
#790 = ORIENTED_EDGE ( 'NONE', *, *, #1127, .F. ) ;
#791 = DIRECTION ( 'NONE',  ( 0.000000000000000000, 0.000000000000000000, -1.000000000000000000 ) ) ;
#792 = AXIS2_PLACEMENT_3D ( 'NONE', #237, #1525, #372 ) ;
#793 = AXIS2_PLACEMENT_3D ( 'NONE', #1125, #1633, #992 ) ;
#794 = CIRCLE ( 'NONE', #844, 2.199999999999979750 ) ;
#795 = EDGE_LOOP ( 'NONE', ( #106, #607, #1237, #424 ) ) ;
#796 = VECTOR ( 'NONE', #1131, 1000.000000000000000 ) ;
#797 = FACE_OUTER_BOUND ( 'NONE', #109, .T. ) ;
#798 = EDGE_CURVE ( 'NONE', #354, #1356, #1409, .T. ) ;
#799 = CARTESIAN_POINT ( 'NONE',  ( 736.9599504323223300, 781.5151818046758763, 1398.944561134075684 ) ) ;
#800 = FILL_AREA_STYLE_COLOUR ( '', #553 ) ;
#801 = ORIENTED_EDGE ( 'NONE', *, *, #1550, .F. ) ;
#802 = DIRECTION ( 'NONE',  ( -1.000000000000000000, 0.000000000000000000, 0.000000000000000000 ) ) ;
#803 = DIRECTION ( 'NONE',  ( -1.000000000000000000, 0.000000000000000000, -0.000000000000000000 ) ) ;
#804 = EDGE_CURVE ( 'NONE', #931, #1225, #1075, .T. ) ;
#805 = CARTESIAN_POINT ( 'NONE',  ( 760.4599504323223300, 809.1380919624573380, 1395.944561134075684 ) ) ;
#806 = ORIENTED_EDGE ( 'NONE', *, *, #1540, .T. ) ;
#807 = CARTESIAN_POINT ( 'NONE',  ( 735.7599504323222845, 783.9400529352717513, 1409.994561134075639 ) ) ;
#808 = CARTESIAN_POINT ( 'NONE',  ( 732.9599504323223300, 768.9400529352717513, 1409.994561134075639 ) ) ;
#809 = EDGE_CURVE ( 'NONE', #1194, #119, #694, .T. ) ;
#810 = CARTESIAN_POINT ( 'NONE',  ( 767.5599504323221254, 785.1524885005699161, 1398.944561134075684 ) ) ;
#811 = CIRCLE ( 'NONE', #1143, 1.199999999999978861 ) ;
#812 = VERTEX_POINT ( 'NONE', #1337 ) ;
#813 = AXIS2_PLACEMENT_3D ( 'NONE', #754, #606, #1255 ) ;
#814 = LINE ( 'NONE', #1465, #414 ) ;
#815 = PLANE ( 'NONE',  #1345 ) ;
#816 = ORIENTED_EDGE ( 'NONE', *, *, #268, .T. ) ;
#817 = CARTESIAN_POINT ( 'NONE',  ( 755.4599504323223300, 798.9400529352718650, 1395.944561134075684 ) ) ;
#818 = ORIENTED_EDGE ( 'NONE', *, *, #1328, .T. ) ;
#819 = ORIENTED_EDGE ( 'NONE', *, *, #1232, .T. ) ;
#820 = DIRECTION ( 'NONE',  ( -1.000000000000000000, 0.000000000000000000, 0.000000000000000000 ) ) ;
#821 = EDGE_CURVE ( 'NONE', #827, #396, #191, .T. ) ;
#822 = CARTESIAN_POINT ( 'NONE',  ( 765.4599504323222163, 786.3649240658680810, 1398.944561134075684 ) ) ;
#823 = DIRECTION ( 'NONE',  ( 1.000000000000000000, 0.000000000000000000, 0.000000000000000000 ) ) ;
#824 = ORIENTED_EDGE ( 'NONE', *, *, #330, .T. ) ;
#825 = CYLINDRICAL_SURFACE ( 'NONE', #743, 1.199999999999978861 ) ;
#826 = DIRECTION ( 'NONE',  ( 0.000000000000000000, 0.000000000000000000, -1.000000000000000000 ) ) ;
#827 = VERTEX_POINT ( 'NONE', #183 ) ;
#828 = VERTEX_POINT ( 'NONE', #60 ) ;
#829 = LINE ( 'NONE', #572, #1151 ) ;
#830 = DIRECTION ( 'NONE',  ( -1.000000000000000000, 0.000000000000000000, 0.000000000000000000 ) ) ;
#831 = EDGE_CURVE ( 'NONE', #528, #966, #970, .T. ) ;
#832 = CARTESIAN_POINT ( 'NONE',  ( 760.4599504323223300, 768.9400529352717513, 1395.944561134075684 ) ) ;
#833 = VERTEX_POINT ( 'NONE', #1066 ) ;
#834 = FACE_BOUND ( 'NONE', #1022, .T. ) ;
#835 = EDGE_LOOP ( 'NONE', ( #157, #1365, #122, #899 ) ) ;
#836 = ORIENTED_EDGE ( 'NONE', *, *, #268, .F. ) ;
#837 = CIRCLE ( 'NONE', #1614, 2.799999999999913669 ) ;
#838 = CARTESIAN_POINT ( 'NONE',  ( 767.9599504323223300, 768.9400529352717513, 1399.944561134075684 ) ) ;
#839 = DIRECTION ( 'NONE',  ( -0.000000000000000000, -0.000000000000000000, 1.000000000000000000 ) ) ;
#840 = AXIS2_PLACEMENT_3D ( 'NONE', #972, #1473, #61 ) ;
#841 = CIRCLE ( 'NONE', #1651, 1.199999999999978861 ) ;
#842 = EDGE_CURVE ( 'NONE', #920, #736, #814, .T. ) ;
#843 = DIRECTION ( 'NONE',  ( 1.000000000000000000, 0.000000000000000000, 0.000000000000000000 ) ) ;
#844 = AXIS2_PLACEMENT_3D ( 'NONE', #854, #505, #1347 ) ;
#845 = ORIENTED_EDGE ( 'NONE', *, *, #846, .T. ) ;
#846 = EDGE_CURVE ( 'NONE', #1243, #444, #71, .T. ) ;
#847 = LINE ( 'NONE', #323, #1034 ) ;
#848 = AXIS2_PLACEMENT_3D ( 'NONE', #130, #645, #495 ) ;
#849 = VECTOR ( 'NONE', #432, 1000.000000000000000 ) ;
#850 = CARTESIAN_POINT ( 'NONE',  ( 765.4599504323223300, 781.5151818046753078, 1397.944561134075684 ) ) ;
#851 = EDGE_LOOP ( 'NONE', ( #620, #311, #819, #278 ) ) ;
#852 = ORIENTED_EDGE ( 'NONE', *, *, #1152, .F. ) ;
#853 = FACE_OUTER_BOUND ( 'NONE', #1436, .T. ) ;
#854 = CARTESIAN_POINT ( 'NONE',  ( 765.4599504323223300, 783.9400529352717513, 1409.969561134075775 ) ) ;
#855 = CARTESIAN_POINT ( 'NONE',  ( 736.5217301438719915, 768.9400529352717513, 1400.144561134075730 ) ) ;
#856 = DIRECTION ( 'NONE',  ( 1.000000000000000000, 0.000000000000000000, 0.000000000000000000 ) ) ;
#857 = EDGE_LOOP ( 'NONE', ( #75, #1216 ) ) ;
#858 = CARTESIAN_POINT ( 'NONE',  ( 765.4599504323223300, 783.9400529352717513, 1399.944561134075684 ) ) ;
#859 = EDGE_CURVE ( 'NONE', #1097, #891, #302, .T. ) ;
#860 = ORIENTED_EDGE ( 'NONE', *, *, #254, .F. ) ;
#861 = VERTEX_POINT ( 'NONE', #1310 ) ;
#862 = FACE_OUTER_BOUND ( 'NONE', #1354, .T. ) ;
#863 = DIRECTION ( 'NONE',  ( 1.000000000000000000, 0.000000000000000000, 0.000000000000000000 ) ) ;
#864 = ORIENTED_EDGE ( 'NONE', *, *, #1294, .T. ) ;
#865 = DIRECTION ( 'NONE',  ( -0.000000000000000000, -0.000000000000000000, 1.000000000000000000 ) ) ;
#866 = ORIENTED_EDGE ( 'NONE', *, *, #1035, .T. ) ;
#867 = DIRECTION ( 'NONE',  ( -1.000000000000000000, 0.000000000000000000, 0.000000000000000000 ) ) ;
#868 = EDGE_CURVE ( 'NONE', #730, #83, #586, .T. ) ;
#869 = ORIENTED_EDGE ( 'NONE', *, *, #1540, .F. ) ;
#870 = CARTESIAN_POINT ( 'NONE',  ( 732.9599504323223300, 768.9400529352717513, 1397.944561134075684 ) ) ;
#871 = CARTESIAN_POINT ( 'NONE',  ( 736.9599504323223300, 783.9400529352717513, 1409.994561134075639 ) ) ;
#872 = VERTEX_POINT ( 'NONE', #1457 ) ;
#873 = LINE ( 'NONE', #624, #98 ) ;
#874 = CARTESIAN_POINT ( 'NONE',  ( 767.9599504323223300, 798.9400529352718650, 1399.944561134075684 ) ) ;
#875 = VECTOR ( 'NONE', #765, 1000.000000000000000 ) ;
#876 = ORIENTED_EDGE ( 'NONE', *, *, #421, .T. ) ;
#877 = AXIS2_PLACEMENT_3D ( 'NONE', #214, #112, #1236 ) ;
#878 = DIRECTION ( 'NONE',  ( -0.8660254037844287156, -0.5000000000000172085, 0.000000000000000000 ) ) ;
#879 = AXIS2_PLACEMENT_3D ( 'NONE', #1369, #230, #221 ) ;
#880 = VECTOR ( 'NONE', #1263, 1000.000000000000114 ) ;
#881 = ORIENTED_EDGE ( 'NONE', *, *, #1307, .F. ) ;
#882 = DIRECTION ( 'NONE',  ( -0.000000000000000000, -0.000000000000000000, -1.000000000000000000 ) ) ;
#883 = CARTESIAN_POINT ( 'NONE',  ( 752.9599504323223300, 798.9400529352718650, 1397.944561134075684 ) ) ;
#884 = VERTEX_POINT ( 'NONE', #564 ) ;
#885 = VERTEX_POINT ( 'NONE', #1095 ) ;
#886 = EDGE_CURVE ( 'NONE', #1632, #1637, #1330, .T. ) ;
#887 = CARTESIAN_POINT ( 'NONE',  ( 739.0599504323223528, 782.7276173699740411, 1398.944561134075684 ) ) ;
#888 = LINE ( 'NONE', #350, #947 ) ;
#889 = ORIENTED_EDGE ( 'NONE', *, *, #461, .F. ) ;
#890 = CARTESIAN_POINT ( 'NONE',  ( 766.6599504323222618, 783.9400529352717513, 1407.994561134075639 ) ) ;
#891 = VERTEX_POINT ( 'NONE', #1085 ) ;
#892 = CARTESIAN_POINT ( 'NONE',  ( 760.4599504323223300, 798.9400529352718650, 1395.944561134075684 ) ) ;
#893 = CARTESIAN_POINT ( 'NONE',  ( 732.9599504323223300, 0.000000000000000000, 1406.994561134075639 ) ) ;
#894 = ORIENTED_EDGE ( 'NONE', *, *, #726, .F. ) ;
#895 = DIRECTION ( 'NONE',  ( 1.000000000000000000, 0.000000000000000000, 0.000000000000000000 ) ) ;
#896 = FACE_OUTER_BOUND ( 'NONE', #773, .T. ) ;
#897 = EDGE_CURVE ( 'NONE', #721, #812, #1600, .T. ) ;
#898 = FACE_OUTER_BOUND ( 'NONE', #1393, .T. ) ;
#899 = ORIENTED_EDGE ( 'NONE', *, *, #1376, .F. ) ;
#900 = CARTESIAN_POINT ( 'NONE',  ( 735.3638938746412350, 798.9400529352717513, 1406.994561134075639 ) ) ;
#901 = FACE_BOUND ( 'NONE', #507, .T. ) ;
#902 = CARTESIAN_POINT ( 'NONE',  ( 732.9599504323223300, 798.9400529352718650, 1397.944561134075684 ) ) ;
#903 = ADVANCED_FACE ( 'NONE', ( #1447 ), #1202, .F. ) ;
#904 = AXIS2_PLACEMENT_3D ( 'NONE', #745, #636, #995 ) ;
#905 = CARTESIAN_POINT ( 'NONE',  ( 767.9599504323223300, 798.9400529352718650, 1409.994561134075639 ) ) ;
#906 = EDGE_CURVE ( 'NONE', #451, #966, #549, .T. ) ;
#907 = AXIS2_PLACEMENT_3D ( 'NONE', #927, #522, #1033 ) ;
#908 = DIRECTION ( 'NONE',  ( -0.000000000000000000, 1.000000000000000000, -0.000000000000000000 ) ) ;
#909 = EDGE_LOOP ( 'NONE', ( #1214, #993, #1372, #924 ) ) ;
#910 = LINE ( 'NONE', #1000, #551 ) ;
#911 = DIRECTION ( 'NONE',  ( 0.8660254037844370423, 0.5000000000000027756, 0.000000000000000000 ) ) ;
#912 = DIRECTION ( 'NONE',  ( -0.000000000000000000, -0.000000000000000000, -1.000000000000000000 ) ) ;
#913 = EDGE_CURVE ( 'NONE', #354, #1031, #934, .T. ) ;
#914 = VERTEX_POINT ( 'NONE', #167 ) ;
#915 = DIRECTION ( 'NONE',  ( 0.000000000000000000, 0.000000000000000000, 1.000000000000000000 ) ) ;
#916 = LINE ( 'NONE', #799, #708 ) ;
#917 = DIRECTION ( 'NONE',  ( 0.000000000000000000, 0.000000000000000000, 1.000000000000000000 ) ) ;
#918 = EDGE_CURVE ( 'NONE', #833, #884, #685, .T. ) ;
#919 = FACE_OUTER_BOUND ( 'NONE', #590, .T. ) ;
#920 = VERTEX_POINT ( 'NONE', #556 ) ;
#921 = DIRECTION ( 'NONE',  ( 0.8660254037844287156, 0.5000000000000172085, 0.000000000000000000 ) ) ;
#922 = DIRECTION ( 'NONE',  ( 0.8660254037844401509, -0.4999999999999973355, 0.000000000000000000 ) ) ;
#923 = VECTOR ( 'NONE', #291, 1000.000000000000000 ) ;
#924 = ORIENTED_EDGE ( 'NONE', *, *, #565, .F. ) ;
#925 = PRODUCT_RELATED_PRODUCT_CATEGORY ( 'part', '', ( #658 ) ) ;
#926 = VECTOR ( 'NONE', #50, 1000.000000000000114 ) ;
#927 = CARTESIAN_POINT ( 'NONE',  ( 736.9599504323223300, 783.9400529352717513, 1407.994561134075639 ) ) ;
#928 = ADVANCED_FACE ( 'NONE', ( #1571 ), #1359, .F. ) ;
#929 = CIRCLE ( 'NONE', #581, 1.199999999999978861 ) ;
#930 = CARTESIAN_POINT ( 'NONE',  ( 765.4599504323223300, 783.9400529352717513, 1407.994561134075639 ) ) ;
#931 = VERTEX_POINT ( 'NONE', #980 ) ;
#932 =( NAMED_UNIT ( * ) SI_UNIT ( $, .STERADIAN. ) SOLID_ANGLE_UNIT ( ) );
#933 = EDGE_LOOP ( 'NONE', ( #219, #626, #450, #1109 ) ) ;
#934 = LINE ( 'NONE', #807, #1220 ) ;
#935 = ADVANCED_FACE ( 'NONE', ( #1508 ), #1348, .F. ) ;
#936 = CARTESIAN_POINT ( 'NONE',  ( 735.7599504323222845, 783.9400529352717513, 1398.944561134075684 ) ) ;
#937 = FILL_AREA_STYLE ('',( #800 ) ) ;
#938 = ORIENTED_EDGE ( 'NONE', *, *, #1069, .F. ) ;
#939 = DIRECTION ( 'NONE',  ( 1.000000000000000000, 0.000000000000000000, 0.000000000000000000 ) ) ;
#940 = CARTESIAN_POINT ( 'NONE',  ( 739.0599504323223528, 785.1524885005701435, 1398.944561134075684 ) ) ;
#941 = ADVANCED_FACE ( 'NONE', ( #340 ), #1480, .F. ) ;
#942 = DIRECTION ( 'NONE',  ( -0.000000000000000000, -0.000000000000000000, -1.000000000000000000 ) ) ;
#943 = EDGE_CURVE ( 'NONE', #1176, #1602, #603, .T. ) ;
#944 = PLANE ( 'NONE',  #1196 ) ;
#945 = ORIENTED_EDGE ( 'NONE', *, *, #174, .F. ) ;
#946 = ORIENTED_EDGE ( 'NONE', *, *, #412, .T. ) ;
#947 = VECTOR ( 'NONE', #1104, 1000.000000000000000 ) ;
#948 = DIRECTION ( 'NONE',  ( -0.000000000000000000, -0.000000000000000000, 1.000000000000000000 ) ) ;
#949 = CARTESIAN_POINT ( 'NONE',  ( 767.9599504323223300, 768.9400529352717513, 1409.994561134075639 ) ) ;
#950 = AXIS2_PLACEMENT_3D ( 'NONE', #460, #1123, #202 ) ;
#951 = VECTOR ( 'NONE', #706, 1000.000000000000000 ) ;
#952 = DIRECTION ( 'NONE',  ( -0.000000000000000000, -0.000000000000000000, -1.000000000000000000 ) ) ;
#953 = AXIS2_PLACEMENT_3D ( 'NONE', #1556, #418, #425 ) ;
#954 = VERTEX_POINT ( 'NONE', #1261 ) ;
#955 = DIRECTION ( 'NONE',  ( -0.000000000000000000, -0.000000000000000000, 1.000000000000000000 ) ) ;
#956 = DIRECTION ( 'NONE',  ( 0.000000000000000000, 0.000000000000000000, -1.000000000000000000 ) ) ;
#957 = ORIENTED_EDGE ( 'NONE', *, *, #174, .T. ) ;
#958 = EDGE_CURVE ( 'NONE', #1616, #1014, #1563, .T. ) ;
#959 = ORIENTED_EDGE ( 'NONE', *, *, #781, .F. ) ;
#960 = FACE_OUTER_BOUND ( 'NONE', #1357, .T. ) ;
#961 = DIRECTION ( 'NONE',  ( 0.8660254037844287156, 0.5000000000000172085, 0.000000000000000000 ) ) ;
#962 = LINE ( 'NONE', #1466, #68 ) ;
#963 = CARTESIAN_POINT ( 'NONE',  ( 755.4599504323223300, 809.1380919624573380, 1395.944561134075684 ) ) ;
#964 = EDGE_LOOP ( 'NONE', ( #667, #671, #1496, #482 ) ) ;
#965 =( NAMED_UNIT ( * ) PLANE_ANGLE_UNIT ( ) SI_UNIT ( $, .RADIAN. ) );
#966 = VERTEX_POINT ( 'NONE', #1520 ) ;
#967 = ORIENTED_EDGE ( 'NONE', *, *, #1486, .F. ) ;
#968 = ADVANCED_FACE ( 'NONE', ( #1387 ), #1498, .F. ) ;
#969 = LINE ( 'NONE', #838, #1622 ) ;
#970 = LINE ( 'NONE', #1219, #746 ) ;
#971 = ADVANCED_FACE ( 'NONE', ( #118 ), #1228, .T. ) ;
#972 = CARTESIAN_POINT ( 'NONE',  ( 736.9599504323225574, 786.3649240658683084, 1398.944561134075684 ) ) ;
#973 = ORIENTED_EDGE ( 'NONE', *, *, #286, .T. ) ;
#974 = PLANE ( 'NONE',  #1010 ) ;
#975 = DIRECTION ( 'NONE',  ( 0.000000000000000000, 0.000000000000000000, 1.000000000000000000 ) ) ;
#976 = ORIENTED_EDGE ( 'NONE', *, *, #35, .F. ) ;
#977 = VERTEX_POINT ( 'NONE', #614 ) ;
#978 = AXIS2_PLACEMENT_3D ( 'NONE', #858, #647, #867 ) ;
#979 = CARTESIAN_POINT ( 'NONE',  ( 767.5599504323221254, 785.1524885005699161, 1398.944561134075684 ) ) ;
#980 = CARTESIAN_POINT ( 'NONE',  ( 767.9599504323223300, 768.9400529352717513, 1409.994561134075639 ) ) ;
#981 = VECTOR ( 'NONE', #1443, 1000.000000000000114 ) ;
#982 = CARTESIAN_POINT ( 'NONE',  ( 736.9599504323225574, 786.3649240658683084, 1398.944561134075684 ) ) ;
#983 = EDGE_CURVE ( 'NONE', #872, #1194, #794, .T. ) ;
#984 = VECTOR ( 'NONE', #761, 1000.000000000000114 ) ;
#985 = ORIENTED_EDGE ( 'NONE', *, *, #809, .T. ) ;
#986 = LINE ( 'NONE', #431, #38 ) ;
#987 = DIRECTION ( 'NONE',  ( -0.000000000000000000, -0.000000000000000000, -1.000000000000000000 ) ) ;
#988 = ORIENTED_EDGE ( 'NONE', *, *, #1285, .F. ) ;
#989 = ORIENTED_EDGE ( 'NONE', *, *, #809, .F. ) ;
#990 = FACE_BOUND ( 'NONE', #1265, .T. ) ;
#991 = CARTESIAN_POINT ( 'NONE',  ( 739.1599504323222618, 783.9400529352717513, 1409.969561134075775 ) ) ;
#992 = DIRECTION ( 'NONE',  ( 1.000000000000000000, 0.000000000000000000, 0.000000000000000000 ) ) ;
#993 = ORIENTED_EDGE ( 'NONE', *, *, #1192, .T. ) ;
#994 = ADVANCED_FACE ( 'NONE', ( #1235 ), #97, .F. ) ;
#995 = DIRECTION ( 'NONE',  ( 1.000000000000000000, 0.000000000000000000, 0.000000000000000000 ) ) ;
#996 = EDGE_LOOP ( 'NONE', ( #301, #1499, #629, #212 ) ) ;
#997 = DIRECTION ( 'NONE',  ( 1.000000000000000000, 0.000000000000000000, 0.000000000000000000 ) ) ;
#998 = LINE ( 'NONE', #356, #1086 ) ;
#999 = ORIENTED_EDGE ( 'NONE', *, *, #152, .F. ) ;
#1000 = CARTESIAN_POINT ( 'NONE',  ( 755.4599504323223300, 798.9400529352718650, 1395.944561134075684 ) ) ;
#1001 = CARTESIAN_POINT ( 'NONE',  ( 767.9599504323223300, 768.9400529352717513, 1399.944561134075684 ) ) ;
#1002 = EDGE_LOOP ( 'NONE', ( #1383, #889, #345, #592 ) ) ;
#1003 = LINE ( 'NONE', #1012, #875 ) ;
#1004 = ADVANCED_FACE ( 'NONE', ( #1112 ), #719, .F. ) ;
#1005 = ORIENTED_EDGE ( 'NONE', *, *, #1192, .F. ) ;
#1006 = CARTESIAN_POINT ( 'NONE',  ( 736.9599504323223300, 781.5151818046758763, 1397.944561134075684 ) ) ;
#1007 = DIRECTION ( 'NONE',  ( -0.000000000000000000, -0.000000000000000000, 1.000000000000000000 ) ) ;
#1008 = LINE ( 'NONE', #1523, #416 ) ;
#1009 = CARTESIAN_POINT ( 'NONE',  ( 732.9599504323223300, 0.000000000000000000, 1397.944561134075684 ) ) ;
#1010 = AXIS2_PLACEMENT_3D ( 'NONE', #597, #1078, #696 ) ;
#1011 = ORIENTED_EDGE ( 'NONE', *, *, #423, .F. ) ;
#1012 = CARTESIAN_POINT ( 'NONE',  ( 762.9599504323223300, 798.9400529352718650, 1369.530748482584386 ) ) ;
#1013 = AXIS2_PLACEMENT_3D ( 'NONE', #210, #1227, #70 ) ;
#1014 = VERTEX_POINT ( 'NONE', #991 ) ;
#1015 = FACE_BOUND ( 'NONE', #1199, .T. ) ;
#1016 = ADVANCED_FACE ( 'NONE', ( #80 ), #347, .F. ) ;
#1017 = DIRECTION ( 'NONE',  ( 1.000000000000000000, 0.000000000000000000, 0.000000000000000000 ) ) ;
#1018 = ORIENTED_EDGE ( 'NONE', *, *, #772, .F. ) ;
#1019 = PLANE ( 'NONE',  #1411 ) ;
#1020 = LINE ( 'NONE', #625, #1172 ) ;
#1021 = PLANE ( 'NONE',  #410 ) ;
#1022 = EDGE_LOOP ( 'NONE', ( #725, #1629 ) ) ;
#1023 = CARTESIAN_POINT ( 'NONE',  ( 742.0991320509056095, 772.3185856343857267, 1400.144561134075730 ) ) ;
#1024 = EDGE_LOOP ( 'NONE', ( #1588, #716, #1147, #376 ) ) ;
#1025 = ADVANCED_FACE ( 'NONE', ( #1103 ), #1297, .F. ) ;
#1026 = CARTESIAN_POINT ( 'NONE',  ( 734.8599504323225347, 782.7276173699739275, 1398.944561134075684 ) ) ;
#1027 = DIRECTION ( 'NONE',  ( -0.000000000000000000, -0.000000000000000000, 1.000000000000000000 ) ) ;
#1028 = EDGE_CURVE ( 'NONE', #1126, #833, #998, .T. ) ;
#1029 = DIRECTION ( 'NONE',  ( -0.000000000000000000, -0.000000000000000000, 1.000000000000000000 ) ) ;
#1030 = LINE ( 'NONE', #1638, #441 ) ;
#1031 = VERTEX_POINT ( 'NONE', #1252 ) ;
#1032 = DIRECTION ( 'NONE',  ( -0.6246950475544326142, 0.000000000000000000, -0.7808688094430236148 ) ) ;
#1033 = DIRECTION ( 'NONE',  ( 1.000000000000000000, 0.000000000000000000, 0.000000000000000000 ) ) ;
#1034 = VECTOR ( 'NONE', #205, 1000.000000000000000 ) ;
#1035 = EDGE_CURVE ( 'NONE', #318, #1292, #108, .T. ) ;
#1036 = DIRECTION ( 'NONE',  ( -0.000000000000000000, -0.000000000000000000, 1.000000000000000000 ) ) ;
#1037 = AXIS2_PLACEMENT_3D ( 'NONE', #759, #1609, #729 ) ;
#1038 = VECTOR ( 'NONE', #516, 1000.000000000000000 ) ;
#1039 = SURFACE_STYLE_USAGE ( .BOTH. , #540 ) ;
#1040 = ORIENTED_EDGE ( 'NONE', *, *, #983, .F. ) ;
#1041 = CARTESIAN_POINT ( 'NONE',  ( 767.5599504323221254, 782.7276173699734727, 1398.944561134075684 ) ) ;
#1042 = DIRECTION ( 'NONE',  ( 0.000000000000000000, 0.000000000000000000, -1.000000000000000000 ) ) ;
#1043 = EDGE_CURVE ( 'NONE', #547, #1280, #1639, .T. ) ;
#1044 = FILL_AREA_STYLE_COLOUR ( '', #1278 ) ;
#1045 = CARTESIAN_POINT ( 'NONE',  ( 762.9599504323223300, 809.1380919624573380, 1397.944561134075684 ) ) ;
#1046 = ORIENTED_EDGE ( 'NONE', *, *, #53, .F. ) ;
#1047 = LINE ( 'NONE', #407, #1316 ) ;
#1048 = CARTESIAN_POINT ( 'NONE',  ( 736.9599504323223300, 783.9400529352717513, 1399.944561134075684 ) ) ;
#1049 = ADVANCED_FACE ( 'NONE', ( #919 ), #10, .F. ) ;
#1050 = VERTEX_POINT ( 'NONE', #855 ) ;
#1051 = DIRECTION ( 'NONE',  ( 0.5000000000000027756, -0.8660254037844370423, 0.000000000000000000 ) ) ;
#1052 = CARTESIAN_POINT ( 'NONE',  ( 763.3599504323221936, 782.7276173699735864, 1397.944561134075684 ) ) ;
#1053 = CLOSED_SHELL ( 'NONE', ( #548, #74, #1016, #968, #299, #319, #539, #76, #218, #604, #1445, #1170, #1543, #971, #192, #1390, #739, #788, #1004, #366, #139, #477, #137, #353, #711, #292, #11, #1195 ) ) ;
#1054 = AXIS2_PLACEMENT_3D ( 'NONE', #193, #709, #244 ) ;
#1055 = VECTOR ( 'NONE', #1322, 1000.000000000000000 ) ;
#1056 = FILL_AREA_STYLE ('',( #1044 ) ) ;
#1057 = VECTOR ( 'NONE', #656, 1000.000000000000000 ) ;
#1058 = ORIENTED_EDGE ( 'NONE', *, *, #101, .F. ) ;
#1059 = EDGE_CURVE ( 'NONE', #318, #1, #213, .T. ) ;
#1060 = VECTOR ( 'NONE', #476, 1000.000000000000000 ) ;
#1061 = DIRECTION ( 'NONE',  ( 1.000000000000000000, 0.000000000000000000, 0.000000000000000000 ) ) ;
#1062 = VECTOR ( 'NONE', #917, 1000.000000000000000 ) ;
#1063 = DIRECTION ( 'NONE',  ( 0.000000000000000000, 0.000000000000000000, -1.000000000000000000 ) ) ;
#1064 = DIRECTION ( 'NONE',  ( 0.8660254037844485886, -0.4999999999999829026, 0.000000000000000000 ) ) ;
#1065 = ORIENTED_EDGE ( 'NONE', *, *, #1138, .F. ) ;
#1066 = CARTESIAN_POINT ( 'NONE',  ( 734.8599504323225347, 782.7276173699739275, 1397.944561134075684 ) ) ;
#1067 = EDGE_CURVE ( 'NONE', #238, #1274, #1277, .T. ) ;
#1068 = CARTESIAN_POINT ( 'NONE',  ( 0.000000000000000000, 798.9400529352718650, 1397.944561134075684 ) ) ;
#1069 = EDGE_CURVE ( 'NONE', #1014, #1616, #642, .T. ) ;
#1070 = ORIENTED_EDGE ( 'NONE', *, *, #310, .F. ) ;
#1071 = CARTESIAN_POINT ( 'NONE',  ( 763.3599504323221936, 785.1524885005699161, 1398.944561134075684 ) ) ;
#1072 = ORIENTED_EDGE ( 'NONE', *, *, #286, .F. ) ;
#1073 = ORIENTED_EDGE ( 'NONE', *, *, #918, .T. ) ;
#1074 = PLANE ( 'NONE',  #687 ) ;
#1075 = LINE ( 'NONE', #949, #1584 ) ;
#1076 = LINE ( 'NONE', #304, #637 ) ;
#1077 = EDGE_CURVE ( 'NONE', #1230, #1050, #962, .T. ) ;
#1078 = DIRECTION ( 'NONE',  ( 0.4999999999999829026, 0.8660254037844485886, -0.000000000000000000 ) ) ;
#1079 = DIRECTION ( 'NONE',  ( 1.000000000000000000, 0.000000000000000000, 0.000000000000000000 ) ) ;
#1080 = ORIENTED_EDGE ( 'NONE', *, *, #430, .F. ) ;
#1081 = VECTOR ( 'NONE', #267, 999.9999999999998863 ) ;
#1082 = ORIENTED_EDGE ( 'NONE', *, *, #1353, .F. ) ;
#1083 = VECTOR ( 'NONE', #47, 1000.000000000000000 ) ;
#1084 = DIRECTION ( 'NONE',  ( 0.000000000000000000, 0.000000000000000000, -1.000000000000000000 ) ) ;
#1085 = CARTESIAN_POINT ( 'NONE',  ( 762.9599504323223300, 768.9400529352717513, 1406.994561134075639 ) ) ;
#1086 = VECTOR ( 'NONE', #750, 1000.000000000000000 ) ;
#1087 = AXIS2_PLACEMENT_3D ( 'NONE', #1251, #107, #1269 ) ;
#1088 = LINE ( 'NONE', #1068, #525 ) ;
#1089 = FACE_OUTER_BOUND ( 'NONE', #1526, .T. ) ;
#1090 = EDGE_CURVE ( 'NONE', #1259, #84, #1254, .T. ) ;
#1091 = DIRECTION ( 'NONE',  ( -0.000000000000000000, -0.000000000000000000, -1.000000000000000000 ) ) ;
#1092 = ORIENTED_EDGE ( 'NONE', *, *, #423, .T. ) ;
#1093 = ORIENTED_EDGE ( 'NONE', *, *, #164, .F. ) ;
#1094 = DIRECTION ( 'NONE',  ( -0.000000000000000000, -0.000000000000000000, 1.000000000000000000 ) ) ;
#1095 = CARTESIAN_POINT ( 'NONE',  ( 764.2599504323222845, 783.9400529352717513, 1407.994561134075639 ) ) ;
#1096 = DIRECTION ( 'NONE',  ( 0.7808688094430370485, 0.000000000000000000, 0.6246950475544157388 ) ) ;
#1097 = VERTEX_POINT ( 'NONE', #12 ) ;
#1098 = DIRECTION ( 'NONE',  ( -0.000000000000000000, -0.000000000000000000, 1.000000000000000000 ) ) ;
#1099 = LINE ( 'NONE', #850, #689 ) ;
#1100 = ORIENTED_EDGE ( 'NONE', *, *, #501, .F. ) ;
#1101 = ORIENTED_EDGE ( 'NONE', *, *, #145, .F. ) ;
#1102 = DIRECTION ( 'NONE',  ( 0.000000000000000000, -1.000000000000000000, 0.000000000000000000 ) ) ;
#1103 = FACE_OUTER_BOUND ( 'NONE', #373, .T. ) ;
#1104 = DIRECTION ( 'NONE',  ( -0.000000000000000000, -0.000000000000000000, 1.000000000000000000 ) ) ;
#1105 = ORIENTED_EDGE ( 'NONE', *, *, #1567, .T. ) ;
#1106 = ORIENTED_EDGE ( 'NONE', *, *, #638, .T. ) ;
#1107 = DIRECTION ( 'NONE',  ( -1.000000000000000000, 0.000000000000000000, -0.000000000000000000 ) ) ;
#1108 = VERTEX_POINT ( 'NONE', #393 ) ;
#1109 = ORIENTED_EDGE ( 'NONE', *, *, #53, .T. ) ;
#1110 = AXIS2_PLACEMENT_3D ( 'NONE', #1149, #1373, #1655 ) ;
#1111 = DIRECTION ( 'NONE',  ( -0.000000000000000000, -0.000000000000000000, 1.000000000000000000 ) ) ;
#1112 = FACE_OUTER_BOUND ( 'NONE', #502, .T. ) ;
#1113 = EDGE_LOOP ( 'NONE', ( #342, #801, #512, #1613 ) ) ;
#1114 = VECTOR ( 'NONE', #732, 1000.000000000000000 ) ;
#1115 = EDGE_CURVE ( 'NONE', #119, #683, #198, .T. ) ;
#1116 = CARTESIAN_POINT ( 'NONE',  ( 766.6599504323222618, 783.9400529352717513, 1398.944561134075684 ) ) ;
#1117 = AXIS2_PLACEMENT_3D ( 'NONE', #1608, #1084, #1208 ) ;
#1118 = VERTEX_POINT ( 'NONE', #1500 ) ;
#1119 = CARTESIAN_POINT ( 'NONE',  ( 755.4599504323223300, 768.9400529352717513, 1395.944561134075684 ) ) ;
#1120 =( GEOMETRIC_REPRESENTATION_CONTEXT ( 3 ) GLOBAL_UNCERTAINTY_ASSIGNED_CONTEXT ( ( #533 ) ) GLOBAL_UNIT_ASSIGNED_CONTEXT ( ( #173, #965, #1574 ) ) REPRESENTATION_CONTEXT ( 'NONE', 'WORKASPACE' ) );
#1121 = ORIENTED_EDGE ( 'NONE', *, *, #206, .F. ) ;
#1122 = CARTESIAN_POINT ( 'NONE',  ( 0.000000000000000000, 0.000000000000000000, 1409.994561134075639 ) ) ;
#1123 = DIRECTION ( 'NONE',  ( -0.000000000000000000, -0.000000000000000000, 1.000000000000000000 ) ) ;
#1124 = ORIENTED_EDGE ( 'NONE', *, *, #124, .T. ) ;
#1125 = CARTESIAN_POINT ( 'NONE',  ( 765.4599504323223300, 783.9400529352717513, 1409.994561134075639 ) ) ;
#1126 = VERTEX_POINT ( 'NONE', #1026 ) ;
#1127 = EDGE_CURVE ( 'NONE', #872, #683, #1272, .T. ) ;
#1128 = CARTESIAN_POINT ( 'NONE',  ( 762.9599504323223300, 798.9400529352718650, 1399.944561134075684 ) ) ;
#1129 = ORIENTED_EDGE ( 'NONE', *, *, #764, .F. ) ;
#1130 = CARTESIAN_POINT ( 'NONE',  ( 0.000000000000000000, 0.000000000000000000, 1399.944561134075684 ) ) ;
#1131 = DIRECTION ( 'NONE',  ( -0.000000000000000000, -0.000000000000000000, -1.000000000000000000 ) ) ;
#1132 = ORIENTED_EDGE ( 'NONE', *, *, #1583, .T. ) ;
#1133 = ORIENTED_EDGE ( 'NONE', *, *, #1294, .F. ) ;
#1134 = CARTESIAN_POINT ( 'NONE',  ( 734.8599504323225347, 785.1524885005700298, 1398.944561134075684 ) ) ;
#1135 = CARTESIAN_POINT ( 'NONE',  ( -143.0429368866131199, 236.1403662567123263, 1406.994561134075639 ) ) ;
#1136 = ORIENTED_EDGE ( 'NONE', *, *, #693, .T. ) ;
#1137 = CARTESIAN_POINT ( 'NONE',  ( 765.4599504323222163, 786.3649240658680810, 1397.944561134075684 ) ) ;
#1138 = EDGE_CURVE ( 'NONE', #643, #977, #873, .T. ) ;
#1139 = ORIENTED_EDGE ( 'NONE', *, *, #659, .T. ) ;
#1140 = DIRECTION ( 'NONE',  ( -0.8660254037844401509, 0.4999999999999973355, 0.000000000000000000 ) ) ;
#1141 = CARTESIAN_POINT ( 'NONE',  ( 736.9599504323223300, 783.9400529352717513, 1409.969561134075775 ) ) ;
#1142 = ORIENTED_EDGE ( 'NONE', *, *, #693, .F. ) ;
#1143 = AXIS2_PLACEMENT_3D ( 'NONE', #1048, #1063, #415 ) ;
#1144 = LINE ( 'NONE', #651, #713 ) ;
#1145 = PLANE ( 'NONE',  #608 ) ;
#1146 = AXIS2_PLACEMENT_3D ( 'NONE', #930, #1036, #1430 ) ;
#1147 = ORIENTED_EDGE ( 'NONE', *, *, #958, .T. ) ;
#1148 = APPLICATION_CONTEXT ( 'automotive_design' ) ;
#1149 = CARTESIAN_POINT ( 'NONE',  ( 0.000000000000000000, 0.000000000000000000, 1398.944561134075684 ) ) ;
#1150 = AXIS2_PLACEMENT_3D ( 'NONE', #436, #427, #961 ) ;
#1151 = VECTOR ( 'NONE', #948, 1000.000000000000000 ) ;
#1152 = EDGE_CURVE ( 'NONE', #1374, #426, #1653, .T. ) ;
#1153 = EDGE_LOOP ( 'NONE', ( #494, #1129, #1058, #1106 ) ) ;
#1154 = FACE_OUTER_BOUND ( 'NONE', #996, .T. ) ;
#1155 = EDGE_CURVE ( 'NONE', #1602, #1385, #910, .T. ) ;
#1156 = ORIENTED_EDGE ( 'NONE', *, *, #232, .T. ) ;
#1157 = PLANE ( 'NONE',  #307 ) ;
#1158 = CARTESIAN_POINT ( 'NONE',  ( 739.1849504323223528, 783.9400529352717513, 1409.994561134075639 ) ) ;
#1159 = ORIENTED_EDGE ( 'NONE', *, *, #1530, .T. ) ;
#1160 = DIRECTION ( 'NONE',  ( -0.000000000000000000, 0.000000000000000000, 1.000000000000000000 ) ) ;
#1161 = CARTESIAN_POINT ( 'NONE',  ( 763.2599504323222845, 783.9400529352717513, 1407.994561134075639 ) ) ;
#1162 = EDGE_CURVE ( 'NONE', #1274, #238, #1587, .T. ) ;
#1163 = DIRECTION ( 'NONE',  ( -1.000000000000000000, 0.000000000000000000, -0.000000000000000000 ) ) ;
#1164 = DIRECTION ( 'NONE',  ( -0.3220812153344890238, 0.9467120421377656081, 0.000000000000000000 ) ) ;
#1165 = DIRECTION ( 'NONE',  ( -1.000000000000000000, -0.000000000000000000, -0.000000000000000000 ) ) ;
#1166 = CARTESIAN_POINT ( 'NONE',  ( 764.2599504323222845, 783.9400529352717513, 1399.944561134075684 ) ) ;
#1167 = ORIENTED_EDGE ( 'NONE', *, *, #398, .F. ) ;
#1168 = LINE ( 'NONE', #887, #984 ) ;
#1169 = DIRECTION ( 'NONE',  ( -0.000000000000000000, -0.000000000000000000, -1.000000000000000000 ) ) ;
#1170 = ADVANCED_FACE ( 'NONE', ( #1379 ), #1019, .T. ) ;
#1171 = DIRECTION ( 'NONE',  ( 1.000000000000000000, 0.000000000000000000, -0.000000000000000000 ) ) ;
#1172 = VECTOR ( 'NONE', #1524, 1000.000000000000000 ) ;
#1173 = VECTOR ( 'NONE', #666, 999.9999999999998863 ) ;
#1174 = VECTOR ( 'NONE', #9, 1000.000000000000000 ) ;
#1175 = DIRECTION ( 'NONE',  ( -1.000000000000000000, 0.000000000000000000, 0.000000000000000000 ) ) ;
#1176 = VERTEX_POINT ( 'NONE', #768 ) ;
#1177 = CARTESIAN_POINT ( 'NONE',  ( 735.7599504323222845, 783.9400529352717513, 1400.144561134075730 ) ) ;
#1178 = DIRECTION ( 'NONE',  ( 1.000000000000000000, 0.000000000000000000, 0.000000000000000000 ) ) ;
#1179 = EDGE_CURVE ( 'NONE', #429, #884, #234, .T. ) ;
#1180 = SURFACE_STYLE_FILL_AREA ( #1056 ) ;
#1181 = ORIENTED_EDGE ( 'NONE', *, *, #461, .T. ) ;
#1182 = CARTESIAN_POINT ( 'NONE',  ( 902.6912925214217012, 307.1049016241960317, 1406.994561134075639 ) ) ;
#1183 = CARTESIAN_POINT ( 'NONE',  ( 902.6912925214217012, 307.1049016241960317, 1400.144561134075730 ) ) ;
#1184 = UNCERTAINTY_MEASURE_WITH_UNIT (LENGTH_MEASURE( 1.000000000000000082E-05 ), #1564, 'distance_accuracy_value', 'NONE');
#1185 = ADVANCED_FACE ( 'NONE', ( #901, #141 ), #1157, .F. ) ;
#1186 = DIRECTION ( 'NONE',  ( -0.000000000000000000, -0.000000000000000000, 1.000000000000000000 ) ) ;
#1187 = VERTEX_POINT ( 'NONE', #753 ) ;
#1188 = CARTESIAN_POINT ( 'NONE',  ( 765.4599504323223300, 783.9400529352717513, 1409.994561134075639 ) ) ;
#1189 = CARTESIAN_POINT ( 'NONE',  ( 763.3599504323221936, 782.7276173699735864, 1398.944561134075684 ) ) ;
#1190 = AXIS2_PLACEMENT_3D ( 'NONE', #688, #952, #587 ) ;
#1191 = VECTOR ( 'NONE', #1169, 1000.000000000000000 ) ;
#1192 = EDGE_CURVE ( 'NONE', #1415, #872, #1008, .T. ) ;
#1193 = CIRCLE ( 'NONE', #469, 1.199999999999978861 ) ;
#1194 = VERTEX_POINT ( 'NONE', #1406 ) ;
#1195 = ADVANCED_FACE ( 'NONE', ( #1287 ), #1510, .F. ) ;
#1196 = AXIS2_PLACEMENT_3D ( 'NONE', #324, #449, #975 ) ;
#1197 = CARTESIAN_POINT ( 'NONE',  ( 734.8599504323225347, 782.7276173699739275, 1397.944561134075684 ) ) ;
#1198 = LINE ( 'NONE', #1323, #1083 ) ;
#1199 = EDGE_LOOP ( 'NONE', ( #1248, #1367 ) ) ;
#1200 = LINE ( 'NONE', #470, #644 ) ;
#1201 = VERTEX_POINT ( 'NONE', #1282 ) ;
#1202 = CYLINDRICAL_SURFACE ( 'NONE', #95, 2.199999999999979750 ) ;
#1203 = EDGE_CURVE ( 'NONE', #827, #251, #632, .T. ) ;
#1204 = DIRECTION ( 'NONE',  ( -1.000000000000000000, 0.000000000000000000, -0.000000000000000000 ) ) ;
#1205 = DIRECTION ( 'NONE',  ( 0.000000000000000000, 0.000000000000000000, 1.000000000000000000 ) ) ;
#1206 = ORIENTED_EDGE ( 'NONE', *, *, #405, .F. ) ;
#1207 = ORIENTED_EDGE ( 'NONE', *, *, #1522, .T. ) ;
#1208 = DIRECTION ( 'NONE',  ( -1.000000000000000000, 0.000000000000000000, 0.000000000000000000 ) ) ;
#1209 = PLANE ( 'NONE',  #1150 ) ;
#1210 = EDGE_CURVE ( 'NONE', #751, #317, #1168, .T. ) ;
#1211 = DIRECTION ( 'NONE',  ( -0.000000000000000000, -0.000000000000000000, 1.000000000000000000 ) ) ;
#1212 = EDGE_LOOP ( 'NONE', ( #639, #559, #1518, #1421 ) ) ;
#1213 = PLANE ( 'NONE',  #472 ) ;
#1214 = ORIENTED_EDGE ( 'NONE', *, *, #124, .F. ) ;
#1215 = VECTOR ( 'NONE', #1276, 1000.000000000000000 ) ;
#1216 = ORIENTED_EDGE ( 'NONE', *, *, #1162, .F. ) ;
#1217 = AXIS2_PLACEMENT_3D ( 'NONE', #1541, #1042, #803 ) ;
#1218 = CARTESIAN_POINT ( 'NONE',  ( 767.9599504323223300, -0.000000000000000000, 1397.944561134075684 ) ) ;
#1219 = CARTESIAN_POINT ( 'NONE',  ( 767.9599504323223300, 798.9400529352718650, 1409.994561134075639 ) ) ;
#1220 = VECTOR ( 'NONE', #1566, 1000.000000000000000 ) ;
#1221 = AXIS2_PLACEMENT_3D ( 'NONE', #1122, #374, #997 ) ;
#1222 = CARTESIAN_POINT ( 'NONE',  ( 766.6599504323222618, 783.9400529352717513, 1409.994561134075639 ) ) ;
#1223 = EDGE_CURVE ( 'NONE', #363, #751, #1144, .T. ) ;
#1224 = DIRECTION ( 'NONE',  ( 0.000000000000000000, 0.000000000000000000, -1.000000000000000000 ) ) ;
#1225 = VERTEX_POINT ( 'NONE', #243 ) ;
#1226 = ORIENTED_EDGE ( 'NONE', *, *, #580, .F. ) ;
#1227 = DIRECTION ( 'NONE',  ( -0.000000000000000000, -0.000000000000000000, 1.000000000000000000 ) ) ;
#1228 = PLANE ( 'NONE',  #128 ) ;
#1229 = CARTESIAN_POINT ( 'NONE',  ( 767.5599504323221254, 782.7276173699734727, 1398.944561134075684 ) ) ;
#1230 = VERTEX_POINT ( 'NONE', #1650 ) ;
#1231 = EDGE_LOOP ( 'NONE', ( #249, #100, #967, #1489 ) ) ;
#1232 = EDGE_CURVE ( 'NONE', #1474, #337, #320, .T. ) ;
#1233 = EDGE_LOOP ( 'NONE', ( #560, #654, #261, #1082 ) ) ;
#1234 = DIRECTION ( 'NONE',  ( -0.000000000000000000, -0.000000000000000000, 1.000000000000000000 ) ) ;
#1235 = FACE_OUTER_BOUND ( 'NONE', #909, .T. ) ;
#1236 = DIRECTION ( 'NONE',  ( -1.000000000000000000, 0.000000000000000000, -0.000000000000000000 ) ) ;
#1237 = ORIENTED_EDGE ( 'NONE', *, *, #617, .F. ) ;
#1238 = CARTESIAN_POINT ( 'NONE',  ( 767.6849504323223528, 783.9400529352717513, 1409.994561134075639 ) ) ;
#1239 = EDGE_LOOP ( 'NONE', ( #1334, #1326, #1469, #1403, #705, #1538, #988, #1132 ) ) ;
#1240 = EDGE_CURVE ( 'NONE', #487, #1280, #459, .T. ) ;
#1241 = LINE ( 'NONE', #1006, #24 ) ;
#1242 = DIRECTION ( 'NONE',  ( 1.000000000000000000, 0.000000000000000000, 0.000000000000000000 ) ) ;
#1243 = VERTEX_POINT ( 'NONE', #602 ) ;
#1244 = EDGE_CURVE ( 'NONE', #1493, #885, #829, .T. ) ;
#1245 = AXIS2_PLACEMENT_3D ( 'NONE', #1621, #1491, #475 ) ;
#1246 = CARTESIAN_POINT ( 'NONE',  ( 732.9599504323223300, 0.000000000000000000, 1400.144561134075730 ) ) ;
#1247 = VECTOR ( 'NONE', #1140, 1000.000000000000114 ) ;
#1248 = ORIENTED_EDGE ( 'NONE', *, *, #1115, .F. ) ;
#1249 = CARTESIAN_POINT ( 'NONE',  ( 766.6599504323222618, 783.9400529352717513, 1399.944561134075684 ) ) ;
#1250 = ORIENTED_EDGE ( 'NONE', *, *, #842, .F. ) ;
#1251 = CARTESIAN_POINT ( 'NONE',  ( 902.6912925214217012, 307.1049016241960317, 1406.994561134075639 ) ) ;
#1252 = CARTESIAN_POINT ( 'NONE',  ( 735.7599504323222845, 783.9400529352717513, 1399.944561134075684 ) ) ;
#1253 = VERTEX_POINT ( 'NONE', #699 ) ;
#1254 = LINE ( 'NONE', #384, #665 ) ;
#1255 = DIRECTION ( 'NONE',  ( -1.000000000000000000, 0.000000000000000000, 0.000000000000000000 ) ) ;
#1256 = ADVANCED_FACE ( 'NONE', ( #862 ), #1620, .F. ) ;
#1257 = EDGE_LOOP ( 'NONE', ( #816, #282, #1408, #189 ) ) ;
#1258 = CARTESIAN_POINT ( 'NONE',  ( 740.6484245673391342, 774.7134651297099026, 1406.994561134075639 ) ) ;
#1259 = VERTEX_POINT ( 'NONE', #728 ) ;
#1260 = FACE_BOUND ( 'NONE', #857, .T. ) ;
#1261 = CARTESIAN_POINT ( 'NONE',  ( 732.9599504323223300, 768.9400529352717513, 1399.944561134075684 ) ) ;
#1262 = ORIENTED_EDGE ( 'NONE', *, *, #859, .F. ) ;
#1263 = DIRECTION ( 'NONE',  ( -0.7071067811881175391, 8.659560562374158878E-17, 0.7071067811849774953 ) ) ;
#1264 = LINE ( 'NONE', #222, #1450 ) ;
#1265 = EDGE_LOOP ( 'NONE', ( #536, #181 ) ) ;
#1266 = EDGE_CURVE ( 'NONE', #77, #885, #131, .T. ) ;
#1267 = FACE_OUTER_BOUND ( 'NONE', #851, .T. ) ;
#1268 = ORIENTED_EDGE ( 'NONE', *, *, #1279, .T. ) ;
#1269 = DIRECTION ( 'NONE',  ( 0.3220812153344890238, -0.9467120421377656081, 0.000000000000000000 ) ) ;
#1270 = DIRECTION ( 'NONE',  ( 1.000000000000000000, 0.000000000000000000, -0.000000000000000000 ) ) ;
#1271 = CIRCLE ( 'NONE', #1647, 2.199999999999979750 ) ;
#1272 = LINE ( 'NONE', #521, #880 ) ;
#1273 = LINE ( 'NONE', #982, #389 ) ;
#1274 = VERTEX_POINT ( 'NONE', #1463 ) ;
#1275 = VECTOR ( 'NONE', #327, 999.9999999999998863 ) ;
#1276 = DIRECTION ( 'NONE',  ( 0.000000000000000000, -1.000000000000000000, 0.000000000000000000 ) ) ;
#1277 = CIRCLE ( 'NONE', #334, 2.225000000000032507 ) ;
#1278 = COLOUR_RGB ( '',0.7921568627450980005, 0.8196078431372548767, 0.9333333333333333481 ) ;
#1279 = EDGE_CURVE ( 'NONE', #828, #891, #79, .T. ) ;
#1280 = VERTEX_POINT ( 'NONE', #1456 ) ;
#1281 = DIRECTION ( 'NONE',  ( -1.000000000000000000, 0.000000000000000000, -0.000000000000000000 ) ) ;
#1282 = CARTESIAN_POINT ( 'NONE',  ( 738.1599504323222618, 783.9400529352717513, 1407.994561134075639 ) ) ;
#1283 = CARTESIAN_POINT ( 'NONE',  ( 763.3599504323220799, 785.1524885005698025, 1397.944561134075684 ) ) ;
#1284 = CARTESIAN_POINT ( 'NONE',  ( 732.9599504323223300, 798.9400529352718650, 1400.144561134075730 ) ) ;
#1285 = EDGE_CURVE ( 'NONE', #396, #931, #1329, .T. ) ;
#1286 = ORIENTED_EDGE ( 'NONE', *, *, #1610, .T. ) ;
#1287 = FACE_OUTER_BOUND ( 'NONE', #161, .T. ) ;
#1288 = CARTESIAN_POINT ( 'NONE',  ( 767.9599504323223300, 768.9400529352717513, 1397.944561134075684 ) ) ;
#1289 = EDGE_LOOP ( 'NONE', ( #236, #473, #274, #959 ) ) ;
#1290 = DIRECTION ( 'NONE',  ( 0.000000000000000000, 1.000000000000000000, 0.000000000000000000 ) ) ;
#1291 =( LENGTH_UNIT ( ) NAMED_UNIT ( * ) SI_UNIT ( .MILLI., .METRE. ) );
#1292 = VERTEX_POINT ( 'NONE', #220 ) ;
#1293 = DIRECTION ( 'NONE',  ( 0.8660254037844256070, -0.5000000000000224265, 0.000000000000000000 ) ) ;
#1294 = EDGE_CURVE ( 'NONE', #1428, #251, #1368, .T. ) ;
#1295 = LINE ( 'NONE', #1183, #1534 ) ;
#1296 = AXIS2_PLACEMENT_3D ( 'NONE', #1601, #454, #843 ) ;
#1297 = CONICAL_SURFACE ( 'NONE', #1511, 2.225000000000032507, 0.7853981633996686140 ) ;
#1298 = AXIS2_PLACEMENT_3D ( 'NONE', #1490, #1094, #1599 ) ;
#1299 = ORIENTED_EDGE ( 'NONE', *, *, #101, .T. ) ;
#1300 = LINE ( 'NONE', #1182, #391 ) ;
#1301 = ADVANCED_FACE ( 'NONE', ( #86 ), #155, .F. ) ;
#1302 = LINE ( 'NONE', #1410, #1478 ) ;
#1303 = PRESENTATION_STYLE_ASSIGNMENT (( #409 ) ) ;
#1304 = ORIENTED_EDGE ( 'NONE', *, *, #1339, .F. ) ;
#1305 = LINE ( 'NONE', #902, #527 ) ;
#1306 = DIRECTION ( 'NONE',  ( -0.000000000000000000, 1.000000000000000000, -0.000000000000000000 ) ) ;
#1307 = EDGE_CURVE ( 'NONE', #1637, #433, #1577, .T. ) ;
#1308 = EDGE_CURVE ( 'NONE', #914, #1031, #1193, .T. ) ;
#1309 = ORIENTED_EDGE ( 'NONE', *, *, #298, .T. ) ;
#1310 = CARTESIAN_POINT ( 'NONE',  ( 762.9599504323223300, 798.9400529352718650, 1406.994561134075639 ) ) ;
#1311 = CARTESIAN_POINT ( 'NONE',  ( 742.0991320509056095, 772.3185856343857267, 1406.994561134075639 ) ) ;
#1312 = ORIENTED_EDGE ( 'NONE', *, *, #627, .F. ) ;
#1313 = VECTOR ( 'NONE', #1290, 1000.000000000000000 ) ;
#1314 = VERTEX_POINT ( 'NONE', #182 ) ;
#1315 = VECTOR ( 'NONE', #1484, 1000.000000000000000 ) ;
#1316 = VECTOR ( 'NONE', #1027, 1000.000000000000000 ) ;
#1317 = CARTESIAN_POINT ( 'NONE',  ( 762.9599504323223300, 798.9400529352718650, 1369.530748482584386 ) ) ;
#1318 = ADVANCED_FACE ( 'NONE', ( #990, #960 ), #1074, .T. ) ;
#1319 = VECTOR ( 'NONE', #1470, 1000.000000000000000 ) ;
#1320 = ORIENTED_EDGE ( 'NONE', *, *, #330, .F. ) ;
#1321 = CIRCLE ( 'NONE', #1656, 1.199999999999978861 ) ;
#1322 = DIRECTION ( 'NONE',  ( 0.000000000000000000, -1.000000000000000000, 0.000000000000000000 ) ) ;
#1323 = CARTESIAN_POINT ( 'NONE',  ( 736.9599504323225574, 786.3649240658683084, 1398.944561134075684 ) ) ;
#1324 = DIRECTION ( 'NONE',  ( 1.000000000000000000, 0.000000000000000000, 0.000000000000000000 ) ) ;
#1325 = CARTESIAN_POINT ( 'NONE',  ( 736.9599504323225574, 786.3649240658683084, 1398.944561134075684 ) ) ;
#1326 = ORIENTED_EDGE ( 'NONE', *, *, #442, .F. ) ;
#1327 = ORIENTED_EDGE ( 'NONE', *, *, #1464, .F. ) ;
#1328 = EDGE_CURVE ( 'NONE', #1225, #828, #969, .T. ) ;
#1329 = LINE ( 'NONE', #346, #1349 ) ;
#1330 = LINE ( 'NONE', #822, #550 ) ;
#1331 = DIRECTION ( 'NONE',  ( -0.5181098155594116017, 0.8553141054729499482, 0.000000000000000000 ) ) ;
#1332 = EDGE_LOOP ( 'NONE', ( #1101, #1268, #434, #1121 ) ) ;
#1333 = FACE_OUTER_BOUND ( 'NONE', #1332, .T. ) ;
#1334 = ORIENTED_EDGE ( 'NONE', *, *, #1077, .T. ) ;
#1335 = EDGE_LOOP ( 'NONE', ( #371, #869 ) ) ;
#1336 = DIRECTION ( 'NONE',  ( -1.000000000000000000, 0.000000000000000000, 0.000000000000000000 ) ) ;
#1337 = CARTESIAN_POINT ( 'NONE',  ( 735.7599504323222845, 783.9400529352717513, 1407.994561134075639 ) ) ;
#1338 = FACE_OUTER_BOUND ( 'NONE', #1425, .T. ) ;
#1339 = EDGE_CURVE ( 'NONE', #242, #199, #172, .T. ) ;
#1340 = ORIENTED_EDGE ( 'NONE', *, *, #752, .T. ) ;
#1341 = CARTESIAN_POINT ( 'NONE',  ( 739.1599504323222618, 783.9400529352717513, 1407.994561134075639 ) ) ;
#1342 = EDGE_LOOP ( 'NONE', ( #49, #1226, #208, #584 ) ) ;
#1343 = VECTOR ( 'NONE', #322, 1000.000000000000000 ) ;
#1344 = EDGE_LOOP ( 'NONE', ( #864, #448, #555, #755, #4, #31, #824, #1506 ) ) ;
#1345 = AXIS2_PLACEMENT_3D ( 'NONE', #422, #695, #1204 ) ;
#1346 = CARTESIAN_POINT ( 'NONE',  ( 738.1599504323222618, 783.9400529352717513, 1398.944561134075684 ) ) ;
#1347 = DIRECTION ( 'NONE',  ( 1.000000000000000000, 0.000000000000000000, 0.000000000000000000 ) ) ;
#1348 = CONICAL_SURFACE ( 'NONE', #640, 2.225000000000032507, 0.7853981633996686140 ) ;
#1349 = VECTOR ( 'NONE', #563, 1000.000000000000000 ) ;
#1350 = CARTESIAN_POINT ( 'NONE',  ( 743.2992182853247414, 775.6152925326466629, 1400.144561134075730 ) ) ;
#1351 = CIRCLE ( 'NONE', #612, 1.199999999999978861 ) ;
#1352 = ORIENTED_EDGE ( 'NONE', *, *, #649, .T. ) ;
#1353 = EDGE_CURVE ( 'NONE', #570, #199, #59, .T. ) ;
#1354 = EDGE_LOOP ( 'NONE', ( #741, #737, #973, #1011 ) ) ;
#1355 = DIRECTION ( 'NONE',  ( -0.7071067811881175391, 8.659560562374158878E-17, 0.7071067811849774953 ) ) ;
#1356 = VERTEX_POINT ( 'NONE', #1346 ) ;
#1357 = EDGE_LOOP ( 'NONE', ( #1623, #1596, #818, #1627 ) ) ;
#1358 = CYLINDRICAL_SURFACE ( 'NONE', #529, 1.199999999999978861 ) ;
#1359 = CYLINDRICAL_SURFACE ( 'NONE', #170, 2.199999999999979750 ) ;
#1360 = DIRECTION ( 'NONE',  ( 0.000000000000000000, -1.000000000000000000, 0.000000000000000000 ) ) ;
#1361 = EDGE_LOOP ( 'NONE', ( #698, #223, #1477, #1654, #479, #1378 ) ) ;
#1362 = LINE ( 'NONE', #1128, #499 ) ;
#1363 = EDGE_CURVE ( 'NONE', #1493, #727, #611, .T. ) ;
#1364 = SHAPE_DEFINITION_REPRESENTATION ( #150, #577 ) ;
#1365 = ORIENTED_EDGE ( 'NONE', *, *, #913, .T. ) ;
#1366 = ADVANCED_FACE ( 'NONE', ( #853 ), #1358, .F. ) ;
#1367 = ORIENTED_EDGE ( 'NONE', *, *, #45, .F. ) ;
#1368 = LINE ( 'NONE', #452, #774 ) ;
#1369 = CARTESIAN_POINT ( 'NONE',  ( 765.4599504323223300, 783.9400529352717513, 1409.994561134075639 ) ) ;
#1370 = ORIENTED_EDGE ( 'NONE', *, *, #114, .T. ) ;
#1371 = DIRECTION ( 'NONE',  ( 0.000000000000000000, 0.000000000000000000, 1.000000000000000000 ) ) ;
#1372 = ORIENTED_EDGE ( 'NONE', *, *, #983, .T. ) ;
#1373 = DIRECTION ( 'NONE',  ( 0.000000000000000000, 0.000000000000000000, -1.000000000000000000 ) ) ;
#1374 = VERTEX_POINT ( 'NONE', #1023 ) ;
#1375 = DIRECTION ( 'NONE',  ( -0.8660254037844256070, 0.5000000000000224265, 0.000000000000000000 ) ) ;
#1376 = EDGE_CURVE ( 'NONE', #1356, #914, #1519, .T. ) ;
#1377 = CARTESIAN_POINT ( 'NONE',  ( 736.9599504323223300, 783.9400529352717513, 1409.994561134075639 ) ) ;
#1378 = ORIENTED_EDGE ( 'NONE', *, *, #868, .F. ) ;
#1379 = FACE_OUTER_BOUND ( 'NONE', #1289, .T. ) ;
#1380 = VECTOR ( 'NONE', #1578, 1000.000000000000114 ) ;
#1381 = DIRECTION ( 'NONE',  ( -1.000000000000000000, 0.000000000000000000, 0.000000000000000000 ) ) ;
#1382 = AXIS2_PLACEMENT_3D ( 'NONE', #513, #749, #1527 ) ;
#1383 = ORIENTED_EDGE ( 'NONE', *, *, #63, .F. ) ;
#1384 = CARTESIAN_POINT ( 'NONE',  ( 765.4599504323223300, 783.9400529352717513, 1409.969561134075775 ) ) ;
#1385 = VERTEX_POINT ( 'NONE', #892 ) ;
#1386 = LINE ( 'NONE', #554, #336 ) ;
#1387 = FACE_OUTER_BOUND ( 'NONE', #1113, .T. ) ;
#1388 = VERTEX_POINT ( 'NONE', #900 ) ;
#1389 = ORIENTED_EDGE ( 'NONE', *, *, #655, .T. ) ;
#1390 = ADVANCED_FACE ( 'NONE', ( #239 ), #1497, .F. ) ;
#1391 = DIRECTION ( 'NONE',  ( 0.000000000000000000, -1.000000000000000000, 0.000000000000000000 ) ) ;
#1392 = FACE_OUTER_BOUND ( 'NONE', #419, .T. ) ;
#1393 = EDGE_LOOP ( 'NONE', ( #1327, #1262, #332, #1299, #1139, #1320 ) ) ;
#1394 = CARTESIAN_POINT ( 'NONE',  ( 765.4599504323223300, 783.9400529352717513, 1407.994561134075639 ) ) ;
#1395 = ORIENTED_EDGE ( 'NONE', *, *, #601, .F. ) ;
#1396 = DIRECTION ( 'NONE',  ( 0.000000000000000000, 0.000000000000000000, 1.000000000000000000 ) ) ;
#1397 = ORIENTED_EDGE ( 'NONE', *, *, #1203, .T. ) ;
#1398 = EDGE_LOOP ( 'NONE', ( #697, #1533, #348, #866 ) ) ;
#1399 = DIRECTION ( 'NONE',  ( -0.000000000000000000, -0.000000000000000000, 1.000000000000000000 ) ) ;
#1400 = CYLINDRICAL_SURFACE ( 'NONE', #1582, 1.199999999999978861 ) ;
#1401 = EDGE_CURVE ( 'NONE', #69, #318, #355, .T. ) ;
#1402 = DIRECTION ( 'NONE',  ( -0.000000000000000000, -0.000000000000000000, 1.000000000000000000 ) ) ;
#1403 = ORIENTED_EDGE ( 'NONE', *, *, #1279, .F. ) ;
#1404 = PLANE ( 'NONE',  #1221 ) ;
#1405 = CIRCLE ( 'NONE', #978, 1.199999999999978861 ) ;
#1406 = CARTESIAN_POINT ( 'NONE',  ( 767.6599504323222618, 783.9400529352717513, 1409.969561134075775 ) ) ;
#1407 = FACE_OUTER_BOUND ( 'NONE', #1239, .T. ) ;
#1408 = ORIENTED_EDGE ( 'NONE', *, *, #659, .F. ) ;
#1409 = CIRCLE ( 'NONE', #333, 1.199999999999978861 ) ;
#1410 = CARTESIAN_POINT ( 'NONE',  ( 732.9599504323223300, 798.9400529352718650, 1406.994561134075639 ) ) ;
#1411 = AXIS2_PLACEMENT_3D ( 'NONE', #262, #1032, #146 ) ;
#1412 = EDGE_CURVE ( 'NONE', #1558, #954, #390, .T. ) ;
#1413 = PRODUCT_DEFINITION_FORMATION_WITH_SPECIFIED_SOURCE ( 'ANY', '', #658, .NOT_KNOWN. ) ;
#1414 = CARTESIAN_POINT ( 'NONE',  ( 767.9599504323223300, -0.000000000000000000, 1399.944561134075684 ) ) ;
#1415 = VERTEX_POINT ( 'NONE', #1161 ) ;
#1416 = DIRECTION ( 'NONE',  ( 1.000000000000000000, 0.000000000000000000, 0.000000000000000000 ) ) ;
#1417 = LINE ( 'NONE', #1529, #287 ) ;
#1418 = FACE_OUTER_BOUND ( 'NONE', #615, .T. ) ;
#1419 = DIRECTION ( 'NONE',  ( 0.000000000000000000, 0.000000000000000000, -1.000000000000000000 ) ) ;
#1420 = ADVANCED_FACE ( 'NONE', ( #1260, #1015, #1154 ), #1404, .T. ) ;
#1421 = ORIENTED_EDGE ( 'NONE', *, *, #1557, .T. ) ;
#1422 = FACE_OUTER_BOUND ( 'NONE', #1342, .T. ) ;
#1423 = CARTESIAN_POINT ( 'NONE',  ( 736.9599504323223300, 781.5151818046758763, 1398.944561134075684 ) ) ;
#1424 = DIRECTION ( 'NONE',  ( 0.8660254037844287156, 0.5000000000000172085, 0.000000000000000000 ) ) ;
#1425 = EDGE_LOOP ( 'NONE', ( #845, #465, #241, #660 ) ) ;
#1426 = EDGE_CURVE ( 'NONE', #736, #833, #1241, .T. ) ;
#1427 = DIRECTION ( 'NONE',  ( -1.000000000000000000, 0.000000000000000000, 0.000000000000000000 ) ) ;
#1428 = VERTEX_POINT ( 'NONE', #2 ) ;
#1429 = VECTOR ( 'NONE', #1178, 1000.000000000000000 ) ;
#1430 = DIRECTION ( 'NONE',  ( 1.000000000000000000, 0.000000000000000000, 0.000000000000000000 ) ) ;
#1431 = AXIS2_PLACEMENT_3D ( 'NONE', #1568, #1593, #823 ) ;
#1432 = VECTOR ( 'NONE', #463, 1000.000000000000000 ) ;
#1433 = AXIS2_PLACEMENT_3D ( 'NONE', #893, #1270, #462 ) ;
#1434 = LINE ( 'NONE', #165, #201 ) ;
#1435 = MECHANICAL_DESIGN_GEOMETRIC_PRESENTATION_REPRESENTATION (  '', ( #233 ), #42 ) ;
#1436 = EDGE_LOOP ( 'NONE', ( #217, #140, #1159, #717 ) ) ;
#1437 = DIRECTION ( 'NONE',  ( 1.000000000000000000, 0.000000000000000000, 0.000000000000000000 ) ) ;
#1438 = ADVANCED_FACE ( 'NONE', ( #250 ), #259, .F. ) ;
#1439 = DIRECTION ( 'NONE',  ( -0.8660254037844256070, 0.5000000000000224265, 0.000000000000000000 ) ) ;
#1440 = ADVANCED_FACE ( 'NONE', ( #117 ), #767, .F. ) ;
#1441 = CARTESIAN_POINT ( 'NONE',  ( 736.9599504323223300, 783.9400529352717513, 1400.144561134075730 ) ) ;
#1442 = ORIENTED_EDGE ( 'NONE', *, *, #1162, .T. ) ;
#1443 = DIRECTION ( 'NONE',  ( 0.7071067811881175391, 0.000000000000000000, 0.7071067811849774953 ) ) ;
#1444 = DIRECTION ( 'NONE',  ( -0.8553141054729499482, -0.5181098155594116017, 0.000000000000000000 ) ) ;
#1445 = ADVANCED_FACE ( 'NONE', ( #1532, #621, #1507 ), #127, .F. ) ;
#1446 = ORIENTED_EDGE ( 'NONE', *, *, #232, .F. ) ;
#1447 = FACE_OUTER_BOUND ( 'NONE', #783, .T. ) ;
#1448 = DIRECTION ( 'NONE',  ( 0.000000000000000000, 1.000000000000000000, 0.000000000000000000 ) ) ;
#1449 = LINE ( 'NONE', #306, #1560 ) ;
#1450 = VECTOR ( 'NONE', #370, 1000.000000000000000 ) ;
#1451 = EDGE_CURVE ( 'NONE', #1187, #1259, #138, .T. ) ;
#1452 = VECTOR ( 'NONE', #46, 1000.000000000000000 ) ;
#1453 = EDGE_LOOP ( 'NONE', ( #1207, #335, #490, #1286 ) ) ;
#1454 = VECTOR ( 'NONE', #1648, 1000.000000000000000 ) ;
#1455 = VERTEX_POINT ( 'NONE', #520 ) ;
#1456 = CARTESIAN_POINT ( 'NONE',  ( 762.9599504323223300, 768.9400529352717513, 1397.944561134075684 ) ) ;
#1457 = CARTESIAN_POINT ( 'NONE',  ( 763.2599504323222845, 783.9400529352717513, 1409.969561134075775 ) ) ;
#1458 = DIRECTION ( 'NONE',  ( 1.000000000000000000, 0.000000000000000000, 0.000000000000000000 ) ) ;
#1459 = CARTESIAN_POINT ( 'NONE',  ( 739.0599504323223528, 785.1524885005701435, 1397.944561134075684 ) ) ;
#1460 = CARTESIAN_POINT ( 'NONE',  ( 765.4599504323223300, 781.5151818046753078, 1398.944561134075684 ) ) ;
#1461 = CARTESIAN_POINT ( 'NONE',  ( 734.7599504323222845, 783.9400529352717513, 1409.969561134075775 ) ) ;
#1462 = ORIENTED_EDGE ( 'NONE', *, *, #245, .F. ) ;
#1463 = CARTESIAN_POINT ( 'NONE',  ( 734.7349504323223073, 783.9400529352717513, 1409.994561134075639 ) ) ;
#1464 = EDGE_CURVE ( 'NONE', #891, #861, #1030, .T. ) ;
#1465 = CARTESIAN_POINT ( 'NONE',  ( 739.0599504323223528, 782.7276173699740411, 1397.944561134075684 ) ) ;
#1466 = CARTESIAN_POINT ( 'NONE',  ( -0.000000000000000000, 768.9400529352717513, 1400.144561134075730 ) ) ;
#1467 = CARTESIAN_POINT ( 'NONE',  ( 736.9599504323223300, 781.5151818046758763, 1398.944561134075684 ) ) ;
#1468 = CARTESIAN_POINT ( 'NONE',  ( 763.3599504323221936, 785.1524885005699161, 1398.944561134075684 ) ) ;
#1469 = ORIENTED_EDGE ( 'NONE', *, *, #859, .T. ) ;
#1470 = DIRECTION ( 'NONE',  ( -0.000000000000000000, -0.000000000000000000, 1.000000000000000000 ) ) ;
#1471 = CARTESIAN_POINT ( 'NONE',  ( 736.9599504323225574, 786.3649240658683084, 1397.944561134075684 ) ) ;
#1472 = EDGE_CURVE ( 'NONE', #510, #643, #613, .T. ) ;
#1473 = DIRECTION ( 'NONE',  ( 0.5000000000000225375, 0.8660254037844257180, -0.000000000000000000 ) ) ;
#1474 = VERTEX_POINT ( 'NONE', #491 ) ;
#1475 = VECTOR ( 'NONE', #123, 1000.000000000000000 ) ;
#1476 = PLANE ( 'NONE',  #1482 ) ;
#1477 = ORIENTED_EDGE ( 'NONE', *, *, #1090, .F. ) ;
#1478 = VECTOR ( 'NONE', #1165, 1000.000000000000000 ) ;
#1479 = DIRECTION ( 'NONE',  ( 0.000000000000000000, 0.000000000000000000, -1.000000000000000000 ) ) ;
#1480 = CYLINDRICAL_SURFACE ( 'NONE', #1037, 2.199999999999979750 ) ;
#1481 = AXIS2_PLACEMENT_3D ( 'NONE', #731, #485, #1458 ) ;
#1482 = AXIS2_PLACEMENT_3D ( 'NONE', #1317, #1079, #1224 ) ;
#1483 = EDGE_CURVE ( 'NONE', #363, #444, #365, .T. ) ;
#1484 = DIRECTION ( 'NONE',  ( -0.000000000000000000, -0.000000000000000000, 1.000000000000000000 ) ) ;
#1485 = ORIENTED_EDGE ( 'NONE', *, *, #565, .T. ) ;
#1486 = EDGE_CURVE ( 'NONE', #429, #1575, #1386, .T. ) ;
#1487 = CARTESIAN_POINT ( 'NONE',  ( 732.9599504323223300, 0.000000000000000000, 1399.944561134075684 ) ) ;
#1488 = EDGE_LOOP ( 'NONE', ( #790, #1093, #985, #99 ) ) ;
#1489 = ORIENTED_EDGE ( 'NONE', *, *, #1179, .T. ) ;
#1490 = CARTESIAN_POINT ( 'NONE',  ( 765.4599504323223300, 783.9400529352717513, 1409.994561134075639 ) ) ;
#1491 = DIRECTION ( 'NONE',  ( 1.000000000000000000, 0.000000000000000000, -0.000000000000000000 ) ) ;
#1492 = FACE_OUTER_BOUND ( 'NONE', #48, .T. ) ;
#1493 = VERTEX_POINT ( 'NONE', #1166 ) ;
#1494 = DIRECTION ( 'NONE',  ( -0.000000000000000000, -0.000000000000000000, 1.000000000000000000 ) ) ;
#1495 = EDGE_CURVE ( 'NONE', #1385, #487, #34, .T. ) ;
#1496 = ORIENTED_EDGE ( 'NONE', *, *, #1043, .T. ) ;
#1497 = PLANE ( 'NONE',  #579 ) ;
#1498 = CYLINDRICAL_SURFACE ( 'NONE', #305, 1.199999999999978861 ) ;
#1499 = ORIENTED_EDGE ( 'NONE', *, *, #1285, .T. ) ;
#1500 = CARTESIAN_POINT ( 'NONE',  ( 764.2599504323222845, 783.9400529352717513, 1398.944561134075684 ) ) ;
#1501 = CARTESIAN_POINT ( 'NONE',  ( 742.0991320509056095, 772.3185856343857267, 1406.994561134075639 ) ) ;
#1502 = ORIENTED_EDGE ( 'NONE', *, *, #1353, .T. ) ;
#1503 = DIRECTION ( 'NONE',  ( -1.000000000000000000, 3.965082230804252572E-14, 0.000000000000000000 ) ) ;
#1504 = EDGE_CURVE ( 'NONE', #337, #643, #399, .T. ) ;
#1505 = MANIFOLD_SOLID_BREP ( 'CBORE for M2 SHCS1[2]', #464 ) ;
#1506 = ORIENTED_EDGE ( 'NONE', *, *, #3, .T. ) ;
#1507 = FACE_OUTER_BOUND ( 'NONE', #933, .T. ) ;
#1508 = FACE_OUTER_BOUND ( 'NONE', #57, .T. ) ;
#1509 = VECTOR ( 'NONE', #1625, 999.9999999999998863 ) ;
#1510 = PLANE ( 'NONE',  #394 ) ;
#1511 = AXIS2_PLACEMENT_3D ( 'NONE', #492, #1631, #484 ) ;
#1512 = CYLINDRICAL_SURFACE ( 'NONE', #303, 1.199999999999978861 ) ;
#1513 = VECTOR ( 'NONE', #269, 1000.000000000000000 ) ;
#1514 = EDGE_LOOP ( 'NONE', ( #1080, #215, #197, #596 ) ) ;
#1515 = CYLINDRICAL_SURFACE ( 'NONE', #904, 1.199999999999978861 ) ;
#1516 = VECTOR ( 'NONE', #1091, 1000.000000000000000 ) ;
#1517 = UNCERTAINTY_MEASURE_WITH_UNIT (LENGTH_MEASURE( 1.000000000000000082E-05 ), #1291, 'distance_accuracy_value', 'NONE');
#1518 = ORIENTED_EDGE ( 'NONE', *, *, #1210, .F. ) ;
#1519 = LINE ( 'NONE', #630, #747 ) ;
#1520 = CARTESIAN_POINT ( 'NONE',  ( 767.9599504323223300, 798.9400529352718650, 1399.944561134075684 ) ) ;
#1521 = ORIENTED_EDGE ( 'NONE', *, *, #1412, .T. ) ;
#1522 = EDGE_CURVE ( 'NONE', #83, #1187, #1434, .T. ) ;
#1523 = CARTESIAN_POINT ( 'NONE',  ( 763.2599504323222845, 783.9400529352717513, 1409.994561134075639 ) ) ;
#1524 = DIRECTION ( 'NONE',  ( -0.000000000000000000, -0.000000000000000000, -1.000000000000000000 ) ) ;
#1525 = DIRECTION ( 'NONE',  ( 0.000000000000000000, 1.000000000000000000, -0.000000000000000000 ) ) ;
#1526 = EDGE_LOOP ( 'NONE', ( #1065, #766, #1156, #1167, #1565, #209, #309, #1136 ) ) ;
#1527 = DIRECTION ( 'NONE',  ( 0.000000000000000000, -0.000000000000000000, -1.000000000000000000 ) ) ;
#1528 = DIRECTION ( 'NONE',  ( -0.000000000000000000, -0.000000000000000000, 1.000000000000000000 ) ) ;
#1529 = CARTESIAN_POINT ( 'NONE',  ( -0.000000000000000000, 768.9400529352717513, 1399.944561134075684 ) ) ;
#1530 = EDGE_CURVE ( 'NONE', #812, #1201, #1321, .T. ) ;
#1531 = PLANE ( 'NONE',  #574 ) ;
#1532 = FACE_BOUND ( 'NONE', #623, .T. ) ;
#1533 = ORIENTED_EDGE ( 'NONE', *, *, #22, .F. ) ;
#1534 = VECTOR ( 'NONE', #680, 1000.000000000000000 ) ;
#1535 = CARTESIAN_POINT ( 'NONE',  ( 767.6599504323222618, 783.9400529352717513, 1407.994561134075639 ) ) ;
#1536 = CARTESIAN_POINT ( 'NONE',  ( 767.5599504323221254, 782.7276173699734727, 1398.944561134075684 ) ) ;
#1537 = AXIS2_PLACEMENT_3D ( 'NONE', #1549, #408, #922 ) ;
#1538 = ORIENTED_EDGE ( 'NONE', *, *, #804, .F. ) ;
#1539 = CIRCLE ( 'NONE', #907, 1.199999999999978861 ) ;
#1540 = EDGE_CURVE ( 'NONE', #721, #1314, #929, .T. ) ;
#1541 = CARTESIAN_POINT ( 'NONE',  ( 0.000000000000000000, 0.000000000000000000, 1397.944561134075684 ) ) ;
#1542 = AXIS2_PLACEMENT_3D ( 'NONE', #718, #1479, #338 ) ;
#1543 = ADVANCED_FACE ( 'NONE', ( #276 ), #30, .T. ) ;
#1544 = CARTESIAN_POINT ( 'NONE',  ( 736.9599504323223300, 783.9400529352717513, 1407.994561134075639 ) ) ;
#1545 = ORIENTED_EDGE ( 'NONE', *, *, #1401, .T. ) ;
#1546 = MANIFOLD_SOLID_BREP ( 'Cut-Extrude1', #1053 ) ;
#1547 = LINE ( 'NONE', #401, #1173 ) ;
#1548 = ORIENTED_EDGE ( 'NONE', *, *, #14, .T. ) ;
#1549 = CARTESIAN_POINT ( 'NONE',  ( 765.4599504323223300, 781.5151818046753078, 1398.944561134075684 ) ) ;
#1550 = EDGE_CURVE ( 'NONE', #1356, #354, #1351, .T. ) ;
#1551 = SURFACE_STYLE_FILL_AREA ( #937 ) ;
#1552 = ORIENTED_EDGE ( 'NONE', *, *, #1028, .F. ) ;
#1553 = PLANE ( 'NONE',  #503 ) ;
#1554 = ORIENTED_EDGE ( 'NONE', *, *, #254, .T. ) ;
#1555 = DIRECTION ( 'NONE',  ( 0.000000000000000000, -1.000000000000000000, 0.000000000000000000 ) ) ;
#1556 = CARTESIAN_POINT ( 'NONE',  ( 755.4599504323223300, 809.1380919624573380, 1395.944561134075684 ) ) ;
#1557 = EDGE_CURVE ( 'NONE', #751, #920, #535, .T. ) ;
#1558 = VERTEX_POINT ( 'NONE', #561 ) ;
#1559 = CARTESIAN_POINT ( 'NONE',  ( 736.9599504323223300, 781.5151818046758763, 1397.944561134075684 ) ) ;
#1560 = VECTOR ( 'NONE', #195, 1000.000000000000000 ) ;
#1561 = VECTOR ( 'NONE', #1306, 1000.000000000000000 ) ;
#1562 = CARTESIAN_POINT ( 'NONE',  ( 743.2992182853247414, 775.6152925326466629, 1406.994561134075639 ) ) ;
#1563 = CIRCLE ( 'NONE', #153, 2.199999999999979750 ) ;
#1564 =( LENGTH_UNIT ( ) NAMED_UNIT ( * ) SI_UNIT ( .MILLI., .METRE. ) );
#1565 = ORIENTED_EDGE ( 'NONE', *, *, #1155, .F. ) ;
#1566 = DIRECTION ( 'NONE',  ( -0.000000000000000000, -0.000000000000000000, 1.000000000000000000 ) ) ;
#1567 = EDGE_CURVE ( 'NONE', #84, #1292, #1099, .T. ) ;
#1568 = CARTESIAN_POINT ( 'NONE',  ( 736.9599504323223300, 783.9400529352717513, 1407.994561134075639 ) ) ;
#1569 = DIRECTION ( 'NONE',  ( 0.000000000000000000, -1.000000000000000000, 0.000000000000000000 ) ) ;
#1570 = EDGE_LOOP ( 'NONE', ( #946, #91, #186, #7, #110, #246 ) ) ;
#1571 = FACE_OUTER_BOUND ( 'NONE', #1024, .T. ) ;
#1572 = ADVANCED_FACE ( 'NONE', ( #834, #598 ), #1213, .F. ) ;
#1573 = CARTESIAN_POINT ( 'NONE',  ( 732.9599504323223300, 798.9400529352718650, 1397.944561134075684 ) ) ;
#1574 =( NAMED_UNIT ( * ) SI_UNIT ( $, .STERADIAN. ) SOLID_ANGLE_UNIT ( ) );
#1575 = VERTEX_POINT ( 'NONE', #1325 ) ;
#1576 = ORIENTED_EDGE ( 'NONE', *, *, #675, .T. ) ;
#1577 = LINE ( 'NONE', #979, #41 ) ;
#1578 = DIRECTION ( 'NONE',  ( 0.8660254037844256070, -0.5000000000000224265, 0.000000000000000000 ) ) ;
#1579 = DIRECTION ( 'NONE',  ( 0.000000000000000000, -1.000000000000000000, 0.000000000000000000 ) ) ;
#1580 = AXIS2_PLACEMENT_3D ( 'NONE', #1384, #1029, #628 ) ;
#1581 = DIRECTION ( 'NONE',  ( 0.000000000000000000, -1.000000000000000000, 0.000000000000000000 ) ) ;
#1582 = AXIS2_PLACEMENT_3D ( 'NONE', #742, #253, #856 ) ;
#1583 = EDGE_CURVE ( 'NONE', #396, #1230, #56, .T. ) ;
#1584 = VECTOR ( 'NONE', #420, 1000.000000000000000 ) ;
#1585 = DIRECTION ( 'NONE',  ( 1.000000000000000000, 0.000000000000000000, 0.000000000000000000 ) ) ;
#1586 = ORIENTED_EDGE ( 'NONE', *, *, #1557, .F. ) ;
#1587 = CIRCLE ( 'NONE', #133, 2.225000000000032507 ) ;
#1588 = ORIENTED_EDGE ( 'NONE', *, *, #421, .F. ) ;
#1589 = CARTESIAN_POINT ( 'NONE',  ( 760.4599504323223300, 768.9400529352717513, 1395.944561134075684 ) ) ;
#1590 = VECTOR ( 'NONE', #882, 1000.000000000000000 ) ;
#1591 = CARTESIAN_POINT ( 'NONE',  ( 735.7599504323222845, 783.9400529352717513, 1409.994561134075639 ) ) ;
#1592 = DIRECTION ( 'NONE',  ( -0.000000000000000000, -0.000000000000000000, 1.000000000000000000 ) ) ;
#1593 = DIRECTION ( 'NONE',  ( -0.000000000000000000, -0.000000000000000000, 1.000000000000000000 ) ) ;
#1594 = PLANE ( 'NONE',  #792 ) ;
#1595 = FACE_OUTER_BOUND ( 'NONE', #1612, .T. ) ;
#1596 = ORIENTED_EDGE ( 'NONE', *, *, #627, .T. ) ;
#1597 = ADVANCED_FACE ( 'NONE', ( #1595 ), #944, .F. ) ;
#1598 = ORIENTED_EDGE ( 'NONE', *, *, #601, .T. ) ;
#1599 = DIRECTION ( 'NONE',  ( 1.000000000000000000, 0.000000000000000000, 0.000000000000000000 ) ) ;
#1600 = LINE ( 'NONE', #1591, #686 ) ;
#1601 = CARTESIAN_POINT ( 'NONE',  ( 736.9599504323223300, 783.9400529352717513, 1407.994561134075639 ) ) ;
#1602 = VERTEX_POINT ( 'NONE', #817 ) ;
#1603 = ORIENTED_EDGE ( 'NONE', *, *, #1266, .T. ) ;
#1604 = DIRECTION ( 'NONE',  ( -0.8660254037844401509, 0.4999999999999973355, 0.000000000000000000 ) ) ;
#1605 = EDGE_LOOP ( 'NONE', ( #331, #600, #266, #1640, #1634, #1545 ) ) ;
#1606 = ORIENTED_EDGE ( 'NONE', *, *, #675, .F. ) ;
#1607 = EDGE_CURVE ( 'NONE', #1616, #1274, #1200, .T. ) ;
#1608 = CARTESIAN_POINT ( 'NONE',  ( 765.4599504323223300, 783.9400529352717513, 1399.944561134075684 ) ) ;
#1609 = DIRECTION ( 'NONE',  ( -0.000000000000000000, -0.000000000000000000, 1.000000000000000000 ) ) ;
#1610 = EDGE_CURVE ( 'NONE', #1632, #83, #691, .T. ) ;
#1611 = LINE ( 'NONE', #1246, #662 ) ;
#1612 = EDGE_LOOP ( 'NONE', ( #104, #1312, #175, #1070 ) ) ;
#1613 = ORIENTED_EDGE ( 'NONE', *, *, #298, .F. ) ;
#1614 = AXIS2_PLACEMENT_3D ( 'NONE', #1258, #1402, #1503 ) ;
#1615 = CARTESIAN_POINT ( 'NONE',  ( 765.4599504323222163, 786.3649240658680810, 1398.944561134075684 ) ) ;
#1616 = VERTEX_POINT ( 'NONE', #1461 ) ;
#1617 = VECTOR ( 'NONE', #1211, 1000.000000000000000 ) ;
#1618 = ORIENTED_EDGE ( 'NONE', *, *, #1610, .F. ) ;
#1619 = VECTOR ( 'NONE', #1061, 1000.000000000000000 ) ;
#1620 = CYLINDRICAL_SURFACE ( 'NONE', #1298, 1.199999999999978861 ) ;
#1621 = CARTESIAN_POINT ( 'NONE',  ( 739.0599504323223528, 785.1524885005701435, 1398.944561134075684 ) ) ;
#1622 = VECTOR ( 'NONE', #820, 1000.000000000000000 ) ;
#1623 = ORIENTED_EDGE ( 'NONE', *, *, #906, .T. ) ;
#1624 = CARTESIAN_POINT ( 'NONE',  ( 736.9599504323223300, 783.9400529352717513, 1409.994561134075639 ) ) ;
#1625 = DIRECTION ( 'NONE',  ( 0.8553141054729498372, 0.5181098155594116017, 0.000000000000000000 ) ) ;
#1626 = EDGE_CURVE ( 'NONE', #1, #1632, #456, .T. ) ;
#1627 = ORIENTED_EDGE ( 'NONE', *, *, #145, .T. ) ;
#1628 = CARTESIAN_POINT ( 'NONE',  ( 739.0599504323223528, 785.1524885005701435, 1397.944561134075684 ) ) ;
#1629 = ORIENTED_EDGE ( 'NONE', *, *, #1530, .F. ) ;
#1630 = DIRECTION ( 'NONE',  ( 1.000000000000000000, 0.000000000000000000, 0.000000000000000000 ) ) ;
#1631 = DIRECTION ( 'NONE',  ( -0.000000000000000000, -0.000000000000000000, 1.000000000000000000 ) ) ;
#1632 = VERTEX_POINT ( 'NONE', #724 ) ;
#1633 = DIRECTION ( 'NONE',  ( -0.000000000000000000, -0.000000000000000000, 1.000000000000000000 ) ) ;
#1634 = ORIENTED_EDGE ( 'NONE', *, *, #557, .T. ) ;
#1635 = ADVANCED_FACE ( 'NONE', ( #715, #582 ), #569, .T. ) ;
#1636 = FACE_OUTER_BOUND ( 'NONE', #1398, .T. ) ;
#1637 = VERTEX_POINT ( 'NONE', #810 ) ;
#1638 = CARTESIAN_POINT ( 'NONE',  ( 762.9599504323223300, 798.9400529352718650, 1406.994561134075639 ) ) ;
#1639 = LINE ( 'NONE', #1045, #506 ) ;
#1640 = ORIENTED_EDGE ( 'NONE', *, *, #1307, .T. ) ;
#1641 = DIRECTION ( 'NONE',  ( 0.000000000000000000, 0.000000000000000000, -1.000000000000000000 ) ) ;
#1642 = LINE ( 'NONE', #103, #1432 ) ;
#1643 = ORIENTED_EDGE ( 'NONE', *, *, #846, .F. ) ;
#1644 = FACE_OUTER_BOUND ( 'NONE', #1570, .T. ) ;
#1645 = ADVANCED_FACE ( 'NONE', ( #1333 ), #1476, .F. ) ;
#1646 = ORIENTED_EDGE ( 'NONE', *, *, #1223, .F. ) ;
#1647 = AXIS2_PLACEMENT_3D ( 'NONE', #64, #690, #1324 ) ;
#1648 = DIRECTION ( 'NONE',  ( 0.000000000000000000, 0.000000000000000000, 1.000000000000000000 ) ) ;
#1649 = DIRECTION ( 'NONE',  ( -0.7808688094430371596, 0.000000000000000000, -0.6246950475544157388 ) ) ;
#1650 = CARTESIAN_POINT ( 'NONE',  ( 732.9599504323223300, 768.9400529352717513, 1400.144561134075730 ) ) ;
#1651 = AXIS2_PLACEMENT_3D ( 'NONE', #517, #284, #802 ) ;
#1652 = CARTESIAN_POINT ( 'NONE',  ( 767.9599504323223300, 798.9400529352718650, 1409.994561134075639 ) ) ;
#1653 = CIRCLE ( 'NONE', #848, 2.799999999999913669 ) ;
#1654 = ORIENTED_EDGE ( 'NONE', *, *, #1451, .F. ) ;
#1655 = DIRECTION ( 'NONE',  ( -1.000000000000000000, 0.000000000000000000, -0.000000000000000000 ) ) ;
#1656 = AXIS2_PLACEMENT_3D ( 'NONE', #1544, #25, #43 ) ;
ENDSEC;
END-ISO-10303-21;
