ISO-10303-21;
HEADER;
FILE_DESCRIPTION (( 'STEP AP214' ),
    '1' );
FILE_NAME ('external_A4_housing.STEP',
    '2026-07-25T23:23:22',
    ( '' ),
    ( '' ),
    'SwSTEP 2.0',
    'SolidWorks 2025',
    '' );
FILE_SCHEMA (( 'AUTOMOTIVE_DESIGN' ));
ENDSEC;

DATA;
#1 = CARTESIAN_POINT ( 'NONE',  ( 18.26740728857967255, 33.77722654401842561, 22.91274948911072684 ) ) ;
#2 = CARTESIAN_POINT ( 'NONE',  ( -19.30044725617427304, 33.19717963872744804, 11.87609163304683157 ) ) ;
#3 = DIRECTION ( 'NONE',  ( 0.000000000000000000, 0.000000000000000000, -1.000000000000000000 ) ) ;
#4 = VECTOR ( 'NONE', #803, 1000.000000000000000 ) ;
#5 = ORIENTED_EDGE ( 'NONE', *, *, #652, .T. ) ;
#6 = CARTESIAN_POINT ( 'NONE',  ( -15.25285855266867152, 29.86147793530688332, 5.022239748923482239 ) ) ;
#7 = ORIENTED_EDGE ( 'NONE', *, *, #489, .F. ) ;
#8 = DIRECTION ( 'NONE',  ( 1.000000000000000000, 0.000000000000000000, 0.000000000000000000 ) ) ;
#9 = CARTESIAN_POINT ( 'NONE',  ( -21.22639865827423833, 32.00000000000020606, 22.05000000000010374 ) ) ;
#10 = ADVANCED_FACE ( 'NONE', ( #253 ), #43, .F. ) ;
#11 = PRODUCT_DEFINITION_CONTEXT ( 'detailed design', #2933, 'design' ) ;
#12 = CARTESIAN_POINT ( 'NONE',  ( -22.14256347910453826, 31.37317613754126455, 10.85469116024964542 ) ) ;
#13 = VECTOR ( 'NONE', #2628, 1000.000000000000000 ) ;
#14 = EDGE_LOOP ( 'NONE', ( #378, #5, #1799, #983, #2349, #2999, #174, #574, #2938, #665 ) ) ;
#15 = CARTESIAN_POINT ( 'NONE',  ( -19.35433474307124513, 33.16649460481770006, 6.228025734276041447 ) ) ;
#16 = CARTESIAN_POINT ( 'NONE',  ( 8.768776123710988912, 34.20500961217133096, 3.839197891244884975 ) ) ;
#17 = ADVANCED_FACE ( 'NONE', ( #2186 ), #1728, .F. ) ;
#18 = ORIENTED_EDGE ( 'NONE', *, *, #1654, .T. ) ;
#19 = EDGE_CURVE ( 'NONE', #1049, #2671, #318, .T. ) ;
#20 = CARTESIAN_POINT ( 'NONE',  ( -29.85000000000000853, 2.449293598294712331E-16, 19.99999999999998934 ) ) ;
#21 = CARTESIAN_POINT ( 'NONE',  ( -12.94999999999971507, 32.00000000000021316, 2.050000000000085976 ) ) ;
#22 = ORIENTED_EDGE ( 'NONE', *, *, #1429, .F. ) ;
#23 = CARTESIAN_POINT ( 'NONE',  ( -20.47557241276982509, 32.48851774859615915, 22.09031780081583562 ) ) ;
#24 = CARTESIAN_POINT ( 'NONE',  ( -20.94999999999999574, 49.56639969244290711, 32.00000000000000000 ) ) ;
#25 = VERTEX_POINT ( 'NONE', #1741 ) ;
#26 = CARTESIAN_POINT ( 'NONE',  ( 8.666633239319461168, 34.23925111436950175, 24.05472378836101655 ) ) ;
#27 = ORIENTED_EDGE ( 'NONE', *, *, #1878, .F. ) ;
#28 = AXIS2_PLACEMENT_3D ( 'NONE', #1906, #1433, #290 ) ;
#29 = CARTESIAN_POINT ( 'NONE',  ( 18.94999999999999929, 20.00000000000000355, 26.85000000000000142 ) ) ;
#30 = DIRECTION ( 'NONE',  ( -1.000000000000000000, 0.000000000000000000, -3.854941057726237604E-16 ) ) ;
#31 = EDGE_LOOP ( 'NONE', ( #916, #2125, #2985, #2541 ) ) ;
#32 = CARTESIAN_POINT ( 'NONE',  ( 8.760809514780444118, 34.20770320932717112, 4.747867194354592257 ) ) ;
#33 = ORIENTED_EDGE ( 'NONE', *, *, #1275, .F. ) ;
#34 = AXIS2_PLACEMENT_3D ( 'NONE', #587, #1253, #157 ) ;
#35 = CARTESIAN_POINT ( 'NONE',  ( 21.34930237834784705, 31.92169012792706084, 33.65000000000000568 ) ) ;
#36 = CARTESIAN_POINT ( 'NONE',  ( -18.95000000000000284, -13.00000000000000178, 37.14999999999999858 ) ) ;
#37 = CARTESIAN_POINT ( 'NONE',  ( 12.94999999999972573, 32.00000000000020606, 22.05000000000010374 ) ) ;
#38 = CARTESIAN_POINT ( 'NONE',  ( 18.29387722778531611, 33.76289857065361133, 5.705289558269018180 ) ) ;
#39 = ORIENTED_EDGE ( 'NONE', *, *, #263, .F. ) ;
#40 = CARTESIAN_POINT ( 'NONE',  ( -17.36345921940646164, 34.25011363485445770, 24.41149678239848342 ) ) ;
#41 = VERTEX_POINT ( 'NONE', #2218 ) ;
#42 = FACE_OUTER_BOUND ( 'NONE', #1635, .T. ) ;
#43 = CYLINDRICAL_SURFACE ( 'NONE', #431, 5.150000000000002132 ) ;
#44 =( NAMED_UNIT ( * ) SI_UNIT ( $, .STERADIAN. ) SOLID_ANGLE_UNIT ( ) );
#45 = CARTESIAN_POINT ( 'NONE',  ( -21.34804032549961406, 31.91980022331065925, 10.38591991620590349 ) ) ;
#46 = AXIS2_PLACEMENT_3D ( 'NONE', #1257, #120, #1523 ) ;
#47 = ORIENTED_EDGE ( 'NONE', *, *, #806, .T. ) ;
#48 = CARTESIAN_POINT ( 'NONE',  ( -20.85107678652148167, 32.24896036484376793, 6.550000000000091305 ) ) ;
#49 = DIRECTION ( 'NONE',  ( 1.000000000000000000, 0.000000000000000000, 0.000000000000000000 ) ) ;
#50 = EDGE_CURVE ( 'NONE', #41, #2321, #1015, .T. ) ;
#51 = DIRECTION ( 'NONE',  ( 0.000000000000000000, 0.000000000000000000, 1.000000000000000000 ) ) ;
#52 = EDGE_CURVE ( 'NONE', #710, #1297, #752, .T. ) ;
#53 = DIRECTION ( 'NONE',  ( 1.452867232811396221E-16, -1.000000000000000000, 0.000000000000000000 ) ) ;
#54 = FACE_BOUND ( 'NONE', #1678, .T. ) ;
#55 = CARTESIAN_POINT ( 'NONE',  ( -18.94999999999999929, -13.00000000000000355, 0.000000000000000000 ) ) ;
#56 = CYLINDRICAL_SURFACE ( 'NONE', #2131, 1.649999999999998579 ) ;
#57 = CARTESIAN_POINT ( 'NONE',  ( -18.27683827630590940, 33.77212137560611183, 25.69368160146980884 ) ) ;
#58 = CARTESIAN_POINT ( 'NONE',  ( 18.94999999999999929, -1.968534143383047056E-15, 0.000000000000000000 ) ) ;
#59 = EDGE_CURVE ( 'NONE', #733, #2022, #1682, .T. ) ;
#60 = DIRECTION ( 'NONE',  ( 0.000000000000000000, 1.000000000000000000, 1.734723475976807094E-16 ) ) ;
#61 = FACE_OUTER_BOUND ( 'NONE', #964, .T. ) ;
#62 = CARTESIAN_POINT ( 'NONE',  ( 10.18819634472987801, 33.64297938790264908, 25.84316139436295856 ) ) ;
#63 = DIRECTION ( 'NONE',  ( 1.000000000000000000, 0.000000000000000000, -0.000000000000000000 ) ) ;
#64 = CARTESIAN_POINT ( 'NONE',  ( 20.94999999999998508, 32.18163296043257304, 13.65000000000000213 ) ) ;
#65 = VECTOR ( 'NONE', #158, 1000.000000000000000 ) ;
#66 = EDGE_CURVE ( 'NONE', #1221, #2719, #2388, .T. ) ;
#67 = DIRECTION ( 'NONE',  ( 1.314345621908742439E-16, -1.000000000000000000, -0.000000000000000000 ) ) ;
#68 = AXIS2_PLACEMENT_3D ( 'NONE', #2753, #668, #1122 ) ;
#69 = LINE ( 'NONE', #753, #1230 ) ;
#70 = AXIS2_PLACEMENT_3D ( 'NONE', #2682, #2004, #2466 ) ;
#71 = VERTEX_POINT ( 'NONE', #2617 ) ;
#72 = CARTESIAN_POINT ( 'NONE',  ( 17.58978924788621967, 34.13448352709742295, 3.581377757629126801 ) ) ;
#73 = CARTESIAN_POINT ( 'NONE',  ( -29.85000000000000853, 20.00000000000000000, 19.99999999999999289 ) ) ;
#74 = ADVANCED_FACE ( 'NONE', ( #1197 ), #56, .F. ) ;
#75 = CARTESIAN_POINT ( 'NONE',  ( 25.94999999999999218, 27.50000000000000355, 0.000000000000000000 ) ) ;
#76 = EDGE_LOOP ( 'NONE', ( #2784, #2685, #1185, #2943 ) ) ;
#77 = FACE_OUTER_BOUND ( 'NONE', #433, .T. ) ;
#78 = CARTESIAN_POINT ( 'NONE',  ( 23.82100798534786179, 30.11873097023164547, 25.54638179036606616 ) ) ;
#79 = CARTESIAN_POINT ( 'NONE',  ( 11.38484843194537532, 33.03600318313891648, 6.313930540898219590 ) ) ;
#80 = ORIENTED_EDGE ( 'NONE', *, *, #1281, .T. ) ;
#81 = AXIS2_PLACEMENT_3D ( 'NONE', #517, #1220, #1413 ) ;
#82 = LINE ( 'NONE', #1179, #222 ) ;
#83 = ORIENTED_EDGE ( 'NONE', *, *, #638, .T. ) ;
#84 = CARTESIAN_POINT ( 'NONE',  ( 17.81699705886867946, 34.01647735191556166, 5.302051127651758122 ) ) ;
#85 = EDGE_CURVE ( 'NONE', #2656, #206, #1018, .T. ) ;
#86 = CARTESIAN_POINT ( 'NONE',  ( -20.85107678652148877, 32.24896036484376793, 26.55000000000010374 ) ) ;
#87 = CARTESIAN_POINT ( 'NONE',  ( -3.949999999999997069, 35.00000000000000000, 44.00000000000000000 ) ) ;
#88 = ORIENTED_EDGE ( 'NONE', *, *, #814, .F. ) ;
#89 = ADVANCED_FACE ( 'NONE', ( #929 ), #1842, .T. ) ;
#90 = VECTOR ( 'NONE', #243, 1000.000000000000000 ) ;
#91 = CARTESIAN_POINT ( 'NONE',  ( 16.94999999999998863, 49.56639969244290711, 0.000000000000000000 ) ) ;
#92 = AXIS2_PLACEMENT_3D ( 'NONE', #1671, #797, #1239 ) ;
#93 = ORIENTED_EDGE ( 'NONE', *, *, #2137, .T. ) ;
#94 = CARTESIAN_POINT ( 'NONE',  ( -23.29245738565293777, 30.52957611173295760, 26.00867840288604782 ) ) ;
#95 = CARTESIAN_POINT ( 'NONE',  ( 23.69848208717955984, 30.21538496611163893, 25.67883718324374343 ) ) ;
#96 = CARTESIAN_POINT ( 'NONE',  ( -22.53623614042255952, 31.09395162343875541, 6.373380523296938271 ) ) ;
#97 = DIRECTION ( 'NONE',  ( 1.314345621908742439E-16, -1.000000000000000000, -0.000000000000000000 ) ) ;
#98 = PLANE ( 'NONE',  #1068 ) ;
#99 = CARTESIAN_POINT ( 'NONE',  ( 18.94999999999999929, -1.968534143383045478E-15, 6.850000000000005862 ) ) ;
#100 = ORIENTED_EDGE ( 'NONE', *, *, #1047, .F. ) ;
#101 = CARTESIAN_POINT ( 'NONE',  ( 20.47249903316749098, 32.48825475196819212, 2.100237744232595460 ) ) ;
#102 = CARTESIAN_POINT ( 'NONE',  ( 22.49631289925108035, 31.12040275187835547, 11.41284877310619805 ) ) ;
#103 = VERTEX_POINT ( 'NONE', #804 ) ;
#104 = DIRECTION ( 'NONE',  ( 1.000000000000000000, 0.000000000000000000, 0.000000000000000000 ) ) ;
#105 = FACE_OUTER_BOUND ( 'NONE', #1340, .T. ) ;
#106 = CARTESIAN_POINT ( 'NONE',  ( 22.13686535809302924, 31.37719408196611326, 10.84891929340660255 ) ) ;
#107 = FACE_OUTER_BOUND ( 'NONE', #1692, .T. ) ;
#108 = CIRCLE ( 'NONE', #1444, 5.150000000000002132 ) ;
#109 = ORIENTED_EDGE ( 'NONE', *, *, #1354, .F. ) ;
#110 = ORIENTED_EDGE ( 'NONE', *, *, #2630, .T. ) ;
#111 = VERTEX_POINT ( 'NONE', #2154 ) ;
#112 = CARTESIAN_POINT ( 'NONE',  ( 23.28628471791437349, 30.53429275150169175, 22.58722011561266640 ) ) ;
#113 = CARTESIAN_POINT ( 'NONE',  ( 19.30047814488584024, 33.19716168090935327, 12.12429758434072546 ) ) ;
#114 = CIRCLE ( 'NONE', #2241, 1.649999999999998579 ) ;
#115 = CARTESIAN_POINT ( 'NONE',  ( 15.05594719204326282, 30.08311261570899475, 5.490492272001543661 ) ) ;
#116 = VERTEX_POINT ( 'NONE', #860 ) ;
#117 = CARTESIAN_POINT ( 'NONE',  ( -22.34302587966197606, 31.23068483276151142, 32.89116063219103125 ) ) ;
#118 = EDGE_CURVE ( 'NONE', #2122, #722, #2961, .T. ) ;
#119 = CARTESIAN_POINT ( 'NONE',  ( 29.84999999999999787, -12.99999999999999467, 44.00000000000000000 ) ) ;
#120 = DIRECTION ( 'NONE',  ( 0.000000000000000000, -1.000000000000000000, 0.000000000000000000 ) ) ;
#121 = CARTESIAN_POINT ( 'NONE',  ( -21.22639865827422767, 32.00000000000021316, 2.050000000000085976 ) ) ;
#122 = LINE ( 'NONE', #568, #371 ) ;
#123 = VERTEX_POINT ( 'NONE', #1661 ) ;
#124 = CARTESIAN_POINT ( 'NONE',  ( 21.56332924825186481, 31.77650553053043581, 22.05000000000010374 ) ) ;
#125 = CARTESIAN_POINT ( 'NONE',  ( -23.81801339923801919, 30.12110069003750468, 5.549923608455328505 ) ) ;
#126 = EDGE_CURVE ( 'NONE', #167, #25, #512, .T. ) ;
#127 = AXIS2_PLACEMENT_3D ( 'NONE', #432, #1326, #2053 ) ;
#128 = CARTESIAN_POINT ( 'NONE',  ( 12.94999999999971507, 32.00000000000021316, 6.550000000000091305 ) ) ;
#129 = VERTEX_POINT ( 'NONE', #2307 ) ;
#130 = CARTESIAN_POINT ( 'NONE',  ( -22.59968395779275596, 31.04535851227104715, 32.12468061936375818 ) ) ;
#131 = VECTOR ( 'NONE', #1739, 1000.000000000000000 ) ;
#132 = CARTESIAN_POINT ( 'NONE',  ( 18.94999999999999929, -12.99999999999999467, 44.00000000000000000 ) ) ;
#133 = ORIENTED_EDGE ( 'NONE', *, *, #1456, .T. ) ;
#134 = LINE ( 'NONE', #2892, #192 ) ;
#135 = DIRECTION ( 'NONE',  ( 1.314345621908742439E-16, -1.000000000000000000, -0.000000000000000000 ) ) ;
#136 = CARTESIAN_POINT ( 'NONE',  ( -29.85000000000000853, -13.00000000000000355, 44.00000000000000000 ) ) ;
#137 = ORIENTED_EDGE ( 'NONE', *, *, #1553, .T. ) ;
#138 = CARTESIAN_POINT ( 'NONE',  ( -21.56290264557217640, 31.77678850673506261, 26.55000000000010374 ) ) ;
#139 = ORIENTED_EDGE ( 'NONE', *, *, #694, .F. ) ;
#140 = CARTESIAN_POINT ( 'NONE',  ( 23.81382226277278136, 30.12440968014005094, 3.045453222469378662 ) ) ;
#141 = CARTESIAN_POINT ( 'NONE',  ( -10.19373480951473709, 33.64040427925887400, 22.75426447651151918 ) ) ;
#142 = AXIS2_PLACEMENT_3D ( 'NONE', #169, #1338, #197 ) ;
#143 = FACE_OUTER_BOUND ( 'NONE', #1665, .T. ) ;
#144 = VERTEX_POINT ( 'NONE', #1189 ) ;
#145 = CARTESIAN_POINT ( 'NONE',  ( 15.25211351773657142, 29.86233575106449223, 3.574825168866419656 ) ) ;
#146 = FACE_OUTER_BOUND ( 'NONE', #1663, .T. ) ;
#147 = VECTOR ( 'NONE', #666, 1000.000000000000000 ) ;
#148 = SURFACE_STYLE_USAGE ( .BOTH. , #1021 ) ;
#149 = DIRECTION ( 'NONE',  ( 0.000000000000000000, 0.000000000000000000, -1.000000000000000000 ) ) ;
#150 = CARTESIAN_POINT ( 'NONE',  ( 20.94999999999998863, 27.50000000000000355, 12.00000000000000355 ) ) ;
#151 = DIRECTION ( 'NONE',  ( 0.000000000000000000, -0.000000000000000000, -1.000000000000000000 ) ) ;
#152 = EDGE_CURVE ( 'NONE', #1414, #662, #2337, .T. ) ;
#153 = DIRECTION ( 'NONE',  ( 0.000000000000000000, 0.000000000000000000, -1.000000000000000000 ) ) ;
#154 = ORIENTED_EDGE ( 'NONE', *, *, #50, .T. ) ;
#155 = CARTESIAN_POINT ( 'NONE',  ( -20.27280100765579718, 32.61266680788958894, 30.49196780411899965 ) ) ;
#156 = CARTESIAN_POINT ( 'NONE',  ( 19.91108815770497387, 32.83469357194322669, 10.71363643885625372 ) ) ;
#157 = DIRECTION ( 'NONE',  ( -1.000000000000000000, 0.000000000000000000, 1.734723475976808475E-15 ) ) ;
#158 = DIRECTION ( 'NONE',  ( 0.000000000000000000, 0.000000000000000000, -1.000000000000000000 ) ) ;
#159 = ADVANCED_FACE ( 'NONE', ( #1096 ), #1991, .F. ) ;
#160 = VECTOR ( 'NONE', #1496, 1000.000000000000000 ) ;
#161 = FILL_AREA_STYLE_COLOUR ( '', #2305 ) ;
#162 = DIRECTION ( 'NONE',  ( -0.000000000000000000, -0.000000000000000000, 1.000000000000000000 ) ) ;
#163 = CARTESIAN_POINT ( 'NONE',  ( -13.52904493197431535, 31.54871470569733205, 6.518367982385333548 ) ) ;
#164 = FACE_BOUND ( 'NONE', #674, .T. ) ;
#165 = DIRECTION ( 'NONE',  ( 1.314345621908742439E-16, -1.000000000000000000, -0.000000000000000000 ) ) ;
#166 = AXIS2_PLACEMENT_3D ( 'NONE', #261, #1181, #1920 ) ;
#167 = VERTEX_POINT ( 'NONE', #37 ) ;
#168 = EDGE_LOOP ( 'NONE', ( #2153, #865 ) ) ;
#169 = CARTESIAN_POINT ( 'NONE',  ( -29.85000000000000853, 20.00000000000000000, 24.00000000000000355 ) ) ;
#170 = DIRECTION ( 'NONE',  ( 1.314345621908742439E-16, -1.000000000000000000, -0.000000000000000000 ) ) ;
#171 = CARTESIAN_POINT ( 'NONE',  ( 18.94999999999999929, -1.968534143383049423E-15, 25.69999999999999574 ) ) ;
#172 = CARTESIAN_POINT ( 'NONE',  ( -16.94038105676657580, 27.50000000000000355, 17.15000000000000213 ) ) ;
#173 = CARTESIAN_POINT ( 'NONE',  ( -29.85000000000000853, 32.00000000000020606, 26.55000000000010729 ) ) ;
#174 = ORIENTED_EDGE ( 'NONE', *, *, #1368, .F. ) ;
#175 = CARTESIAN_POINT ( 'NONE',  ( 17.61295989711634391, 34.12253883726847903, 25.05307665585430499 ) ) ;
#176 = AXIS2_PLACEMENT_3D ( 'NONE', #73, #487, #503 ) ;
#177 = PLANE ( 'NONE',  #46 ) ;
#178 = ORIENTED_EDGE ( 'NONE', *, *, #1624, .F. ) ;
#179 = DIRECTION ( 'NONE',  ( 1.314345621908742439E-16, -1.000000000000000000, -0.000000000000000000 ) ) ;
#180 = EDGE_CURVE ( 'NONE', #2831, #2511, #470, .T. ) ;
#181 = CARTESIAN_POINT ( 'NONE',  ( -10.39179819279223516, 33.54815908689006676, 5.937758778207490984 ) ) ;
#182 = VERTEX_POINT ( 'NONE', #2807 ) ;
#183 = CARTESIAN_POINT ( 'NONE',  ( -20.17891116144449626, 32.67081729462034190, 30.53758930784677972 ) ) ;
#184 = LINE ( 'NONE', #664, #1168 ) ;
#185 = CARTESIAN_POINT ( 'NONE',  ( 1.829807616259950181E-15, -12.99999999999999822, 18.29999999999999716 ) ) ;
#186 = LINE ( 'NONE', #1102, #506 ) ;
#187 = DIRECTION ( 'NONE',  ( -1.000000000000000000, 0.000000000000000000, -1.734723475976811828E-15 ) ) ;
#188 = CIRCLE ( 'NONE', #2272, 5.150000000000002132 ) ;
#189 = CARTESIAN_POINT ( 'NONE',  ( 9.804954753183686478, 33.81177876445170938, 22.95909625897355255 ) ) ;
#190 = CARTESIAN_POINT ( 'NONE',  ( 21.22639865827423833, 32.00000000000020606, 26.55000000000010729 ) ) ;
#191 = CARTESIAN_POINT ( 'NONE',  ( 20.75188857948627685, 32.31060199891688711, 30.35000000000000853 ) ) ;
#192 = VECTOR ( 'NONE', #1727, 1000.000000000000000 ) ;
#193 = ORIENTED_EDGE ( 'NONE', *, *, #1850, .F. ) ;
#194 = AXIS2_PLACEMENT_3D ( 'NONE', #1498, #582, #2404 ) ;
#195 = CARTESIAN_POINT ( 'NONE',  ( -14.32492490878523661, 30.83472890916140585, 2.370555774047536701 ) ) ;
#196 = FACE_OUTER_BOUND ( 'NONE', #1573, .T. ) ;
#197 = DIRECTION ( 'NONE',  ( 0.000000000000000000, -1.000000000000000000, -1.734723475976807094E-16 ) ) ;
#198 = CARTESIAN_POINT ( 'NONE',  ( -8.832717922929868237, 34.18327975892505322, 24.85169179106418014 ) ) ;
#199 = ORIENTED_EDGE ( 'NONE', *, *, #1244, .T. ) ;
#200 = DIRECTION ( 'NONE',  ( 1.314345621908742439E-16, -1.000000000000000000, -0.000000000000000000 ) ) ;
#201 = CARTESIAN_POINT ( 'NONE',  ( -25.94999999999999929, 2.449293598294709373E-16, 24.00000000000000355 ) ) ;
#202 = LINE ( 'NONE', #2253, #850 ) ;
#203 = DIRECTION ( 'NONE',  ( 1.000000000000000000, 0.000000000000000000, 0.000000000000000000 ) ) ;
#204 = EDGE_CURVE ( 'NONE', #2885, #1227, #2354, .T. ) ;
#205 = FACE_OUTER_BOUND ( 'NONE', #1490, .T. ) ;
#206 = VERTEX_POINT ( 'NONE', #2839 ) ;
#207 = CARTESIAN_POINT ( 'NONE',  ( -12.56769804200811613, 32.28672646849389594, 2.050000000000085976 ) ) ;
#208 = ADVANCED_FACE ( 'NONE', ( #297 ), #98, .T. ) ;
#209 = CARTESIAN_POINT ( 'NONE',  ( 1.829807616259950181E-15, -12.99999999999999822, 37.14999999999999858 ) ) ;
#210 = CARTESIAN_POINT ( 'NONE',  ( -9.800867940959033575, 33.81350588282364811, 25.63855985789107095 ) ) ;
#211 = VERTEX_POINT ( 'NONE', #246 ) ;
#212 = VECTOR ( 'NONE', #2276, 1000.000000000000000 ) ;
#213 = DIRECTION ( 'NONE',  ( -1.734723475976808475E-15, -2.280026205872433788E-31, -1.000000000000000000 ) ) ;
#214 = ORIENTED_EDGE ( 'NONE', *, *, #2802, .T. ) ;
#215 = LINE ( 'NONE', #468, #2877 ) ;
#216 = EDGE_CURVE ( 'NONE', #1512, #2742, #108, .T. ) ;
#217 = CARTESIAN_POINT ( 'NONE',  ( 18.09720998662513125, 33.86859520219898911, 23.03593140884879631 ) ) ;
#218 = CARTESIAN_POINT ( 'NONE',  ( 19.29908233284337626, 33.19797316507015239, 31.77095892036894398 ) ) ;
#219 = CIRCLE ( 'NONE', #127, 5.150000000000003020 ) ;
#220 = CARTESIAN_POINT ( 'NONE',  ( -15.19858360737991099, 29.92374667722496184, 3.416020054778364567 ) ) ;
#221 = ORIENTED_EDGE ( 'NONE', *, *, #2678, .T. ) ;
#222 = VECTOR ( 'NONE', #2601, 1000.000000000000000 ) ;
#223 = DIRECTION ( 'NONE',  ( -0.000000000000000000, 0.000000000000000000, 1.000000000000000000 ) ) ;
#224 = CARTESIAN_POINT ( 'NONE',  ( -9.608985894042612941, 33.89299133437746292, 25.52522921631864961 ) ) ;
#225 = VERTEX_POINT ( 'NONE', #977 ) ;
#226 = DIRECTION ( 'NONE',  ( -1.000000000000000000, 0.000000000000000000, -1.734723475976808475E-15 ) ) ;
#227 = DIRECTION ( 'NONE',  ( -1.000000000000000000, 0.000000000000000000, 1.850371707708593971E-15 ) ) ;
#228 = VERTEX_POINT ( 'NONE', #1894 ) ;
#229 = CARTESIAN_POINT ( 'NONE',  ( -22.40396140463980146, 31.18695152994404296, 31.21156044309408273 ) ) ;
#230 = ORIENTED_EDGE ( 'NONE', *, *, #1463, .F. ) ;
#231 = DIRECTION ( 'NONE',  ( 3.854941057726237604E-16, 5.066724901938737373E-32, -1.000000000000000000 ) ) ;
#232 = CARTESIAN_POINT ( 'NONE',  ( 21.03770752613463912, 32.12456239776282985, 22.05260770014313465 ) ) ;
#233 = CARTESIAN_POINT ( 'NONE',  ( -19.29913938395817041, 33.19793999717078492, 12.22949810164310946 ) ) ;
#234 = VECTOR ( 'NONE', #316, 1000.000000000000000 ) ;
#235 = CARTESIAN_POINT ( 'NONE',  ( -13.53343262738806807, 31.54496906724033778, 2.082645545079536475 ) ) ;
#236 = AXIS2_PLACEMENT_3D ( 'NONE', #1067, #1495, #149 ) ;
#237 = DIRECTION ( 'NONE',  ( 1.038804297299761123E-16, -1.000000000000000000, 0.000000000000000000 ) ) ;
#238 = VERTEX_POINT ( 'NONE', #1216 ) ;
#239 = EDGE_CURVE ( 'NONE', #41, #1360, #992, .T. ) ;
#240 = CARTESIAN_POINT ( 'NONE',  ( -22.40396140463978014, 31.18695152994402520, 11.21156044309405608 ) ) ;
#241 = ORIENTED_EDGE ( 'NONE', *, *, #204, .T. ) ;
#242 = CARTESIAN_POINT ( 'NONE',  ( 21.34707586438722871, 31.92043685864177860, 10.38582338099719315 ) ) ;
#243 = DIRECTION ( 'NONE',  ( -0.000000000000000000, -0.000000000000000000, 1.000000000000000000 ) ) ;
#244 = CARTESIAN_POINT ( 'NONE',  ( 20.55400522724360712, 32.43674260476009152, 13.61440015076015442 ) ) ;
#245 = B_SPLINE_CURVE_WITH_KNOTS ( 'NONE', 3,
 ( #2883, #1720, #349, #96, #1516, #1074, #2698, #819, #125, #1996, #834, #1735, #847, #324, #2687, #1458, #362, #585, #2457, #1764, #2673, #1946, #2393, #1293, #310, #2659 ),
 .UNSPECIFIED., .F., .F.,
 ( 4, 2, 2, 2, 2, 2, 2, 2, 2, 2, 2, 2, 4 ),
 ( 0.01069877985351208073, 0.01189781138847062665, 0.01309684292342916737, 0.01369635869090843339, 0.01429587445838769941, 0.01489539022586696716, 0.01549490599334623492, 0.01609442176082550441, 0.01669393752830477390, 0.01729345329578404339, 0.01789296906326331288, 0.01909200059822184492, 0.02029103213318038043 ),
 .UNSPECIFIED. ) ;
#246 = CARTESIAN_POINT ( 'NONE',  ( 18.95000000000000284, -12.99999999999999467, 6.850000000000005862 ) ) ;
#247 = CARTESIAN_POINT ( 'NONE',  ( 21.22639865827423833, 32.00000000000020606, 22.05000000000010374 ) ) ;
#248 = CARTESIAN_POINT ( 'NONE',  ( 18.64133959422183651, 33.57230587925742071, 5.915705522378681636 ) ) ;
#249 = EDGE_CURVE ( 'NONE', #103, #1207, #1118, .T. ) ;
#250 = ORIENTED_EDGE ( 'NONE', *, *, #1634, .T. ) ;
#251 = DIRECTION ( 'NONE',  ( 0.000000000000000000, -1.000000000000000000, 0.000000000000000000 ) ) ;
#252 = ORIENTED_EDGE ( 'NONE', *, *, #2394, .T. ) ;
#253 = FACE_OUTER_BOUND ( 'NONE', #603, .T. ) ;
#254 = VECTOR ( 'NONE', #2030, 1000.000000000000000 ) ;
#255 = FACE_OUTER_BOUND ( 'NONE', #469, .T. ) ;
#256 = ORIENTED_EDGE ( 'NONE', *, *, #2837, .F. ) ;
#257 = CARTESIAN_POINT ( 'NONE',  ( -17.48911885693996737, 34.18617414695859935, 4.841298116417110720 ) ) ;
#258 = CARTESIAN_POINT ( 'NONE',  ( 9.335048261783139623, 34.00039437682131194, 3.267329334210379077 ) ) ;
#259 = FACE_OUTER_BOUND ( 'NONE', #427, .T. ) ;
#260 = ORIENTED_EDGE ( 'NONE', *, *, #2904, .T. ) ;
#261 = CARTESIAN_POINT ( 'NONE',  ( 0.000000000000000000, 0.000000000000000000, 44.00000000000000000 ) ) ;
#262 = CARTESIAN_POINT ( 'NONE',  ( -20.94999999999999929, 32.18163296043256594, 30.35000000000000142 ) ) ;
#263 = EDGE_CURVE ( 'NONE', #1195, #870, #661, .T. ) ;
#264 = ORIENTED_EDGE ( 'NONE', *, *, #687, .F. ) ;
#265 = AXIS2_PLACEMENT_3D ( 'NONE', #1155, #2271, #881 ) ;
#266 = CARTESIAN_POINT ( 'NONE',  ( -21.14900197058718945, 32.05142267935331546, 13.64101311722757259 ) ) ;
#267 = ORIENTED_EDGE ( 'NONE', *, *, #657, .F. ) ;
#268 = CARTESIAN_POINT ( 'NONE',  ( -20.47557241276981443, 32.48851774859616626, 2.090317800815817417 ) ) ;
#269 = CARTESIAN_POINT ( 'NONE',  ( 10.98708026251546244, 33.25434654600668694, 6.185625954160581585 ) ) ;
#270 = CARTESIAN_POINT ( 'NONE',  ( -20.94999999999998508, -13.00000000000000178, 26.84999999999999787 ) ) ;
#271 = FACE_BOUND ( 'NONE', #2855, .T. ) ;
#272 = EDGE_CURVE ( 'NONE', #1936, #1866, #2972, .T. ) ;
#273 = FACE_BOUND ( 'NONE', #477, .T. ) ;
#274 = CARTESIAN_POINT ( 'NONE',  ( 21.34930237834785061, 31.92169012792705374, 13.64999999999999858 ) ) ;
#275 = CARTESIAN_POINT ( 'NONE',  ( -18.27501792806006620, 33.77311477700622078, 22.90747454369422442 ) ) ;
#276 = VERTEX_POINT ( 'NONE', #2332 ) ;
#277 = DIRECTION ( 'NONE',  ( 0.000000000000000000, 0.000000000000000000, -1.000000000000000000 ) ) ;
#278 = CARTESIAN_POINT ( 'NONE',  ( -21.34597836556211803, 31.92057624384964143, 13.60490715283385832 ) ) ;
#279 = ORIENTED_EDGE ( 'NONE', *, *, #2562, .T. ) ;
#280 = VECTOR ( 'NONE', #948, 1000.000000000000000 ) ;
#281 = CARTESIAN_POINT ( 'NONE',  ( -19.91431357450855089, 32.83334170685344588, 2.206497467725470063 ) ) ;
#282 = EDGE_CURVE ( 'NONE', #1606, #2847, #1592, .T. ) ;
#283 = DIRECTION ( 'NONE',  ( 0.000000000000000000, -0.000000000000000000, -1.000000000000000000 ) ) ;
#284 = CARTESIAN_POINT ( 'NONE',  ( 25.94999999999999218, 27.50000000000000355, 25.69999999999999929 ) ) ;
#285 = DIRECTION ( 'NONE',  ( 1.000000000000000000, 0.000000000000000000, 0.000000000000000000 ) ) ;
#286 = ORIENTED_EDGE ( 'NONE', *, *, #2663, .T. ) ;
#287 = CARTESIAN_POINT ( 'NONE',  ( 18.12358037860964899, 33.85449151671564749, 5.584268907541581228 ) ) ;
#288 = CARTESIAN_POINT ( 'NONE',  ( 22.53407501830199422, 31.09302937319458948, 11.52356524844123165 ) ) ;
#289 = VECTOR ( 'NONE', #2364, 1000.000000000000000 ) ;
#290 = DIRECTION ( 'NONE',  ( 0.000000000000000000, -0.000000000000000000, -1.000000000000000000 ) ) ;
#291 = PLANE ( 'NONE',  #2319 ) ;
#292 = DIRECTION ( 'NONE',  ( 0.000000000000000000, 0.000000000000000000, -1.000000000000000000 ) ) ;
#293 = EDGE_CURVE ( 'NONE', #2088, #1460, #302, .T. ) ;
#294 = CARTESIAN_POINT ( 'NONE',  ( -18.80216701065981511, 33.48257515540260698, 5.997591093503354287 ) ) ;
#295 = DIRECTION ( 'NONE',  ( 0.000000000000000000, 1.000000000000000000, -0.000000000000000000 ) ) ;
#296 = EDGE_LOOP ( 'NONE', ( #1818, #2009, #2379, #544, #1291 ) ) ;
#297 = FACE_OUTER_BOUND ( 'NONE', #1579, .T. ) ;
#298 = AXIS2_PLACEMENT_3D ( 'NONE', #478, #1170, #2801 ) ;
#299 = FACE_OUTER_BOUND ( 'NONE', #1499, .T. ) ;
#300 = ORIENTED_EDGE ( 'NONE', *, *, #1026, .T. ) ;
#301 = CARTESIAN_POINT ( 'NONE',  ( 19.90856338671405723, 32.83683494289740423, 2.207859628126803475 ) ) ;
#302 = LINE ( 'NONE', #2412, #2235 ) ;
#303 = CARTESIAN_POINT ( 'NONE',  ( -19.91267969922650138, 32.83433173270432093, 26.39310440315611572 ) ) ;
#304 = DIRECTION ( 'NONE',  ( 1.038804297299761123E-16, -1.000000000000000000, 0.000000000000000000 ) ) ;
#305 = CARTESIAN_POINT ( 'NONE',  ( -18.94999999999999929, -1.968534143383047056E-15, 37.14999999999999858 ) ) ;
#306 = LINE ( 'NONE', #2639, #2414 ) ;
#307 = VECTOR ( 'NONE', #836, 1000.000000000000000 ) ;
#308 = AXIS2_PLACEMENT_3D ( 'NONE', #1519, #805, #2445 ) ;
#309 = CARTESIAN_POINT ( 'NONE',  ( 22.52827594290648960, 31.09780745908453881, 2.234886216671969628 ) ) ;
#310 = CARTESIAN_POINT ( 'NONE',  ( -21.56337845285145960, 31.77647289189146917, 2.050000000000086420 ) ) ;
#311 = ORIENTED_EDGE ( 'NONE', *, *, #2008, .T. ) ;
#312 = VECTOR ( 'NONE', #1952, 1000.000000000000000 ) ;
#313 = CARTESIAN_POINT ( 'NONE',  ( -29.85000000000000853, 20.00000000000000000, 19.99999999999999289 ) ) ;
#314 = DIRECTION ( 'NONE',  ( 1.000000000000000000, 0.000000000000000000, 3.469446951953623655E-15 ) ) ;
#315 = LINE ( 'NONE', #2929, #2932 ) ;
#316 = DIRECTION ( 'NONE',  ( -0.000000000000000000, -1.000000000000000000, -0.000000000000000000 ) ) ;
#317 = EDGE_CURVE ( 'NONE', #1221, #2518, #2718, .T. ) ;
#318 = LINE ( 'NONE', #305, #1204 ) ;
#319 = LINE ( 'NONE', #1246, #368 ) ;
#320 = CIRCLE ( 'NONE', #1427, 5.150000000000003020 ) ;
#321 = VERTEX_POINT ( 'NONE', #2478 ) ;
#322 = ORIENTED_EDGE ( 'NONE', *, *, #272, .T. ) ;
#323 = DIRECTION ( 'NONE',  ( 0.000000000000000000, 0.000000000000000000, -1.000000000000000000 ) ) ;
#324 = CARTESIAN_POINT ( 'NONE',  ( -24.27977433782711003, 29.74983291002932617, 4.097387517381449129 ) ) ;
#325 = EDGE_CURVE ( 'NONE', #2511, #2465, #1357, .T. ) ;
#326 = ORIENTED_EDGE ( 'NONE', *, *, #1026, .F. ) ;
#327 = CARTESIAN_POINT ( 'NONE',  ( 0.000000000000000000, 0.000000000000000000, 44.00000000000000000 ) ) ;
#328 = ORIENTED_EDGE ( 'NONE', *, *, #180, .T. ) ;
#329 = CARTESIAN_POINT ( 'NONE',  ( -22.13953404868894026, 31.37531215905410420, 33.14837396329637897 ) ) ;
#330 = CARTESIAN_POINT ( 'NONE',  ( 20.94999999999998508, 32.18163296043257304, 13.65000000000000213 ) ) ;
#331 = LINE ( 'NONE', #2184, #2108 ) ;
#332 = CARTESIAN_POINT ( 'NONE',  ( 18.95000000000000284, 20.00000000000000355, 37.15000000000000568 ) ) ;
#333 = CARTESIAN_POINT ( 'NONE',  ( 14.96898286531894229, 30.17848796517429832, 22.96974300950976300 ) ) ;
#334 = EDGE_CURVE ( 'NONE', #2347, #116, #2724, .T. ) ;
#335 = DIRECTION ( 'NONE',  ( -1.314345621908742439E-16, 1.000000000000000000, 0.000000000000000000 ) ) ;
#336 = ORIENTED_EDGE ( 'NONE', *, *, #317, .T. ) ;
#337 = PLANE ( 'NONE',  #1725 ) ;
#338 = CARTESIAN_POINT ( 'NONE',  ( 19.31340591215927205, 33.18965511090561904, 12.24047679787405052 ) ) ;
#339 = VECTOR ( 'NONE', #554, 1000.000000000000000 ) ;
#340 = CARTESIAN_POINT ( 'NONE',  ( 15.32952106587414676, 29.77291371398209563, 4.667878975154192034 ) ) ;
#341 = DIRECTION ( 'NONE',  ( -0.000000000000000000, -1.000000000000000000, -0.000000000000000000 ) ) ;
#342 = CARTESIAN_POINT ( 'NONE',  ( -16.94038105676657580, 27.50000000000000355, 26.84999999999999787 ) ) ;
#343 = CARTESIAN_POINT ( 'NONE',  ( -29.85000000000000853, 32.00000000000021316, 4.300000000000088640 ) ) ;
#344 = VECTOR ( 'NONE', #1218, 1000.000000000000000 ) ;
#345 = FACE_OUTER_BOUND ( 'NONE', #1180, .T. ) ;
#346 = LINE ( 'NONE', #136, #1533 ) ;
#347 = ORIENTED_EDGE ( 'NONE', *, *, #1423, .F. ) ;
#348 = CARTESIAN_POINT ( 'NONE',  ( 23.42698498062077306, 30.42637803940664298, 2.684451382233198125 ) ) ;
#349 = CARTESIAN_POINT ( 'NONE',  ( -21.89237883324404166, 31.55058661830814515, 6.517624419826964832 ) ) ;
#350 = CARTESIAN_POINT ( 'NONE',  ( -29.85000000000000853, 2.449293598294712331E-16, 19.99999999999998934 ) ) ;
#351 = LINE ( 'NONE', #562, #1748 ) ;
#352 = EDGE_CURVE ( 'NONE', #656, #167, #832, .T. ) ;
#353 = FILL_AREA_STYLE ('',( #161 ) ) ;
#354 = ORIENTED_EDGE ( 'NONE', *, *, #1141, .F. ) ;
#355 = CYLINDRICAL_SURFACE ( 'NONE', #236, 1.649999999999998579 ) ;
#356 = EDGE_CURVE ( 'NONE', #1374, #1787, #1616, .T. ) ;
#357 = CARTESIAN_POINT ( 'NONE',  ( 0.000000000000000000, 27.50000000000000355, 0.000000000000000000 ) ) ;
#358 = CARTESIAN_POINT ( 'NONE',  ( 20.94999999999998153, 32.18163296043257304, 30.35000000000000853 ) ) ;
#359 = AXIS2_PLACEMENT_3D ( 'NONE', #3002, #1766, #2721 ) ;
#360 = EDGE_CURVE ( 'NONE', #71, #437, #2774, .T. ) ;
#361 = CARTESIAN_POINT ( 'NONE',  ( 24.27190268004148166, 29.75626281668935391, 24.49559152332465217 ) ) ;
#362 = CARTESIAN_POINT ( 'NONE',  ( -24.02967632199729664, 29.95251101624972279, 3.351320018626065877 ) ) ;
#363 = VECTOR ( 'NONE', #1789, 1000.000000000000000 ) ;
#364 = LINE ( 'NONE', #1736, #307 ) ;
#365 = EDGE_LOOP ( 'NONE', ( #2282, #2378, #447, #2909 ) ) ;
#366 = DIRECTION ( 'NONE',  ( 0.000000000000000000, 0.000000000000000000, -1.000000000000000000 ) ) ;
#367 = ADVANCED_FACE ( 'NONE', ( #1832 ), #692, .F. ) ;
#368 = VECTOR ( 'NONE', #1716, 1000.000000000000000 ) ;
#369 = CARTESIAN_POINT ( 'NONE',  ( 26.09999999999998721, 27.50000000000000355, 32.00000000000000711 ) ) ;
#370 = DIRECTION ( 'NONE',  ( -0.000000000000000000, 1.000000000000000000, 1.734723475976807094E-16 ) ) ;
#371 = VECTOR ( 'NONE', #1229, 1000.000000000000000 ) ;
#372 = EDGE_LOOP ( 'NONE', ( #1630, #2950, #2058, #83, #264 ) ) ;
#373 = VECTOR ( 'NONE', #2848, 1000.000000000000000 ) ;
#374 = CARTESIAN_POINT ( 'NONE',  ( -1.005304819418127268E-14, -12.99999999999999822, 6.850000000000035172 ) ) ;
#375 = CARTESIAN_POINT ( 'NONE',  ( -8.833831784384907237, 34.18290186311536871, 3.746673860687554480 ) ) ;
#376 = ORIENTED_EDGE ( 'NONE', *, *, #2040, .T. ) ;
#377 = CARTESIAN_POINT ( 'NONE',  ( -23.69729100753848883, 30.21632255404086109, 25.68009600112559809 ) ) ;
#378 = ORIENTED_EDGE ( 'NONE', *, *, #2967, .F. ) ;
#379 = PLANE ( 'NONE',  #142 ) ;
#380 = DIRECTION ( 'NONE',  ( 1.000000000000000000, -0.000000000000000000, -0.000000000000000000 ) ) ;
#381 = ADVANCED_FACE ( 'NONE', ( #61 ), #1892, .F. ) ;
#382 = LINE ( 'NONE', #2978, #1137 ) ;
#383 = DIRECTION ( 'NONE',  ( 0.000000000000000000, -1.000000000000000000, 0.000000000000000000 ) ) ;
#384 = ADVANCED_FACE ( 'NONE', ( #2427, #143 ), #2700, .T. ) ;
#385 = DIRECTION ( 'NONE',  ( 0.000000000000000000, 0.000000000000000000, -1.000000000000000000 ) ) ;
#386 = ORIENTED_EDGE ( 'NONE', *, *, #1456, .F. ) ;
#387 = DIRECTION ( 'NONE',  ( 0.000000000000000000, -1.000000000000000000, 0.000000000000000000 ) ) ;
#388 = VECTOR ( 'NONE', #1011, 1000.000000000000000 ) ;
#389 = EDGE_LOOP ( 'NONE', ( #1847, #2575 ) ) ;
#390 = VERTEX_POINT ( 'NONE', #2447 ) ;
#391 = EDGE_CURVE ( 'NONE', #1277, #1374, #1506, .T. ) ;
#392 = FACE_OUTER_BOUND ( 'NONE', #2168, .T. ) ;
#393 = CARTESIAN_POINT ( 'NONE',  ( -8.766300668024960885, 34.20584730713460431, 3.843150513160863646 ) ) ;
#394 = ORIENTED_EDGE ( 'NONE', *, *, #612, .T. ) ;
#395 = CARTESIAN_POINT ( 'NONE',  ( 23.29427222375969819, 30.52819645332088783, 6.007546609526302817 ) ) ;
#396 = DIRECTION ( 'NONE',  ( 1.000000000000000000, 0.000000000000000000, 0.000000000000000000 ) ) ;
#397 = VERTEX_POINT ( 'NONE', #2817 ) ;
#398 = DIRECTION ( 'NONE',  ( 1.000000000000000000, 1.314345621908742439E-16, -0.000000000000000000 ) ) ;
#399 = LINE ( 'NONE', #2962, #759 ) ;
#400 = EDGE_LOOP ( 'NONE', ( #1430, #3003, #601, #2920 ) ) ;
#401 = CARTESIAN_POINT ( 'NONE',  ( -21.15150394919008647, 32.05045541140257370, 30.35000000000000853 ) ) ;
#402 = VECTOR ( 'NONE', #2250, 1000.000000000000000 ) ;
#403 = CARTESIAN_POINT ( 'NONE',  ( 17.44394052159231023, 34.20942839675085168, 24.76915713875871461 ) ) ;
#404 = AXIS2_PLACEMENT_3D ( 'NONE', #2728, #2773, #454 ) ;
#405 = DIRECTION ( 'NONE',  ( 1.314345621908742439E-16, -1.000000000000000000, -0.000000000000000000 ) ) ;
#406 = CARTESIAN_POINT ( 'NONE',  ( -15.32872005948617300, 29.77384716158520206, 4.673028706833611601 ) ) ;
#407 = CARTESIAN_POINT ( 'NONE',  ( -9.806143326958499884, 33.81124319557400071, 2.958499871609370668 ) ) ;
#408 = DIRECTION ( 'NONE',  ( 0.000000000000000000, 0.000000000000000000, -1.000000000000000000 ) ) ;
#409 = DIRECTION ( 'NONE',  ( 0.000000000000000000, 0.000000000000000000, -1.000000000000000000 ) ) ;
#410 = ORIENTED_EDGE ( 'NONE', *, *, #1760, .F. ) ;
#411 = CARTESIAN_POINT ( 'NONE',  ( 3.949999999999997069, 35.00000000000000000, 44.00000000000000000 ) ) ;
#412 = ORIENTED_EDGE ( 'NONE', *, *, #486, .F. ) ;
#413 = DIRECTION ( 'NONE',  ( 1.000000000000000000, 0.000000000000000000, -0.000000000000000000 ) ) ;
#414 = VERTEX_POINT ( 'NONE', #2609 ) ;
#415 = CARTESIAN_POINT ( 'NONE',  ( -29.85000000000000853, 20.00000000000000000, 24.00000000000000355 ) ) ;
#416 = DIRECTION ( 'NONE',  ( 0.000000000000000000, -0.000000000000000000, -1.000000000000000000 ) ) ;
#417 = CIRCLE ( 'NONE', #1819, 38.39999999999999858 ) ;
#418 = CARTESIAN_POINT ( 'NONE',  ( 19.35866844190543290, 33.16584763016792436, 26.24166279127427259 ) ) ;
#419 = CARTESIAN_POINT ( 'NONE',  ( -19.49685734840863560, 33.08225558400593513, 11.20996234876612085 ) ) ;
#420 = VECTOR ( 'NONE', #387, 1000.000000000000000 ) ;
#421 = B_SPLINE_CURVE_WITH_KNOTS ( 'NONE', 3,
 ( #2183, #1538, #1016, #2410, #837, #1078, #1937, #2676, #1033, #329, #1254, #117, #2888, #2662, #1269, #2197, #130, #1050, #2946, #229, #2722, #863, #2266, #1807, #2494, #1781, #401, #2531 ),
 .UNSPECIFIED., .F., .F.,
 ( 4, 2, 2, 2, 2, 2, 2, 2, 2, 2, 2, 2, 2, 4 ),
 ( 0.005589653432570759577, 0.005944162918507547161, 0.006298672404444335612, 0.006653181890381124064, 0.007007691376317911648, 0.007362200862254699232, 0.007716710348191483347, 0.008071219834128267462, 0.008425729320065050709, 0.009134748291938618939, 0.009489257777875403921, 0.009843767263812190638, 0.01055278623568576060, 0.01126180520755933057 ),
 .UNSPECIFIED. ) ;
#422 = EDGE_CURVE ( 'NONE', #1351, #2795, #1454, .T. ) ;
#423 = CARTESIAN_POINT ( 'NONE',  ( -15.34876771738832169, 29.75028690167373568, 4.489110993141697925 ) ) ;
#424 = ORIENTED_EDGE ( 'NONE', *, *, #1986, .T. ) ;
#425 = DIRECTION ( 'NONE',  ( 1.000000000000000000, 0.000000000000000000, 0.000000000000000000 ) ) ;
#426 = CARTESIAN_POINT ( 'NONE',  ( 8.836647300269076410, 34.18192896829427951, 23.74301184519105590 ) ) ;
#427 = EDGE_LOOP ( 'NONE', ( #450, #862, #1065, #2148, #2765, #2087, #1089, #2013, #853, #2031 ) ) ;
#428 = EDGE_CURVE ( 'NONE', #2884, #1351, #2475, .T. ) ;
#429 = CARTESIAN_POINT ( 'NONE',  ( -19.55414373415771934, 33.04846895236246240, 31.11320453699065069 ) ) ;
#430 = CARTESIAN_POINT ( 'NONE',  ( -16.94038105676657580, 27.50000000000000355, 0.000000000000000000 ) ) ;
#431 = AXIS2_PLACEMENT_3D ( 'NONE', #24, #1639, #2799 ) ;
#432 = CARTESIAN_POINT ( 'NONE',  ( 20.94999999999998863, 27.50000000000000355, 12.00000000000000355 ) ) ;
#433 = EDGE_LOOP ( 'NONE', ( #2100, #1475, #2110, #845 ) ) ;
#434 = FACE_BOUND ( 'NONE', #1059, .T. ) ;
#435 = LINE ( 'NONE', #1107, #1514 ) ;
#436 = LINE ( 'NONE', #2981, #2521 ) ;
#437 = VERTEX_POINT ( 'NONE', #2036 ) ;
#438 = AXIS2_PLACEMENT_3D ( 'NONE', #2486, #1459, #1233 ) ;
#439 = DIRECTION ( 'NONE',  ( -1.038804297299761123E-16, 1.000000000000000000, 4.779880044009461308E-32 ) ) ;
#440 = ORIENTED_EDGE ( 'NONE', *, *, #2247, .F. ) ;
#441 = CARTESIAN_POINT ( 'NONE',  ( -12.56595504127358609, 32.28093407584623975, 6.536480921323953197 ) ) ;
#442 = ORIENTED_EDGE ( 'NONE', *, *, #2082, .T. ) ;
#443 = VERTEX_POINT ( 'NONE', #415 ) ;
#444 = CARTESIAN_POINT ( 'NONE',  ( -20.15101752774973676, 32.68998260990232296, 33.50722889593849629 ) ) ;
#445 = CARTESIAN_POINT ( 'NONE',  ( -10.39179819279224759, 33.54815908689005255, 25.93775877820750964 ) ) ;
#446 = CARTESIAN_POINT ( 'NONE',  ( 20.94999999999998508, 38.39999999999999858, 10.35000000000000497 ) ) ;
#447 = ORIENTED_EDGE ( 'NONE', *, *, #1850, .T. ) ;
#448 = LINE ( 'NONE', #2493, #1668 ) ;
#449 = DIRECTION ( 'NONE',  ( 1.000000000000000000, -0.000000000000000000, -0.000000000000000000 ) ) ;
#450 = ORIENTED_EDGE ( 'NONE', *, *, #2316, .F. ) ;
#451 = CARTESIAN_POINT ( 'NONE',  ( 19.72088722643568559, 32.94986991003598575, 22.25647628206568029 ) ) ;
#452 = CARTESIAN_POINT ( 'NONE',  ( 19.35866844190542224, 33.16584763016793147, 6.241662791274259270 ) ) ;
#453 = ADVANCED_FACE ( 'NONE', ( #1051 ), #2223, .F. ) ;
#454 = DIRECTION ( 'NONE',  ( 2.694716079187272157E-15, 0.000000000000000000, -1.000000000000000000 ) ) ;
#455 = VERTEX_POINT ( 'NONE', #613 ) ;
#456 = CARTESIAN_POINT ( 'NONE',  ( -21.56337845285147026, 31.77647289189148339, 22.05000000000010019 ) ) ;
#457 = MECHANICAL_DESIGN_GEOMETRIC_PRESENTATION_REPRESENTATION (  '', ( #2503 ), #556 ) ;
#458 = ORIENTED_EDGE ( 'NONE', *, *, #1726, .T. ) ;
#459 = CIRCLE ( 'NONE', #2936, 2.000000000000005329 ) ;
#460 = UNCERTAINTY_MEASURE_WITH_UNIT (LENGTH_MEASURE( 1.000000000000000082E-05 ), #2463, 'distance_accuracy_value', 'NONE');
#461 = CARTESIAN_POINT ( 'NONE',  ( -22.59968395779273820, 31.04535851227103649, 12.12468061936374397 ) ) ;
#462 = CARTESIAN_POINT ( 'NONE',  ( -23.81827623313274600, 30.12088938927104564, 23.05054085369536310 ) ) ;
#463 = EDGE_CURVE ( 'NONE', #1414, #1917, #1098, .T. ) ;
#464 = VERTEX_POINT ( 'NONE', #2469 ) ;
#465 = EDGE_LOOP ( 'NONE', ( #1072, #972, #2504, #2343, #939 ) ) ;
#466 = EDGE_CURVE ( 'NONE', #2806, #1008, #743, .T. ) ;
#467 = CARTESIAN_POINT ( 'NONE',  ( -17.87413482894846695, 33.98651300670447739, 5.359709962503816705 ) ) ;
#468 = CARTESIAN_POINT ( 'NONE',  ( 3.949999999999997069, 35.00000000000000000, 0.000000000000000000 ) ) ;
#469 = EDGE_LOOP ( 'NONE', ( #199, #2706, #570, #2993 ) ) ;
#470 = B_SPLINE_CURVE_WITH_KNOTS ( 'NONE', 3,
 ( #2182, #1984, #2195, #2089, #2333, #1448, #1019, #2891, #2621, #1002, #1260, #581, #538, #702, #1617, #2380, #2340, #471, #2368, #2095, #35, #952 ),
 .UNSPECIFIED., .F., .F.,
 ( 4, 2, 2, 2, 2, 2, 2, 2, 2, 2, 4 ),
 ( 0.000000000000000000, 0.0007110564296561646541, 0.001066584644484252619, 0.001422112859312340584, 0.001777641074140438090, 0.002133169288968531259, 0.002488697503796624862, 0.002844225718624718031, 0.003555282148280904803, 0.004266338577937091141, 0.005688451437249477695 ),
 .UNSPECIFIED. ) ;
#471 = CARTESIAN_POINT ( 'NONE',  ( 22.35748518769115734, 31.22045221992683750, 32.89143751146881556 ) ) ;
#472 = DIRECTION ( 'NONE',  ( 0.000000000000000000, 0.000000000000000000, -1.000000000000000000 ) ) ;
#473 = EDGE_CURVE ( 'NONE', #116, #455, #2983, .T. ) ;
#474 = CARTESIAN_POINT ( 'NONE',  ( -16.94999999999999929, 27.48331477354788177, 25.69999999999999218 ) ) ;
#475 = CARTESIAN_POINT ( 'NONE',  ( 3.158031522926227429E-14, -12.99999999999999822, 17.15000000000003411 ) ) ;
#476 = VERTEX_POINT ( 'NONE', #270 ) ;
#477 = EDGE_LOOP ( 'NONE', ( #2147, #2647 ) ) ;
#478 = CARTESIAN_POINT ( 'NONE',  ( -29.85000000000000853, 32.00000000000021316, 4.300000000000088640 ) ) ;
#479 = VERTEX_POINT ( 'NONE', #1295 ) ;
#480 = AXIS2_PLACEMENT_3D ( 'NONE', #2006, #1574, #1817 ) ;
#481 = CARTESIAN_POINT ( 'NONE',  ( -17.36413843249663103, 34.24976929491391076, 4.070196325895086176 ) ) ;
#482 = CARTESIAN_POINT ( 'NONE',  ( 20.00245559826774766, 32.77914874603789031, 13.35478439247073545 ) ) ;
#483 = VECTOR ( 'NONE', #226, 1000.000000000000000 ) ;
#484 = DIRECTION ( 'NONE',  ( -1.000000000000000000, 0.000000000000000000, 0.000000000000000000 ) ) ;
#485 = DIRECTION ( 'NONE',  ( -1.000000000000000000, 0.000000000000000000, -4.625929269271484928E-16 ) ) ;
#486 = EDGE_CURVE ( 'NONE', #2656, #2039, #2701, .T. ) ;
#487 = DIRECTION ( 'NONE',  ( 0.000000000000000000, 1.734723475976807094E-16, -1.000000000000000000 ) ) ;
#488 = ORIENTED_EDGE ( 'NONE', *, *, #2982, .F. ) ;
#489 = EDGE_CURVE ( 'NONE', #662, #1424, #822, .T. ) ;
#490 = ORIENTED_EDGE ( 'NONE', *, *, #2074, .T. ) ;
#491 = EDGE_CURVE ( 'NONE', #1776, #667, #2202, .T. ) ;
#492 = DIRECTION ( 'NONE',  ( 0.000000000000000000, 0.000000000000000000, -1.000000000000000000 ) ) ;
#493 = CARTESIAN_POINT ( 'NONE',  ( -21.63173568087036358, 31.72760442092419098, 13.50593514988942978 ) ) ;
#494 = VECTOR ( 'NONE', #990, 1000.000000000000000 ) ;
#495 = EDGE_CURVE ( 'NONE', #144, #816, #1259, .T. ) ;
#496 = CARTESIAN_POINT ( 'NONE',  ( -18.62389984704665480, 33.58198797717204798, 2.693644746956494807 ) ) ;
#497 = CARTESIAN_POINT ( 'NONE',  ( 9.601313972992866042, 33.89611653164420346, 5.520470851665143286 ) ) ;
#498 = EDGE_CURVE ( 'NONE', #1969, #882, #637, .T. ) ;
#499 = ORIENTED_EDGE ( 'NONE', *, *, #2008, .F. ) ;
#500 = CARTESIAN_POINT ( 'NONE',  ( -16.94038105676657580, 27.50000000000000355, 37.14999999999999858 ) ) ;
#501 = FACE_BOUND ( 'NONE', #2190, .T. ) ;
#502 = ORIENTED_EDGE ( 'NONE', *, *, #59, .T. ) ;
#503 = DIRECTION ( 'NONE',  ( 0.000000000000000000, 1.000000000000000000, 1.734723475976807094E-16 ) ) ;
#504 = CARTESIAN_POINT ( 'NONE',  ( 2.518562122655376863E-15, 27.50000000000000355, 6.850000000000030731 ) ) ;
#505 = PRODUCT_CONTEXT ( 'NONE', #1675, 'mechanical' ) ;
#506 = VECTOR ( 'NONE', #2508, 1000.000000000000000 ) ;
#507 = ORIENTED_EDGE ( 'NONE', *, *, #2029, .T. ) ;
#508 = VECTOR ( 'NONE', #2499, 1000.000000000000000 ) ;
#509 = CARTESIAN_POINT ( 'NONE',  ( 2.335692787782679102E-14, 27.50000000000000355, 17.15000000000003411 ) ) ;
#510 = ADVANCED_FACE ( 'NONE', ( #2952, #392 ), #2935, .T. ) ;
#511 = AXIS2_PLACEMENT_3D ( 'NONE', #736, #1646, #2370 ) ;
#512 = LINE ( 'NONE', #1398, #289 ) ;
#513 = CARTESIAN_POINT ( 'NONE',  ( -19.16816747298292611, 33.27439975509113879, 6.158964732420340482 ) ) ;
#514 = CARTESIAN_POINT ( 'NONE',  ( 3.949999999999995293, 20.00000000000000355, 0.000000000000000000 ) ) ;
#515 = CARTESIAN_POINT ( 'NONE',  ( 16.94999999999998863, 49.56639969244290711, 18.30000000000000071 ) ) ;
#516 = EDGE_CURVE ( 'NONE', #1606, #1787, #1757, .T. ) ;
#517 = CARTESIAN_POINT ( 'NONE',  ( 0.000000000000000000, 27.50000000000000355, 0.000000000000000000 ) ) ;
#518 = FACE_OUTER_BOUND ( 'NONE', #2301, .T. ) ;
#519 = CARTESIAN_POINT ( 'NONE',  ( -3.949999999999995293, 20.00000000000000355, 18.29999999999999716 ) ) ;
#520 = CARTESIAN_POINT ( 'NONE',  ( -19.16803863211051251, 33.27447000449853221, 22.44111200073783152 ) ) ;
#521 = ORIENTED_EDGE ( 'NONE', *, *, #809, .F. ) ;
#522 = LINE ( 'NONE', #504, #523 ) ;
#523 = VECTOR ( 'NONE', #1419, 1000.000000000000000 ) ;
#524 = APPLICATION_PROTOCOL_DEFINITION ( 'draft international standard', 'automotive_design', 1998, #1675 ) ;
#525 = EDGE_CURVE ( 'NONE', #714, #2656, #813, .T. ) ;
#526 = LINE ( 'NONE', #728, #1652 ) ;
#527 = CIRCLE ( 'NONE', #2761, 15.00000000000000178 ) ;
#528 = LINE ( 'NONE', #1837, #2703 ) ;
#529 = CARTESIAN_POINT ( 'NONE',  ( 8.632584466325287309, 34.25038260243933763, 4.411551217980657746 ) ) ;
#530 = ORIENTED_EDGE ( 'NONE', *, *, #791, .T. ) ;
#531 = CARTESIAN_POINT ( 'NONE',  ( -3.949999999999995293, 20.00000000000000355, 26.84999999999999787 ) ) ;
#532 = CARTESIAN_POINT ( 'NONE',  ( 17.61295989711633680, 34.12253883726849324, 5.053076655854286336 ) ) ;
#533 = ORIENTED_EDGE ( 'NONE', *, *, #2958, .F. ) ;
#534 = CARTESIAN_POINT ( 'NONE',  ( -18.80216701065982221, 33.48257515540261409, 25.99759109350337027 ) ) ;
#535 = ORIENTED_EDGE ( 'NONE', *, *, #2772, .T. ) ;
#536 = PLANE ( 'NONE',  #92 ) ;
#537 = VECTOR ( 'NONE', #1610, 1000.000000000000000 ) ;
#538 = CARTESIAN_POINT ( 'NONE',  ( 22.53407501830198711, 31.09302937319458948, 31.52356524844122987 ) ) ;
#539 = CYLINDRICAL_SURFACE ( 'NONE', #1732, 1.649999999999998579 ) ;
#540 = CARTESIAN_POINT ( 'NONE',  ( 21.22639865827422767, 32.00000000000021316, 2.050000000000085976 ) ) ;
#541 = DIRECTION ( 'NONE',  ( 1.000000000000000000, 0.000000000000000000, 0.000000000000000000 ) ) ;
#542 = ORIENTED_EDGE ( 'NONE', *, *, #2899, .T. ) ;
#543 = CARTESIAN_POINT ( 'NONE',  ( 15.34925181055483101, 29.74972093431176745, 4.481234044855683329 ) ) ;
#544 = ORIENTED_EDGE ( 'NONE', *, *, #2982, .T. ) ;
#545 = CARTESIAN_POINT ( 'NONE',  ( 20.28436766525470247, 32.60602787232246413, 2.129729446533449089 ) ) ;
#546 = VECTOR ( 'NONE', #1505, 1000.000000000000000 ) ;
#547 = DIRECTION ( 'NONE',  ( 0.000000000000000000, 1.000000000000000000, 0.000000000000000000 ) ) ;
#548 = CARTESIAN_POINT ( 'NONE',  ( 29.84999999999999787, 24.15652085876606137, 44.00000000000000000 ) ) ;
#549 = ADVANCED_FACE ( 'NONE', ( #345 ), #1273, .F. ) ;
#550 = VERTEX_POINT ( 'NONE', #1301 ) ;
#551 = VERTEX_POINT ( 'NONE', #1972 ) ;
#552 = CARTESIAN_POINT ( 'NONE',  ( -20.94999999999998508, -13.00000000000000178, 6.849999999999996980 ) ) ;
#553 = ORIENTED_EDGE ( 'NONE', *, *, #126, .F. ) ;
#554 = DIRECTION ( 'NONE',  ( 0.000000000000000000, 0.000000000000000000, -1.000000000000000000 ) ) ;
#555 = ORIENTED_EDGE ( 'NONE', *, *, #909, .T. ) ;
#556 =( GEOMETRIC_REPRESENTATION_CONTEXT ( 3 ) GLOBAL_UNCERTAINTY_ASSIGNED_CONTEXT ( ( #460 ) ) GLOBAL_UNIT_ASSIGNED_CONTEXT ( ( #2463, #1939, #1987 ) ) REPRESENTATION_CONTEXT ( 'NONE', 'WORKASPACE' ) );
#557 = CARTESIAN_POINT ( 'NONE',  ( 23.29427222375970530, 30.52819645332087362, 26.00754660952631880 ) ) ;
#558 = CARTESIAN_POINT ( 'NONE',  ( -12.94999999999972573, 32.00000000000020606, 22.05000000000010374 ) ) ;
#559 = EDGE_CURVE ( 'NONE', #167, #656, #2064, .T. ) ;
#560 = VERTEX_POINT ( 'NONE', #121 ) ;
#561 = CARTESIAN_POINT ( 'NONE',  ( 14.67277876823217930, 30.49039426248317142, 5.974813187162438588 ) ) ;
#562 = CARTESIAN_POINT ( 'NONE',  ( -29.85000000000000853, 20.00000000000000000, 24.00000000000000355 ) ) ;
#563 = EDGE_CURVE ( 'NONE', #2742, #182, #1525, .T. ) ;
#564 = ORIENTED_EDGE ( 'NONE', *, *, #638, .F. ) ;
#565 = CARTESIAN_POINT ( 'NONE',  ( 20.94999999999997797, 49.56639969244290711, 17.15000000000000213 ) ) ;
#566 = ORIENTED_EDGE ( 'NONE', *, *, #1634, .F. ) ;
#567 = CARTESIAN_POINT ( 'NONE',  ( 14.06820713376121468, 31.07924253972852924, 22.23229247375646267 ) ) ;
#568 = CARTESIAN_POINT ( 'NONE',  ( 18.94999999999999929, -1.968534143383047056E-15, 0.000000000000000000 ) ) ;
#569 = AXIS2_PLACEMENT_3D ( 'NONE', #1653, #2591, #277 ) ;
#570 = ORIENTED_EDGE ( 'NONE', *, *, #1587, .F. ) ;
#571 = CARTESIAN_POINT ( 'NONE',  ( -29.85000000000000853, 32.00000000000020606, 22.05000000000010374 ) ) ;
#572 = DIRECTION ( 'NONE',  ( -0.000000000000000000, -1.000000000000000000, -0.000000000000000000 ) ) ;
#573 = CARTESIAN_POINT ( 'NONE',  ( 16.94999999999999218, 27.48331477354789243, 18.29999999999999716 ) ) ;
#574 = ORIENTED_EDGE ( 'NONE', *, *, #1258, .T. ) ;
#575 = CARTESIAN_POINT ( 'NONE',  ( -14.78643310809611400, 30.37663155378108470, 22.71544502555269318 ) ) ;
#576 = AXIS2_PLACEMENT_3D ( 'NONE', #971, #1159, #492 ) ;
#577 = LINE ( 'NONE', #1285, #1805 ) ;
#578 = CARTESIAN_POINT ( 'NONE',  ( -18.94999999999999574, 20.00000000000000355, 26.84999999999999787 ) ) ;
#579 = EDGE_CURVE ( 'NONE', #1684, #2044, #1009, .T. ) ;
#580 = DIRECTION ( 'NONE',  ( -0.000000000000000000, -0.000000000000000000, 1.000000000000000000 ) ) ;
#581 = CARTESIAN_POINT ( 'NONE',  ( 22.49631289925106969, 31.12040275187835903, 31.41284877310620516 ) ) ;
#582 = DIRECTION ( 'NONE',  ( 0.000000000000000000, 0.000000000000000000, 1.000000000000000000 ) ) ;
#583 = ORIENTED_EDGE ( 'NONE', *, *, #2760, .F. ) ;
#584 = CARTESIAN_POINT ( 'NONE',  ( 23.69175999241194930, 30.22066535238867857, 22.91426856027592507 ) ) ;
#585 = CARTESIAN_POINT ( 'NONE',  ( -23.81827623313274245, 30.12088938927107051, 3.050540853695345778 ) ) ;
#586 = ADVANCED_FACE ( 'NONE', ( #205 ), #2059, .F. ) ;
#587 = CARTESIAN_POINT ( 'NONE',  ( 2.335692787782679102E-14, 49.56639969244290711, 17.15000000000003411 ) ) ;
#588 = CARTESIAN_POINT ( 'NONE',  ( -15.25285855266867863, 29.86147793530688332, 25.02223974892349645 ) ) ;
#589 = VERTEX_POINT ( 'NONE', #2984 ) ;
#590 = AXIS2_PLACEMENT_3D ( 'NONE', #885, #380, #409 ) ;
#591 = DIRECTION ( 'NONE',  ( -1.000000000000000000, -1.407544320199961943E-16, -1.734723475976808475E-15 ) ) ;
#592 = DIRECTION ( 'NONE',  ( 1.000000000000000000, 1.452867232811396221E-16, 0.000000000000000000 ) ) ;
#593 = ORIENTED_EDGE ( 'NONE', *, *, #1337, .T. ) ;
#594 = EDGE_CURVE ( 'NONE', #882, #1414, #2157, .T. ) ;
#595 = CARTESIAN_POINT ( 'NONE',  ( 14.77707820775817282, 30.38238788171960891, 22.72811552951384328 ) ) ;
#596 = CARTESIAN_POINT ( 'NONE',  ( 20.94999999999998153, 38.39999999999999858, 32.00000000000000711 ) ) ;
#597 = ORIENTED_EDGE ( 'NONE', *, *, #126, .T. ) ;
#598 = CARTESIAN_POINT ( 'NONE',  ( 24.28001388883576794, 29.74963740814332880, 24.39269112301071019 ) ) ;
#599 = EDGE_CURVE ( 'NONE', #681, #2159, #1109, .T. ) ;
#600 = CARTESIAN_POINT ( 'NONE',  ( -8.833831784384925001, 34.18290186311536871, 23.74667386068757935 ) ) ;
#601 = ORIENTED_EDGE ( 'NONE', *, *, #2193, .T. ) ;
#602 = CARTESIAN_POINT ( 'NONE',  ( 14.96898286531893518, 30.17848796517430898, 2.969743009509738130 ) ) ;
#603 = EDGE_LOOP ( 'NONE', ( #1546, #2290, #347, #2225 ) ) ;
#604 = CARTESIAN_POINT ( 'NONE',  ( -15.19858360737992165, 29.92374667722496540, 23.41602005477839299 ) ) ;
#605 = VECTOR ( 'NONE', #810, 1000.000000000000000 ) ;
#606 = CARTESIAN_POINT ( 'NONE',  ( -21.22639865827422767, 32.00000000000021316, 6.550000000000091305 ) ) ;
#607 = ORIENTED_EDGE ( 'NONE', *, *, #66, .F. ) ;
#608 = DIRECTION ( 'NONE',  ( 1.407544320199961943E-16, -1.000000000000000000, 0.000000000000000000 ) ) ;
#609 = CARTESIAN_POINT ( 'NONE',  ( 8.988004627060066198, 34.12886904450222403, 23.56585667704502285 ) ) ;
#610 = CARTESIAN_POINT ( 'NONE',  ( 12.94999999999972573, 32.00000000000020606, 26.55000000000010729 ) ) ;
#611 = CARTESIAN_POINT ( 'NONE',  ( -12.17943436268872226, 32.54953823475648278, 2.102891756970130199 ) ) ;
#612 = EDGE_CURVE ( 'NONE', #2516, #2325, #2998, .T. ) ;
#613 = CARTESIAN_POINT ( 'NONE',  ( 25.94999999999999574, 0.000000000000000000, 24.00000000000000000 ) ) ;
#614 = ORIENTED_EDGE ( 'NONE', *, *, #1047, .T. ) ;
#615 = CARTESIAN_POINT ( 'NONE',  ( -19.30044725617426593, 33.19717963872743383, 31.87609163304683335 ) ) ;
#616 = CARTESIAN_POINT ( 'NONE',  ( -18.95000000000000284, -13.00000000000000178, 25.69999999999999218 ) ) ;
#617 = ADVANCED_FACE ( 'NONE', ( #2330 ), #910, .F. ) ;
#618 = EDGE_CURVE ( 'NONE', #2293, #2518, #891, .T. ) ;
#619 = CARTESIAN_POINT ( 'NONE',  ( -25.95000000000000284, 49.56639969244290711, 0.000000000000000000 ) ) ;
#620 = ORIENTED_EDGE ( 'NONE', *, *, #1986, .F. ) ;
#621 = DIRECTION ( 'NONE',  ( 0.000000000000000000, 0.000000000000000000, -1.000000000000000000 ) ) ;
#622 = DIRECTION ( 'NONE',  ( 1.000000000000000000, 0.000000000000000000, -0.000000000000000000 ) ) ;
#623 = CARTESIAN_POINT ( 'NONE',  ( -20.55710910345515074, 32.43478462056401668, 10.38470589068278294 ) ) ;
#624 = VECTOR ( 'NONE', #2864, 1000.000000000000000 ) ;
#625 = ORIENTED_EDGE ( 'NONE', *, *, #356, .T. ) ;
#626 = AXIS2_PLACEMENT_3D ( 'NONE', #2285, #2695, #2061 ) ;
#627 = CARTESIAN_POINT ( 'NONE',  ( 15.19630850401562050, 29.92632959442425644, 23.41002779054371175 ) ) ;
#628 = ORIENTED_EDGE ( 'NONE', *, *, #2399, .T. ) ;
#629 = CARTESIAN_POINT ( 'NONE',  ( -11.38953541384767831, 33.03333467158436321, 2.284684550857869922 ) ) ;
#630 = VERTEX_POINT ( 'NONE', #1623 ) ;
#631 = CARTESIAN_POINT ( 'NONE',  ( 23.43643142423077919, 30.41909308286530234, 5.908345770172444666 ) ) ;
#632 = PLANE ( 'NONE',  #2730 ) ;
#633 = ORIENTED_EDGE ( 'NONE', *, *, #2428, .T. ) ;
#634 = DIRECTION ( 'NONE',  ( -1.407544320199961943E-16, 1.000000000000000000, -0.000000000000000000 ) ) ;
#635 = ORIENTED_EDGE ( 'NONE', *, *, #2678, .F. ) ;
#636 = CARTESIAN_POINT ( 'NONE',  ( -29.85000000000000853, 0.000000000000000000, 44.00000000000000000 ) ) ;
#637 = CIRCLE ( 'NONE', #70, 5.150000000000002132 ) ;
#638 = EDGE_CURVE ( 'NONE', #1351, #2543, #654, .T. ) ;
#639 = B_SPLINE_CURVE_WITH_KNOTS ( 'NONE', 3,
 ( #558, #1474, #2443, #1249, #1280, #2207, #141, #1746, #1060, #1982, #2911, #600, #902, #2733, #1791, #2245, #1132, #2542, #198, #1084, #1323, #224, #210, #2303, #445, #2750, #1595, #1370, #2051, #2262, #1563, #1821 ),
 .UNSPECIFIED., .F., .F.,
 ( 4, 2, 2, 2, 2, 2, 2, 2, 2, 2, 2, 2, 2, 2, 2, 4 ),
 ( 0.000000000000000000, 0.001414154325529898976, 0.002828308651059797951, 0.003535385813824743102, 0.004242462976589689121, 0.004949540139354635139, 0.005303078720737111618, 0.005656617302119588096, 0.006010155883502063708, 0.006363694464884540186, 0.007070771627649488807, 0.007777848790414439162, 0.008484925953179388650, 0.009899080278709287625, 0.01060615744147423711, 0.01131323460423918660 ),
 .UNSPECIFIED. ) ;
#640 = CARTESIAN_POINT ( 'NONE',  ( 18.64133959422185427, 33.57230587925742071, 25.91570552237870828 ) ) ;
#641 = CARTESIAN_POINT ( 'NONE',  ( 19.91621762255030248, 32.83158273064162103, 33.29046251246276000 ) ) ;
#642 = ORIENTED_EDGE ( 'NONE', *, *, #2538, .F. ) ;
#643 = CARTESIAN_POINT ( 'NONE',  ( -18.94999999999999929, -1.968534143383047845E-15, 17.14999999999999858 ) ) ;
#644 = VERTEX_POINT ( 'NONE', #2099 ) ;
#645 = DIRECTION ( 'NONE',  ( 1.000000000000000000, 0.000000000000000000, 1.734723475976808475E-15 ) ) ;
#646 = B_SPLINE_CURVE_WITH_KNOTS ( 'NONE', 3,
 ( #2456, #124, #2165, #1719, #2392, #775, #993, #112, #2179, #584, #800, #2407, #1500, #1695, #2206, #598, #361, #1292, #1248, #1264, #2627, #78, #95, #1961, #557, #1231, #2658, #1473, #1914, #2441 ),
 .UNSPECIFIED., .F., .F.,
 ( 4, 2, 2, 2, 2, 2, 2, 2, 2, 2, 2, 2, 2, 2, 4 ),
 ( 0.000000000000000000, 0.001193891552631226897, 0.001790837328946841538, 0.002387783105262455963, 0.002984728881578070387, 0.003581674657893685245, 0.004178620434209299669, 0.004775566210524913660, 0.005074039098682716319, 0.005372511986840518977, 0.005969457763156122559, 0.006566403539471727009, 0.007163349315787329724, 0.008357240868418526480, 0.009551132421049719767 ),
 .UNSPECIFIED. ) ;
#647 = CARTESIAN_POINT ( 'NONE',  ( -19.35039552391721074, 33.16826772495769404, 32.46505708685002389 ) ) ;
#648 = CARTESIAN_POINT ( 'NONE',  ( -20.94999999999999218, 27.50000000000000355, 10.34999999999999964 ) ) ;
#649 = EDGE_LOOP ( 'NONE', ( #424, #1176, #1558, #1976 ) ) ;
#650 = LINE ( 'NONE', #2702, #1823 ) ;
#651 = LINE ( 'NONE', #173, #2146 ) ;
#652 = EDGE_CURVE ( 'NONE', #390, #1688, #1044, .T. ) ;
#653 = CARTESIAN_POINT ( 'NONE',  ( 20.94999999999998153, 27.50000000000000355, 32.00000000000000711 ) ) ;
#654 = CIRCLE ( 'NONE', #2353, 15.00000000000000178 ) ;
#655 = CARTESIAN_POINT ( 'NONE',  ( 19.67377632621094108, 32.97782071962084416, 30.93227847991406421 ) ) ;
#656 = VERTEX_POINT ( 'NONE', #867 ) ;
#657 = EDGE_CURVE ( 'NONE', #1406, #2122, #2557, .T. ) ;
#658 = CARTESIAN_POINT ( 'NONE',  ( -15.19604333889809133, 29.92661387948152196, 5.190221165408595461 ) ) ;
#659 = ORIENTED_EDGE ( 'NONE', *, *, #612, .F. ) ;
#660 = CARTESIAN_POINT ( 'NONE',  ( -8.633577777434849665, 34.25005611340878886, 4.418965225944321951 ) ) ;
#661 = LINE ( 'NONE', #899, #2043 ) ;
#662 = VERTEX_POINT ( 'NONE', #708 ) ;
#663 = CARTESIAN_POINT ( 'NONE',  ( -19.91819054679148948, 32.83038521082739436, 30.70799561703182334 ) ) ;
#664 = CARTESIAN_POINT ( 'NONE',  ( 20.94999999999998153, 49.56639969244290711, 37.15000000000001279 ) ) ;
#665 = ORIENTED_EDGE ( 'NONE', *, *, #2306, .F. ) ;
#666 = DIRECTION ( 'NONE',  ( 1.314345621908742439E-16, -1.000000000000000000, -0.000000000000000000 ) ) ;
#667 = VERTEX_POINT ( 'NONE', #1798 ) ;
#668 = DIRECTION ( 'NONE',  ( 0.000000000000000000, 0.000000000000000000, 1.000000000000000000 ) ) ;
#669 = CARTESIAN_POINT ( 'NONE',  ( 17.89107537430139772, 33.97759721272077371, 25.37615315701435392 ) ) ;
#670 = CARTESIAN_POINT ( 'NONE',  ( 19.30047814488582603, 33.19716168090934616, 32.12429758434072369 ) ) ;
#671 = VECTOR ( 'NONE', #1536, 1000.000000000000000 ) ;
#672 = AXIS2_PLACEMENT_3D ( 'NONE', #2908, #2684, #335 ) ;
#673 = ORIENTED_EDGE ( 'NONE', *, *, #1042, .T. ) ;
#674 = EDGE_LOOP ( 'NONE', ( #2977, #1953 ) ) ;
#675 = CARTESIAN_POINT ( 'NONE',  ( 3.949999999999995293, 20.00000000000000355, 25.69999999999998863 ) ) ;
#676 = ORIENTED_EDGE ( 'NONE', *, *, #1303, .F. ) ;
#677 = CARTESIAN_POINT ( 'NONE',  ( -8.633920729714235520, 34.24994339042561364, 4.178921602453645079 ) ) ;
#678 = ORIENTED_EDGE ( 'NONE', *, *, #579, .F. ) ;
#679 = CARTESIAN_POINT ( 'NONE',  ( -19.36409431895396693, 33.16010699766167846, 31.52999123728739050 ) ) ;
#680 = CARTESIAN_POINT ( 'NONE',  ( -20.94999999999999574, 27.50000000000000355, 32.00000000000000000 ) ) ;
#681 = VERTEX_POINT ( 'NONE', #2743 ) ;
#682 = CARTESIAN_POINT ( 'NONE',  ( 12.17465077017108399, 32.55266784016579606, 26.49630987738136767 ) ) ;
#683 = DIRECTION ( 'NONE',  ( 1.000000000000000000, 1.314345621908742439E-16, -0.000000000000000000 ) ) ;
#684 = ORIENTED_EDGE ( 'NONE', *, *, #2239, .T. ) ;
#685 = DIRECTION ( 'NONE',  ( -1.000000000000000000, 0.000000000000000000, 0.000000000000000000 ) ) ;
#686 = ORIENTED_EDGE ( 'NONE', *, *, #791, .F. ) ;
#687 = EDGE_CURVE ( 'NONE', #1909, #2543, #1588, .T. ) ;
#688 = CARTESIAN_POINT ( 'NONE',  ( 18.61474575282691646, 33.58705766527351244, 22.69867363232141955 ) ) ;
#689 = DIRECTION ( 'NONE',  ( 0.000000000000000000, 0.000000000000000000, -1.000000000000000000 ) ) ;
#690 = CARTESIAN_POINT ( 'NONE',  ( 20.94999999999998508, 27.50000000000000355, 12.00000000000000355 ) ) ;
#691 = VECTOR ( 'NONE', #1794, 1000.000000000000000 ) ;
#692 = CYLINDRICAL_SURFACE ( 'NONE', #1649, 2.250000000000002220 ) ;
#693 = DIRECTION ( 'NONE',  ( 0.000000000000000000, 0.000000000000000000, 1.000000000000000000 ) ) ;
#694 = EDGE_CURVE ( 'NONE', #1172, #225, #1364, .T. ) ;
#695 = CARTESIAN_POINT ( 'NONE',  ( 8.661920823649284173, 34.24080478145418738, 24.53093812085630887 ) ) ;
#696 = VERTEX_POINT ( 'NONE', #739 ) ;
#697 = DIRECTION ( 'NONE',  ( 1.000000000000000000, 0.000000000000000000, -1.329954664915552040E-15 ) ) ;
#698 = CARTESIAN_POINT ( 'NONE',  ( -5.297090506515278740E-14, 27.50000000000000355, 26.84999999999996945 ) ) ;
#699 = DIRECTION ( 'NONE',  ( 1.000000000000000000, -0.000000000000000000, -0.000000000000000000 ) ) ;
#700 = ORIENTED_EDGE ( 'NONE', *, *, #1973, .T. ) ;
#701 = FACE_BOUND ( 'NONE', #1599, .T. ) ;
#702 = CARTESIAN_POINT ( 'NONE',  ( 22.58557477378145606, 31.05564078667079642, 31.75265632114186687 ) ) ;
#703 = DIRECTION ( 'NONE',  ( 1.000000000000000000, 1.407544320199961943E-16, 1.734723475976808475E-15 ) ) ;
#704 = CARTESIAN_POINT ( 'NONE',  ( 20.17976754763012792, 32.67028931918363810, 33.46288178355352017 ) ) ;
#705 = VECTOR ( 'NONE', #2688, 1000.000000000000000 ) ;
#706 = CARTESIAN_POINT ( 'NONE',  ( 10.98615740333838886, 33.25468661992329800, 22.41496359067980748 ) ) ;
#707 = VECTOR ( 'NONE', #439, 1000.000000000000000 ) ;
#708 = CARTESIAN_POINT ( 'NONE',  ( 16.94038105676657580, 27.50000000000000355, 26.84999999999999787 ) ) ;
#709 = VERTEX_POINT ( 'NONE', #262 ) ;
#710 = VERTEX_POINT ( 'NONE', #2827 ) ;
#711 = VECTOR ( 'NONE', #2327, 1000.000000000000000 ) ;
#712 = CARTESIAN_POINT ( 'NONE',  ( -22.34584613239180229, 31.22866647245642113, 11.11324076177796449 ) ) ;
#713 = ORIENTED_EDGE ( 'NONE', *, *, #894, .F. ) ;
#714 = VERTEX_POINT ( 'NONE', #1670 ) ;
#715 = CARTESIAN_POINT ( 'NONE',  ( -17.66580997484425808, 34.09523742470938146, 3.475112740038639014 ) ) ;
#716 = CARTESIAN_POINT ( 'NONE',  ( 10.98615740333837287, 33.25468661992331931, 2.414963590679792382 ) ) ;
#717 = ADVANCED_FACE ( 'NONE', ( #1465 ), #756, .F. ) ;
#718 = ORIENTED_EDGE ( 'NONE', *, *, #1593, .F. ) ;
#719 = ADVANCED_FACE ( 'NONE', ( #969 ), #1651, .T. ) ;
#720 = B_SPLINE_CURVE_WITH_KNOTS ( 'NONE', 3,
 ( #64, #963, #244, #1629, #749, #482, #2339, #2377, #2106, #979, #2643, #338, #113, #2425, #1266, #2408, #2229, #156, #1029, #2192, #1232, #2923, #2898, #802 ),
 .UNSPECIFIED., .F., .F.,
 ( 4, 2, 2, 2, 2, 2, 2, 2, 2, 2, 2, 4 ),
 ( 0.005688451437249488971, 0.006386205002001535055, 0.006735081784377554628, 0.007083958566753574201, 0.007781712131505609878, 0.008130588913881629451, 0.008479465696257649024, 0.009177219261009689905, 0.009874972825761729051, 0.01022384960813775209, 0.01057272639051377167, 0.01127047995526581428 ),
 .UNSPECIFIED. ) ;
#721 = CARTESIAN_POINT ( 'NONE',  ( 25.94999999999999929, -3.851859888774471706E-31, 22.00000000000000000 ) ) ;
#722 = VERTEX_POINT ( 'NONE', #985 ) ;
#723 = CARTESIAN_POINT ( 'NONE',  ( 18.95000000000000284, 20.00000000000000355, 25.69999999999999574 ) ) ;
#724 = ORIENTED_EDGE ( 'NONE', *, *, #2498, .F. ) ;
#725 = CARTESIAN_POINT ( 'NONE',  ( -19.91431357450857575, 32.83334170685342457, 22.20649746772548383 ) ) ;
#726 = ORIENTED_EDGE ( 'NONE', *, *, #516, .T. ) ;
#727 = CARTESIAN_POINT ( 'NONE',  ( 8.634987927491675208, 34.24959261591130399, 24.17351445129235188 ) ) ;
#728 = CARTESIAN_POINT ( 'NONE',  ( -29.85000000000000853, 2.449293598294709373E-16, 24.00000000000000355 ) ) ;
#729 = ORIENTED_EDGE ( 'NONE', *, *, #1763, .F. ) ;
#730 = AXIS2_PLACEMENT_3D ( 'NONE', #798, #2421, #844 ) ;
#731 = LINE ( 'NONE', #1644, #2167 ) ;
#732 = CARTESIAN_POINT ( 'NONE',  ( 10.39340633273275216, 33.54736402148151342, 2.661573993219626288 ) ) ;
#733 = VERTEX_POINT ( 'NONE', #1418 ) ;
#734 = ORIENTED_EDGE ( 'NONE', *, *, #785, .F. ) ;
#735 = ADVANCED_FACE ( 'NONE', ( #2812 ), #2579, .T. ) ;
#736 = CARTESIAN_POINT ( 'NONE',  ( -29.85000000000000853, 32.00000000000020606, 24.30000000000010729 ) ) ;
#737 = EDGE_LOOP ( 'NONE', ( #555, #684, #507, #1344, #642 ) ) ;
#738 = FACE_OUTER_BOUND ( 'NONE', #2424, .T. ) ;
#739 = CARTESIAN_POINT ( 'NONE',  ( -20.94999999999998863, 32.18163296043256594, 13.64999999999999680 ) ) ;
#740 = AXIS2_PLACEMENT_3D ( 'NONE', #2426, #398, #1518 ) ;
#741 = CARTESIAN_POINT ( 'NONE',  ( -18.94999999999999929, 20.00000000000000355, 0.000000000000000000 ) ) ;
#742 = FACE_OUTER_BOUND ( 'NONE', #2299, .T. ) ;
#743 = CIRCLE ( 'NONE', #973, 2.000000000000005329 ) ;
#744 = ORIENTED_EDGE ( 'NONE', *, *, #2314, .F. ) ;
#745 = DIRECTION ( 'NONE',  ( 1.301042606982608673E-15, 1.710019654404328407E-31, 1.000000000000000000 ) ) ;
#746 = EDGE_CURVE ( 'NONE', #733, #1688, #1922, .T. ) ;
#747 = CARTESIAN_POINT ( 'NONE',  ( 10.98708026251547309, 33.25434654600666562, 26.18562595416060645 ) ) ;
#748 = FACE_OUTER_BOUND ( 'NONE', #1513, .T. ) ;
#749 = CARTESIAN_POINT ( 'NONE',  ( 20.17976754763013503, 32.67028931918364520, 13.46288178355352194 ) ) ;
#750 = EDGE_LOOP ( 'NONE', ( #2224, #1541, #2613, #2715 ) ) ;
#751 = DIRECTION ( 'NONE',  ( 1.000000000000000000, 1.452867232811396221E-16, 0.000000000000000000 ) ) ;
#752 = LINE ( 'NONE', #2600, #2720 ) ;
#753 = CARTESIAN_POINT ( 'NONE',  ( -18.94999999999999929, 20.00000000000000355, 0.000000000000000000 ) ) ;
#754 = CARTESIAN_POINT ( 'NONE',  ( -12.94999999999972573, 32.00000000000020606, 26.55000000000010729 ) ) ;
#755 = EDGE_CURVE ( 'NONE', #1207, #103, #2169, .T. ) ;
#756 = PLANE ( 'NONE',  #176 ) ;
#757 = DIRECTION ( 'NONE',  ( 0.000000000000000000, 0.000000000000000000, -1.000000000000000000 ) ) ;
#758 = EDGE_CURVE ( 'NONE', #2325, #1752, #1669, .T. ) ;
#759 = VECTOR ( 'NONE', #874, 1000.000000000000000 ) ;
#760 = EDGE_CURVE ( 'NONE', #1117, #722, #315, .T. ) ;
#761 = AXIS2_PLACEMENT_3D ( 'NONE', #2280, #2738, #1619 ) ;
#762 = CARTESIAN_POINT ( 'NONE',  ( -21.44388622938134858, 31.85486798338736492, 13.57755526263638046 ) ) ;
#763 = CARTESIAN_POINT ( 'NONE',  ( -19.35448954891846540, 33.16640862648249310, 2.371897969498616643 ) ) ;
#764 = CARTESIAN_POINT ( 'NONE',  ( 10.19629789064815739, 33.63926282690057690, 2.752943918806178392 ) ) ;
#765 = EDGE_LOOP ( 'NONE', ( #2800, #1759, #2959, #1889, #1091 ) ) ;
#766 = CARTESIAN_POINT ( 'NONE',  ( -29.85000000000000853, 24.15652085876605071, 0.000000000000000000 ) ) ;
#767 = CARTESIAN_POINT ( 'NONE',  ( 18.61474575282690935, 33.58705766527354086, 2.698673632321403115 ) ) ;
#768 = ORIENTED_EDGE ( 'NONE', *, *, #991, .T. ) ;
#769 = CARTESIAN_POINT ( 'NONE',  ( -3.949999999999997069, 35.00000000000000000, 0.000000000000000000 ) ) ;
#770 = ORIENTED_EDGE ( 'NONE', *, *, #1530, .T. ) ;
#771 = DIRECTION ( 'NONE',  ( -3.469446951953623655E-15, -4.560052411744876335E-31, 1.000000000000000000 ) ) ;
#772 = AXIS2_PLACEMENT_3D ( 'NONE', #857, #1775, #2813 ) ;
#773 = EDGE_LOOP ( 'NONE', ( #726, #2024, #1534, #2856 ) ) ;
#774 = CARTESIAN_POINT ( 'NONE',  ( 25.94999999999999218, 49.56639969244290711, 25.69999999999999929 ) ) ;
#775 = CARTESIAN_POINT ( 'NONE',  ( 22.83804331747715821, 30.87103210375497042, 22.34959547574795735 ) ) ;
#776 = CARTESIAN_POINT ( 'NONE',  ( 20.94999999999998153, 38.39999999999999858, 30.35000000000000853 ) ) ;
#777 = DIRECTION ( 'NONE',  ( -0.000000000000000000, -1.000000000000000000, -0.000000000000000000 ) ) ;
#778 = EDGE_CURVE ( 'NONE', #1909, #1512, #825, .T. ) ;
#779 = ORIENTED_EDGE ( 'NONE', *, *, #2213, .F. ) ;
#780 = FACE_BOUND ( 'NONE', #168, .T. ) ;
#781 = DIRECTION ( 'NONE',  ( 1.000000000000000000, 0.000000000000000000, -1.301042606982608673E-15 ) ) ;
#782 = DIRECTION ( 'NONE',  ( 1.314345621908742439E-16, -1.000000000000000000, -0.000000000000000000 ) ) ;
#783 = ORIENTED_EDGE ( 'NONE', *, *, #1003, .F. ) ;
#784 = PLANE ( 'NONE',  #730 ) ;
#785 = EDGE_CURVE ( 'NONE', #211, #2858, #2431, .T. ) ;
#786 = VECTOR ( 'NONE', #580, 1000.000000000000000 ) ;
#787 = ORIENTED_EDGE ( 'NONE', *, *, #50, .F. ) ;
#788 = CARTESIAN_POINT ( 'NONE',  ( -22.85374938244876475, 30.86098659573990943, 26.26011776371191431 ) ) ;
#789 = DIRECTION ( 'NONE',  ( -0.000000000000000000, -0.000000000000000000, 1.000000000000000000 ) ) ;
#790 = LINE ( 'NONE', #1707, #2440 ) ;
#791 = EDGE_CURVE ( 'NONE', #123, #2596, #851, .T. ) ;
#792 = DIRECTION ( 'NONE',  ( -0.000000000000000000, -1.000000000000000000, -0.000000000000000000 ) ) ;
#793 = ADVANCED_FACE ( 'NONE', ( #2652 ), #2679, .T. ) ;
#794 = CARTESIAN_POINT ( 'NONE',  ( -15.32872005948618011, 29.77384716158518785, 24.67302870683363025 ) ) ;
#795 = CARTESIAN_POINT ( 'NONE',  ( 20.94999999999998508, 38.39999999999999858, 12.00000000000000355 ) ) ;
#796 = CARTESIAN_POINT ( 'NONE',  ( 1.829807616259950181E-15, -12.99999999999999822, 25.69999999999999218 ) ) ;
#797 = DIRECTION ( 'NONE',  ( -1.000000000000000000, 1.038804297299761123E-16, 0.000000000000000000 ) ) ;
#798 = CARTESIAN_POINT ( 'NONE',  ( -1.827643554561675280E-14, 49.56639969244290711, 6.850000000000035172 ) ) ;
#799 = ORIENTED_EDGE ( 'NONE', *, *, #1493, .T. ) ;
#800 = CARTESIAN_POINT ( 'NONE',  ( 23.81382226277279912, 30.12440968014004383, 23.04545322246939776 ) ) ;
#801 = ORIENTED_EDGE ( 'NONE', *, *, #1240, .F. ) ;
#802 = CARTESIAN_POINT ( 'NONE',  ( 20.94999999999998153, 32.18163296043257304, 10.35000000000000497 ) ) ;
#803 = DIRECTION ( 'NONE',  ( -0.000000000000000000, -1.000000000000000000, -0.000000000000000000 ) ) ;
#804 = CARTESIAN_POINT ( 'NONE',  ( -21.22639865827423833, 32.00000000000020606, 26.55000000000010729 ) ) ;
#805 = DIRECTION ( 'NONE',  ( 0.000000000000000000, -1.000000000000000000, 0.000000000000000000 ) ) ;
#806 = EDGE_CURVE ( 'NONE', #182, #2088, #577, .T. ) ;
#807 = ORIENTED_EDGE ( 'NONE', *, *, #1335, .F. ) ;
#808 = CARTESIAN_POINT ( 'NONE',  ( 18.95000000000000284, 20.00000000000000355, 6.850000000000005862 ) ) ;
#809 = EDGE_CURVE ( 'NONE', #2528, #1787, #1507, .T. ) ;
#810 = DIRECTION ( 'NONE',  ( -1.000000000000000000, -1.407544320199961943E-16, 0.000000000000000000 ) ) ;
#811 = ORIENTED_EDGE ( 'NONE', *, *, #1258, .F. ) ;
#812 = CYLINDRICAL_SURFACE ( 'NONE', #2413, 2.250000000000002220 ) ;
#813 = LINE ( 'NONE', #2711, #989 ) ;
#814 = EDGE_CURVE ( 'NONE', #1917, #2699, #2201, .T. ) ;
#815 = PLANE ( 'NONE',  #194 ) ;
#816 = VERTEX_POINT ( 'NONE', #1066 ) ;
#817 = CARTESIAN_POINT ( 'NONE',  ( 16.94999999999999218, 27.48331477354789243, 0.000000000000000000 ) ) ;
#818 = VECTOR ( 'NONE', #405, 1000.000000000000000 ) ;
#819 = CARTESIAN_POINT ( 'NONE',  ( -23.69729100753848527, 30.21632255404087886, 5.680096001125590988 ) ) ;
#820 = AXIS2_PLACEMENT_3D ( 'NONE', #1608, #2132, #60 ) ;
#821 = MANIFOLD_SOLID_BREP ( 'Cut-Extrude8', #1641 ) ;
#822 = LINE ( 'NONE', #1467, #1359 ) ;
#823 = DIRECTION ( 'NONE',  ( -0.000000000000000000, 0.000000000000000000, 1.000000000000000000 ) ) ;
#824 = CARTESIAN_POINT ( 'NONE',  ( -29.85000000000000853, 20.00000000000000000, 22.00000000000000000 ) ) ;
#825 = LINE ( 'NONE', #2708, #2838 ) ;
#826 = CARTESIAN_POINT ( 'NONE',  ( -20.94999999999999574, 49.56639969244290711, 37.15000000000000568 ) ) ;
#827 = EDGE_CURVE ( 'NONE', #464, #2885, #331, .T. ) ;
#828 = CARTESIAN_POINT ( 'NONE',  ( 16.94038105676657580, 27.50000000000000355, 0.000000000000000000 ) ) ;
#829 = CARTESIAN_POINT ( 'NONE',  ( -29.85000000000000853, 32.00000000000020606, 24.30000000000010729 ) ) ;
#830 = B_SPLINE_CURVE_WITH_KNOTS ( 'NONE', 3,
 ( #1645, #1680, #2367, #79, #269, #1162, #2612, #1410, #497, #1857, #2836, #2152, #1881, #2790, #32, #1664, #529, #2598, #994, #16, #2573, #1867, #1191, #2121, #258, #1400, #2804, #764, #732, #716, #1441, #1896, #1915, #2584, #2854, #2352 ),
 .UNSPECIFIED., .F., .F.,
 ( 4, 2, 2, 2, 2, 2, 2, 2, 2, 2, 2, 2, 2, 2, 2, 2, 2, 4 ),
 ( 0.008753887750807178708, 0.01016747175778206710, 0.01158105576475695550, 0.01228784776824439623, 0.01299463977173183869, 0.01334803577347555906, 0.01370143177521928116, 0.01405482777696299979, 0.01440822377870672188, 0.01476161978045044398, 0.01511501578219416435, 0.01546841178393788471, 0.01582180778568160334, 0.01652859978916905448, 0.01723539179265650215, 0.01864897579963139401, 0.01935576780311884168, 0.02006255980660629282 ),
 .UNSPECIFIED. ) ;
#831 = ORIENTED_EDGE ( 'NONE', *, *, #1421, .F. ) ;
#832 = B_SPLINE_CURVE_WITH_KNOTS ( 'NONE', 3,
 ( #2459, #1502, #682, #1007, #747, #2135, #62, #1453, #1215, #1893, #2833, #2150, #1911, #1927, #2865, #695, #1169, #727, #26, #1802, #426, #609, #968, #2016, #1810, #2294, #189, #2214, #838, #706, #1330, #1840, #2055, #2312, #3005, #922 ),
 .UNSPECIFIED., .F., .F.,
 ( 4, 2, 2, 2, 2, 2, 2, 2, 2, 2, 2, 2, 2, 2, 2, 2, 2, 4 ),
 ( 0.008753887750807170035, 0.01016747175778206710, 0.01158105576475696244, 0.01228784776824441011, 0.01299463977173185777, 0.01334803577347557987, 0.01370143177521930024, 0.01405482777696302060, 0.01440822377870674270, 0.01476161978045046307, 0.01511501578219418343, 0.01546841178393790206, 0.01582180778568162416, 0.01652859978916906836, 0.01723539179265651256, 0.01864897579963139054, 0.01935576780311883127, 0.02006255980660627200 ),
 .UNSPECIFIED. ) ;
#833 = CARTESIAN_POINT ( 'NONE',  ( 24.27862312220431207, 29.75077243908468461, 4.089360175481947302 ) ) ;
#834 = CARTESIAN_POINT ( 'NONE',  ( -24.11943183402338065, 29.88008646910364874, 5.078546197153666952 ) ) ;
#835 = VECTOR ( 'NONE', #2871, 1000.000000000000000 ) ;
#836 = DIRECTION ( 'NONE',  ( -1.038804297299761123E-16, -1.000000000000000000, 4.082064407343921665E-31 ) ) ;
#837 = CARTESIAN_POINT ( 'NONE',  ( -21.44388622938135214, 31.85486798338737202, 33.57755526263638757 ) ) ;
#838 = CARTESIAN_POINT ( 'NONE',  ( 10.39340633273277170, 33.54736402148149921, 22.66157399321964050 ) ) ;
#839 = VECTOR ( 'NONE', #1436, 1000.000000000000000 ) ;
#840 = EDGE_CURVE ( 'NONE', #1386, #1442, #1712, .T. ) ;
#841 = CARTESIAN_POINT ( 'NONE',  ( -29.85000000000000853, 32.00000000000021316, 6.550000000000090417 ) ) ;
#842 = LINE ( 'NONE', #2464, #2366 ) ;
#843 = CARTESIAN_POINT ( 'NONE',  ( 15.25385277807847650, 29.86033744458779893, 25.01909138132549515 ) ) ;
#844 = DIRECTION ( 'NONE',  ( -1.000000000000000000, 0.000000000000000000, -1.734723475976811828E-15 ) ) ;
#845 = ORIENTED_EDGE ( 'NONE', *, *, #926, .F. ) ;
#846 = CARTESIAN_POINT ( 'NONE',  ( -25.95000000000000284, 27.50000000000000355, 25.69999999999999218 ) ) ;
#847 = CARTESIAN_POINT ( 'NONE',  ( -24.27936300576547168, 29.75016860632455717, 4.506306691438773271 ) ) ;
#848 = DIRECTION ( 'NONE',  ( 0.000000000000000000, -1.000000000000000000, 0.000000000000000000 ) ) ;
#849 = CYLINDRICAL_SURFACE ( 'NONE', #1030, 2.000000000000005329 ) ;
#850 = VECTOR ( 'NONE', #2068, 1000.000000000000000 ) ;
#851 = LINE ( 'NONE', #2664, #2398 ) ;
#852 = LINE ( 'NONE', #1286, #2515 ) ;
#853 = ORIENTED_EDGE ( 'NONE', *, *, #2428, .F. ) ;
#854 = CARTESIAN_POINT ( 'NONE',  ( 14.32813703231173186, 30.83502934523563255, 22.35339231190145526 ) ) ;
#855 = CARTESIAN_POINT ( 'NONE',  ( -12.94999999999971507, 32.00000000000021316, 2.050000000000085976 ) ) ;
#856 = ORIENTED_EDGE ( 'NONE', *, *, #2329, .F. ) ;
#857 = CARTESIAN_POINT ( 'NONE',  ( -29.85000000000000853, 32.00000000000020606, 24.30000000000010729 ) ) ;
#858 = PLANE ( 'NONE',  #2635 ) ;
#859 = ORIENTED_EDGE ( 'NONE', *, *, #352, .T. ) ;
#860 = CARTESIAN_POINT ( 'NONE',  ( 25.94999999999999218, 20.00000000000000000, 24.00000000000000355 ) ) ;
#861 = CARTESIAN_POINT ( 'NONE',  ( 20.94999999999999218, -12.99999999999999467, 12.00000000000000355 ) ) ;
#862 = ORIENTED_EDGE ( 'NONE', *, *, #2247, .T. ) ;
#863 = CARTESIAN_POINT ( 'NONE',  ( -22.21503442997174815, 31.32185649503590952, 30.93491020900990307 ) ) ;
#864 = CARTESIAN_POINT ( 'NONE',  ( -4.474751771371730729E-14, -12.99999999999999822, 26.84999999999996945 ) ) ;
#865 = ORIENTED_EDGE ( 'NONE', *, *, #2231, .T. ) ;
#866 = CARTESIAN_POINT ( 'NONE',  ( -19.68549727149905593, 32.97039633436590833, 10.93423559933783551 ) ) ;
#867 = CARTESIAN_POINT ( 'NONE',  ( 12.94999999999972573, 32.00000000000020606, 26.55000000000010729 ) ) ;
#868 = VECTOR ( 'NONE', #1565, 1000.000000000000000 ) ;
#869 = CARTESIAN_POINT ( 'NONE',  ( -11.97777360147835424, 32.67313057852749125, 6.450816886951592721 ) ) ;
#870 = VERTEX_POINT ( 'NONE', #2415 ) ;
#871 = ORIENTED_EDGE ( 'NONE', *, *, #1303, .T. ) ;
#872 = CARTESIAN_POINT ( 'NONE',  ( -20.94999999999999929, 32.18163296043256594, 30.35000000000000142 ) ) ;
#873 = DIRECTION ( 'NONE',  ( 0.000000000000000000, 0.000000000000000000, -1.000000000000000000 ) ) ;
#874 = DIRECTION ( 'NONE',  ( 1.000000000000000000, 0.000000000000000000, 3.469446951953623655E-15 ) ) ;
#875 = DIRECTION ( 'NONE',  ( -0.000000000000000000, -0.000000000000000000, -1.000000000000000000 ) ) ;
#876 = EDGE_CURVE ( 'NONE', #2528, #2570, #2691, .T. ) ;
#877 = VERTEX_POINT ( 'NONE', #606 ) ;
#878 = CARTESIAN_POINT ( 'NONE',  ( 20.85634418448180938, 32.24546636831259860, 26.55000000000011440 ) ) ;
#879 = CARTESIAN_POINT ( 'NONE',  ( -20.94999999999999218, 49.56639969244290711, 6.849999999999996980 ) ) ;
#880 = ORIENTED_EDGE ( 'NONE', *, *, #2866, .F. ) ;
#881 = DIRECTION ( 'NONE',  ( 1.000000000000000000, 0.000000000000000000, 0.000000000000000000 ) ) ;
#882 = VERTEX_POINT ( 'NONE', #369 ) ;
#883 = PLANE ( 'NONE',  #626 ) ;
#884 = CARTESIAN_POINT ( 'NONE',  ( -12.94999999999972573, 32.00000000000020606, 22.05000000000010374 ) ) ;
#885 = CARTESIAN_POINT ( 'NONE',  ( -29.85000000000000853, -3.851859888774471706E-31, 22.00000000000000000 ) ) ;
#886 = LINE ( 'NONE', #2264, #2449 ) ;
#887 = ORIENTED_EDGE ( 'NONE', *, *, #1036, .F. ) ;
#888 = DIRECTION ( 'NONE',  ( 0.000000000000000000, -0.000000000000000000, -1.000000000000000000 ) ) ;
#889 = B_SPLINE_CURVE_WITH_KNOTS ( 'NONE', 3,
 ( #2966, #1602, #2549, #2328, #452, #2098, #248, #38, #287, #1648, #84, #2384, #532, #2577, #1404, #1699, #1236, #72, #2357, #2344, #2633, #2859, #1415, #767, #2172, #2142, #1884, #2811, #301, #545, #101, #1209, #984, #2825, #2371, #1902 ),
 .UNSPECIFIED., .F., .F.,
 ( 4, 2, 2, 2, 2, 2, 2, 2, 2, 2, 2, 2, 2, 2, 2, 2, 2, 4 ),
 ( 0.009551132421049707624, 0.01087538061972709476, 0.01219962881840448189, 0.01286175291774317893, 0.01352387701708187770, 0.01385493906675122275, 0.01418600111642056780, 0.01484812521575925096, 0.01551024931509793411, 0.01584131136476727569, 0.01617237341443662074, 0.01683449751377530390, 0.01749662161311398359, 0.01815874571245266675, 0.01882086981179134991, 0.01948299391113003307, 0.01981405596079937464, 0.02014511801046871622 ),
 .UNSPECIFIED. ) ;
#890 = DIRECTION ( 'NONE',  ( 0.000000000000000000, -1.000000000000000000, 0.000000000000000000 ) ) ;
#891 = CIRCLE ( 'NONE', #2400, 1.649999999999998579 ) ;
#892 = CARTESIAN_POINT ( 'NONE',  ( 20.75408400354320193, 32.30917279443714563, 33.65000000000001279 ) ) ;
#893 = EDGE_CURVE ( 'NONE', #1241, #1833, #1299, .T. ) ;
#894 = EDGE_CURVE ( 'NONE', #2847, #714, #1079, .T. ) ;
#895 = DIRECTION ( 'NONE',  ( 1.314345621908742439E-16, -1.000000000000000000, -1.734723475976807094E-16 ) ) ;
#896 = DIRECTION ( 'NONE',  ( 0.000000000000000000, 1.000000000000000000, -0.000000000000000000 ) ) ;
#897 = EDGE_LOOP ( 'NONE', ( #2403, #1268, #137, #2525 ) ) ;
#898 = CARTESIAN_POINT ( 'NONE',  ( -18.95000000000000284, -13.00000000000000178, 26.84999999999999787 ) ) ;
#899 = CARTESIAN_POINT ( 'NONE',  ( -29.85000000000000853, 20.00000000000000000, 19.99999999999999289 ) ) ;
#900 = EDGE_CURVE ( 'NONE', #1833, #2858, #2002, .T. ) ;
#901 = CARTESIAN_POINT ( 'NONE',  ( -19.54872051535413036, 33.05167589782043081, 32.87821741073155124 ) ) ;
#902 = CARTESIAN_POINT ( 'NONE',  ( -8.766300668024980425, 34.20584730713458299, 23.84315051316088230 ) ) ;
#903 = CIRCLE ( 'NONE', #1681, 15.00000000000000178 ) ;
#904 = DIRECTION ( 'NONE',  ( 0.000000000000000000, 0.000000000000000000, -1.000000000000000000 ) ) ;
#905 = FACE_OUTER_BOUND ( 'NONE', #1717, .T. ) ;
#906 = ORIENTED_EDGE ( 'NONE', *, *, #652, .F. ) ;
#907 = CYLINDRICAL_SURFACE ( 'NONE', #1761, 1.649999999999998579 ) ;
#908 = CARTESIAN_POINT ( 'NONE',  ( 19.31340591215925784, 33.18965511090560483, 32.24047679787404519 ) ) ;
#909 = EDGE_CURVE ( 'NONE', #321, #2795, #1325, .T. ) ;
#910 = PLANE ( 'NONE',  #1620 ) ;
#911 = EDGE_CURVE ( 'NONE', #1949, #437, #202, .T. ) ;
#912 = EDGE_LOOP ( 'NONE', ( #2383, #2470, #2674, #960 ) ) ;
#913 = CARTESIAN_POINT ( 'NONE',  ( -22.53733808096012581, 31.09315166008893883, 22.22697132223999716 ) ) ;
#914 = EDGE_CURVE ( 'NONE', #1117, #1917, #2512, .T. ) ;
#915 = AXIS2_PLACEMENT_3D ( 'NONE', #1560, #1082, #645 ) ;
#916 = ORIENTED_EDGE ( 'NONE', *, *, #428, .F. ) ;
#917 = ORIENTED_EDGE ( 'NONE', *, *, #1586, .T. ) ;
#918 = DIRECTION ( 'NONE',  ( 1.038804297299761123E-16, -1.000000000000000000, -4.779880044009470066E-32 ) ) ;
#919 = CARTESIAN_POINT ( 'NONE',  ( -17.43653357373683122, 34.21319246324492980, 3.848894133512879900 ) ) ;
#920 = VECTOR ( 'NONE', #2928, 1000.000000000000000 ) ;
#921 = LINE ( 'NONE', #2964, #691 ) ;
#922 = CARTESIAN_POINT ( 'NONE',  ( 12.94999999999972573, 32.00000000000020606, 22.05000000000010374 ) ) ;
#923 = AXIS2_PLACEMENT_3D ( 'NONE', #2473, #2467, #2501 ) ;
#924 = CARTESIAN_POINT ( 'NONE',  ( 20.28436766525470603, 32.60602787232244992, 22.12972944653347440 ) ) ;
#925 = DIRECTION ( 'NONE',  ( 0.000000000000000000, 0.000000000000000000, -1.000000000000000000 ) ) ;
#926 = EDGE_CURVE ( 'NONE', #1930, #2347, #2037, .T. ) ;
#927 = DIRECTION ( 'NONE',  ( 0.000000000000000000, -1.000000000000000000, -1.734723475976807094E-16 ) ) ;
#928 = ORIENTED_EDGE ( 'NONE', *, *, #495, .F. ) ;
#929 = FACE_OUTER_BOUND ( 'NONE', #2710, .T. ) ;
#930 = VECTOR ( 'NONE', #873, 1000.000000000000000 ) ;
#931 = AXIS2_PLACEMENT_3D ( 'NONE', #636, #685, #2079 ) ;
#932 = EDGE_CURVE ( 'NONE', #2527, #2465, #2451, .T. ) ;
#933 = CARTESIAN_POINT ( 'NONE',  ( -21.72733024878806418, 31.66284245444998646, 10.53049385780674641 ) ) ;
#934 = ADVANCED_FACE ( 'NONE', ( #1782 ), #2781, .F. ) ;
#935 = ORIENTED_EDGE ( 'NONE', *, *, #2554, .T. ) ;
#936 = CARTESIAN_POINT ( 'NONE',  ( -29.85000000000000853, 20.00000000000000000, 24.00000000000000355 ) ) ;
#937 = LINE ( 'NONE', #1206, #344 ) ;
#938 = ORIENTED_EDGE ( 'NONE', *, *, #618, .F. ) ;
#939 = ORIENTED_EDGE ( 'NONE', *, *, #152, .T. ) ;
#940 = DIRECTION ( 'NONE',  ( -0.000000000000000000, -0.000000000000000000, 1.000000000000000000 ) ) ;
#941 = CARTESIAN_POINT ( 'NONE',  ( -19.54872051535413036, 33.05167589782043791, 12.87821741073155479 ) ) ;
#942 = VECTOR ( 'NONE', #1601, 1000.000000000000000 ) ;
#943 = CARTESIAN_POINT ( 'NONE',  ( 2.518562122655376863E-15, 49.56639969244290711, 6.850000000000030731 ) ) ;
#944 = VERTEX_POINT ( 'NONE', #2018 ) ;
#945 = PLANE ( 'NONE',  #1202 ) ;
#946 = AXIS2_PLACEMENT_3D ( 'NONE', #531, #2576, #484 ) ;
#947 = UNCERTAINTY_MEASURE_WITH_UNIT (LENGTH_MEASURE( 1.000000000000000082E-05 ), #1656, 'distance_accuracy_value', 'NONE');
#948 = DIRECTION ( 'NONE',  ( -1.000000000000000000, 0.000000000000000000, 1.734723475976808475E-15 ) ) ;
#949 = ORIENTED_EDGE ( 'NONE', *, *, #2657, .T. ) ;
#950 = CARTESIAN_POINT ( 'NONE',  ( -17.66264731786121800, 34.09687516383260686, 5.120716234228478214 ) ) ;
#951 = CARTESIAN_POINT ( 'NONE',  ( 3.949999999999995293, 20.00000000000000355, 44.00000000000000000 ) ) ;
#952 = CARTESIAN_POINT ( 'NONE',  ( 20.94999999999998508, 32.18163296043257304, 33.65000000000000568 ) ) ;
#953 = VECTOR ( 'NONE', #2818, 1000.000000000000000 ) ;
#954 = CARTESIAN_POINT ( 'NONE',  ( 18.94999999999999929, -12.99999999999999467, 26.85000000000000142 ) ) ;
#955 = CARTESIAN_POINT ( 'NONE',  ( -13.52904493197432245, 31.54871470569732494, 26.51836798238534598 ) ) ;
#956 = CARTESIAN_POINT ( 'NONE',  ( -17.59851624648308999, 34.12998691943236196, 25.03179011657297437 ) ) ;
#957 = VECTOR ( 'NONE', #2268, 1000.000000000000000 ) ;
#958 = FACE_OUTER_BOUND ( 'NONE', #2868, .T. ) ;
#959 = CARTESIAN_POINT ( 'NONE',  ( -20.94999999999999574, 27.50000000000000355, 33.64999999999999858 ) ) ;
#960 = ORIENTED_EDGE ( 'NONE', *, *, #932, .T. ) ;
#961 = EDGE_CURVE ( 'NONE', #1866, #589, #435, .T. ) ;
#962 = FACE_OUTER_BOUND ( 'NONE', #2792, .T. ) ;
#963 = CARTESIAN_POINT ( 'NONE',  ( 20.75408400354320193, 32.30917279443715273, 13.65000000000000213 ) ) ;
#964 = EDGE_LOOP ( 'NONE', ( #2455, #1768, #831, #2259 ) ) ;
#965 = CARTESIAN_POINT ( 'NONE',  ( 20.94999999999999218, -12.99999999999999467, 12.00000000000000355 ) ) ;
#966 = CARTESIAN_POINT ( 'NONE',  ( -14.07472019020210574, 31.07343461770042481, 26.36550030608811923 ) ) ;
#967 = DIRECTION ( 'NONE',  ( 0.000000000000000000, 0.000000000000000000, -1.000000000000000000 ) ) ;
#968 = CARTESIAN_POINT ( 'NONE',  ( 9.072002374151566073, 34.09870947115466322, 23.48483884323260185 ) ) ;
#969 = FACE_OUTER_BOUND ( 'NONE', #765, .T. ) ;
#970 = FACE_OUTER_BOUND ( 'NONE', #1203, .T. ) ;
#971 = CARTESIAN_POINT ( 'NONE',  ( -29.85000000000000853, 32.00000000000020606, 24.30000000000010729 ) ) ;
#972 = ORIENTED_EDGE ( 'NONE', *, *, #2488, .T. ) ;
#973 = AXIS2_PLACEMENT_3D ( 'NONE', #2771, #1813, #1412 ) ;
#974 = EDGE_LOOP ( 'NONE', ( #1960, #1607 ) ) ;
#975 = DIRECTION ( 'NONE',  ( 0.000000000000000000, 0.000000000000000000, -1.000000000000000000 ) ) ;
#976 = AXIS2_PLACEMENT_3D ( 'NONE', #680, #1532, #2472 ) ;
#977 = CARTESIAN_POINT ( 'NONE',  ( 20.94999999999998508, -12.99999999999999467, 17.15000000000000213 ) ) ;
#978 = FACE_OUTER_BOUND ( 'NONE', #2536, .T. ) ;
#979 = CARTESIAN_POINT ( 'NONE',  ( 19.40131583903833956, 33.13837531214642951, 12.58047904231617053 ) ) ;
#980 = ORIENTED_EDGE ( 'NONE', *, *, #1521, .T. ) ;
#981 = DIRECTION ( 'NONE',  ( -0.000000000000000000, 1.000000000000000000, 1.734723475976807094E-16 ) ) ;
#982 = DIRECTION ( 'NONE',  ( 0.000000000000000000, 1.000000000000000000, 0.000000000000000000 ) ) ;
#983 = ORIENTED_EDGE ( 'NONE', *, *, #2387, .T. ) ;
#984 = CARTESIAN_POINT ( 'NONE',  ( 20.84918569540034738, 32.24723403707130842, 2.062777777844607918 ) ) ;
#985 = CARTESIAN_POINT ( 'NONE',  ( 18.94999999999999929, -12.99999999999999467, 25.69999999999999574 ) ) ;
#986 = CYLINDRICAL_SURFACE ( 'NONE', #2462, 5.150000000000002132 ) ;
#987 = ADVANCED_FACE ( 'NONE', ( #1796 ), #907, .F. ) ;
#988 = ORIENTED_EDGE ( 'NONE', *, *, #2269, .T. ) ;
#989 = VECTOR ( 'NONE', #135, 1000.000000000000000 ) ;
#990 = DIRECTION ( 'NONE',  ( 1.000000000000000000, -0.000000000000000000, -0.000000000000000000 ) ) ;
#991 = EDGE_CURVE ( 'NONE', #2161, #25, #1897, .T. ) ;
#992 = LINE ( 'NONE', #1913, #537 ) ;
#993 = CARTESIAN_POINT ( 'NONE',  ( 22.99158590115896672, 30.75680522336170597, 22.41947363272895188 ) ) ;
#994 = CARTESIAN_POINT ( 'NONE',  ( 8.666633239319446957, 34.23925111436951596, 4.054723788360994341 ) ) ;
#995 = CYLINDRICAL_SURFACE ( 'NONE', #1674, 1.649999999999998579 ) ;
#996 = CYLINDRICAL_SURFACE ( 'NONE', #166, 38.39999999999999858 ) ;
#997 = ADVANCED_FACE ( 'NONE', ( #54, #1872 ), #2840, .T. ) ;
#998 = DIRECTION ( 'NONE',  ( 1.301042606982608673E-15, 1.710019654404328407E-31, 1.000000000000000000 ) ) ;
#999 = LINE ( 'NONE', #2862, #2850 ) ;
#1000 = AXIS2_PLACEMENT_3D ( 'NONE', #2619, #1713, #1022 ) ;
#1001 = ORIENTED_EDGE ( 'NONE', *, *, #495, .T. ) ;
#1002 = CARTESIAN_POINT ( 'NONE',  ( 22.34193141187983045, 31.23146757416587604, 31.10716502832582364 ) ) ;
#1003 = EDGE_CURVE ( 'NONE', #1930, #710, #2155, .T. ) ;
#1004 = CARTESIAN_POINT ( 'NONE',  ( 21.89761905709037748, 31.54465959465307989, 10.64537769045872473 ) ) ;
#1005 = CARTESIAN_POINT ( 'NONE',  ( -18.94999999999999929, -1.968534143383047056E-15, 18.29999999999999716 ) ) ;
#1006 = ORIENTED_EDGE ( 'NONE', *, *, #1654, .F. ) ;
#1007 = CARTESIAN_POINT ( 'NONE',  ( 11.38484843194538598, 33.03600318313890938, 26.31393054089824446 ) ) ;
#1008 = VERTEX_POINT ( 'NONE', #20 ) ;
#1009 = B_SPLINE_CURVE_WITH_KNOTS ( 'NONE', 3,
 ( #2021, #2654, #163, #1772, #1040, #1730, #1603, #1348, #1166, #658, #6, #406, #423, #2514, #1785, #1126, #220, #1831, #2283, #1391, #195, #1572, #1142, #235, #2071, #2783 ),
 .UNSPECIFIED., .F., .F.,
 ( 4, 2, 2, 2, 2, 2, 2, 2, 2, 2, 2, 2, 4 ),
 ( 0.01131323460423921262, 0.01240762967517317246, 0.01350202474610712536, 0.01404922228157410094, 0.01459641981704107826, 0.01514361735250805557, 0.01569081488797503116, 0.01623801242344200674, 0.01678520995890898579, 0.01787960502984293695, 0.01842680256530991600, 0.01897400010077689853, 0.02006839517171085316 ),
 .UNSPECIFIED. ) ;
#1010 = CARTESIAN_POINT ( 'NONE',  ( -18.94999999999999929, -1.968534143383047056E-15, 0.000000000000000000 ) ) ;
#1011 = DIRECTION ( 'NONE',  ( -1.038804297299761123E-16, -1.000000000000000000, -4.082064407343921665E-31 ) ) ;
#1012 = VECTOR ( 'NONE', #2987, 1000.000000000000000 ) ;
#1013 = CARTESIAN_POINT ( 'NONE',  ( 14.77707820775816394, 30.38238788171961602, 2.728115529513830406 ) ) ;
#1014 = ORIENTED_EDGE ( 'NONE', *, *, #1141, .T. ) ;
#1015 = CIRCLE ( 'NONE', #1929, 5.150000000000003020 ) ;
#1016 = CARTESIAN_POINT ( 'NONE',  ( -21.14900197058719655, 32.05142267935332256, 33.64101311722757970 ) ) ;
#1017 = CARTESIAN_POINT ( 'NONE',  ( 22.22174395171641237, 31.31758119647982852, 13.07261911866666182 ) ) ;
#1018 = CIRCLE ( 'NONE', #1590, 15.00000000000000178 ) ;
#1019 = CARTESIAN_POINT ( 'NONE',  ( 21.98055721067156298, 31.48688966932274624, 30.70710092935848579 ) ) ;
#1020 = ORIENTED_EDGE ( 'NONE', *, *, #758, .F. ) ;
#1021 = SURFACE_SIDE_STYLE ('',( #1769 ) ) ;
#1022 = DIRECTION ( 'NONE',  ( 0.000000000000000000, 1.000000000000000000, 0.000000000000000000 ) ) ;
#1023 = VECTOR ( 'NONE', #3, 1000.000000000000000 ) ;
#1024 = CARTESIAN_POINT ( 'NONE',  ( 21.72287491052841091, 31.66524869527351882, 10.53861440696046614 ) ) ;
#1025 = CARTESIAN_POINT ( 'NONE',  ( -25.95000000000000284, 27.50000000000000355, 18.29999999999999716 ) ) ;
#1026 = EDGE_CURVE ( 'NONE', #1606, #550, #2793, .T. ) ;
#1027 = VERTEX_POINT ( 'NONE', #766 ) ;
#1028 = DIRECTION ( 'NONE',  ( 0.000000000000000000, 0.000000000000000000, 1.000000000000000000 ) ) ;
#1029 = CARTESIAN_POINT ( 'NONE',  ( 19.99705270210466779, 32.78244611988613855, 10.64896679484380471 ) ) ;
#1030 = AXIS2_PLACEMENT_3D ( 'NONE', #824, #1064, #1478 ) ;
#1031 = VECTOR ( 'NONE', #2292, 1000.000000000000000 ) ;
#1032 = CARTESIAN_POINT ( 'NONE',  ( 13.24320948877285531, 31.78009288342038019, 6.550000000000092193 ) ) ;
#1033 = CARTESIAN_POINT ( 'NONE',  ( -21.98268119004309185, 31.48540786885362763, 33.29124884212860991 ) ) ;
#1034 = DIRECTION ( 'NONE',  ( -1.000000000000000000, -1.452867232811396221E-16, 0.000000000000000000 ) ) ;
#1035 = CARTESIAN_POINT ( 'NONE',  ( -3.614408734817784694E-14, 27.50000000000000355, 17.15000000000003055 ) ) ;
#1036 = EDGE_CURVE ( 'NONE', #228, #1360, #1420, .T. ) ;
#1037 = CARTESIAN_POINT ( 'NONE',  ( 1.888727402654815038E-15, -12.99999999999999822, 0.000000000000000000 ) ) ;
#1038 = PLANE ( 'NONE',  #1481 ) ;
#1039 = ADVANCED_FACE ( 'NONE', ( #259 ), #2124, .F. ) ;
#1040 = CARTESIAN_POINT ( 'NONE',  ( -14.32909229583603938, 30.83417360609093549, 6.246417599888735239 ) ) ;
#1041 = PLANE ( 'NONE',  #672 ) ;
#1042 = EDGE_CURVE ( 'NONE', #1815, #321, #69, .T. ) ;
#1043 = ORIENTED_EDGE ( 'NONE', *, *, #2522, .T. ) ;
#1044 = CIRCLE ( 'NONE', #265, 15.00000000000000178 ) ;
#1045 = DIRECTION ( 'NONE',  ( 1.038804297299761123E-16, -1.000000000000000000, 0.000000000000000000 ) ) ;
#1046 = LINE ( 'NONE', #1932, #835 ) ;
#1047 = EDGE_CURVE ( 'NONE', #882, #2699, #82, .T. ) ;
#1048 = DIRECTION ( 'NONE',  ( 0.000000000000000000, 0.000000000000000000, -1.000000000000000000 ) ) ;
#1049 = VERTEX_POINT ( 'NONE', #36 ) ;
#1050 = CARTESIAN_POINT ( 'NONE',  ( -22.60061562499080523, 31.04468028441655747, 31.76340387088759343 ) ) ;
#1051 = FACE_OUTER_BOUND ( 'NONE', #2405, .T. ) ;
#1052 = LINE ( 'NONE', #2681, #2853 ) ;
#1053 = VECTOR ( 'NONE', #1515, 1000.000000000000000 ) ;
#1054 = EDGE_LOOP ( 'NONE', ( #1860, #1504 ) ) ;
#1055 = CARTESIAN_POINT ( 'NONE',  ( 29.84999999999999787, 24.15652085876606137, 44.00000000000000000 ) ) ;
#1056 = FACE_OUTER_BOUND ( 'NONE', #1830, .T. ) ;
#1057 = CARTESIAN_POINT ( 'NONE',  ( 24.02483708375244120, 29.95639151231339170, 3.343239312042951550 ) ) ;
#1058 = AXIS2_PLACEMENT_3D ( 'NONE', #861, #634, #1598 ) ;
#1059 = EDGE_LOOP ( 'NONE', ( #1659, #1130, #1604, #2632 ) ) ;
#1060 = CARTESIAN_POINT ( 'NONE',  ( -9.614871726494817139, 33.89060499951825989, 23.07105402279460193 ) ) ;
#1061 = ADVANCED_FACE ( 'NONE', ( #299 ), #2109, .F. ) ;
#1062 = AXIS2_PLACEMENT_3D ( 'NONE', #829, #1743, #2624 ) ;
#1063 = CARTESIAN_POINT ( 'NONE',  ( 15.34876994197801636, 29.75028430084238806, 4.111901819644320888 ) ) ;
#1064 = DIRECTION ( 'NONE',  ( 1.000000000000000000, -0.000000000000000000, -0.000000000000000000 ) ) ;
#1065 = ORIENTED_EDGE ( 'NONE', *, *, #293, .T. ) ;
#1066 = CARTESIAN_POINT ( 'NONE',  ( 16.94038105676657580, 27.50000000000000355, 17.15000000000000568 ) ) ;
#1067 = CARTESIAN_POINT ( 'NONE',  ( 20.94999999999998153, 38.39999999999999858, 32.00000000000000711 ) ) ;
#1068 = AXIS2_PLACEMENT_3D ( 'NONE', #1476, #231, #1826 ) ;
#1069 = DIRECTION ( 'NONE',  ( 1.000000000000000000, 0.000000000000000000, 0.000000000000000000 ) ) ;
#1070 = CARTESIAN_POINT ( 'NONE',  ( -11.38655457117385872, 33.03499929949974501, 6.314385434273376063 ) ) ;
#1071 = VECTOR ( 'NONE', #51, 1000.000000000000000 ) ;
#1072 = ORIENTED_EDGE ( 'NONE', *, *, #1593, .T. ) ;
#1073 = CARTESIAN_POINT ( 'NONE',  ( 3.949999999999995293, 20.00000000000000355, 26.84999999999997655 ) ) ;
#1074 = CARTESIAN_POINT ( 'NONE',  ( -23.29245738565293067, 30.52957611173295760, 6.008678402886018510 ) ) ;
#1075 = ORIENTED_EDGE ( 'NONE', *, *, #2707, .T. ) ;
#1076 = DIRECTION ( 'NONE',  ( 1.038804297299761123E-16, 1.000000000000000000, -3.061548305507946285E-31 ) ) ;
#1077 = EDGE_LOOP ( 'NONE', ( #100, #1567, #1801, #1928 ) ) ;
#1078 = CARTESIAN_POINT ( 'NONE',  ( -21.63173568087036713, 31.72760442092419098, 33.50593514988943156 ) ) ;
#1079 = LINE ( 'NONE', #1256, #1087 ) ;
#1080 = FACE_OUTER_BOUND ( 'NONE', #2034, .T. ) ;
#1081 = CARTESIAN_POINT ( 'NONE',  ( 15.32952106587415386, 29.77291371398209563, 24.66787897515421690 ) ) ;
#1082 = DIRECTION ( 'NONE',  ( -1.734723475976808475E-15, -2.280026205872433788E-31, 1.000000000000000000 ) ) ;
#1083 = DIRECTION ( 'NONE',  ( -0.000000000000000000, 1.000000000000000000, -0.000000000000000000 ) ) ;
#1084 = CARTESIAN_POINT ( 'NONE',  ( -9.058502584775208533, 34.10420637542855360, 25.11799320403075697 ) ) ;
#1085 = ORIENTED_EDGE ( 'NONE', *, *, #263, .T. ) ;
#1086 = ADVANCED_FACE ( 'NONE', ( #2356 ), #995, .F. ) ;
#1087 = VECTOR ( 'NONE', #622, 1000.000000000000000 ) ;
#1088 = CARTESIAN_POINT ( 'NONE',  ( 12.94999999999971507, 32.00000000000021316, 6.550000000000091305 ) ) ;
#1089 = ORIENTED_EDGE ( 'NONE', *, *, #900, .T. ) ;
#1090 = DIRECTION ( 'NONE',  ( 1.000000000000000000, -0.000000000000000000, -0.000000000000000000 ) ) ;
#1091 = ORIENTED_EDGE ( 'NONE', *, *, #2663, .F. ) ;
#1092 = CARTESIAN_POINT ( 'NONE',  ( -20.94999999999999218, 38.39999999999999858, 11.99999999999999822 ) ) ;
#1093 = CARTESIAN_POINT ( 'NONE',  ( -19.91819054679147882, 32.83038521082738015, 10.70799561703182334 ) ) ;
#1094 = ORIENTED_EDGE ( 'NONE', *, *, #2306, .T. ) ;
#1095 = CARTESIAN_POINT ( 'NONE',  ( 13.24602269362044460, 31.77798297978468867, 22.05000000000011440 ) ) ;
#1096 = FACE_OUTER_BOUND ( 'NONE', #1077, .T. ) ;
#1097 = CARTESIAN_POINT ( 'NONE',  ( -8.077390902096476670E-15, -12.99999999999999822, 25.69999999999998863 ) ) ;
#1098 = LINE ( 'NONE', #1527, #2050 ) ;
#1099 = CARTESIAN_POINT ( 'NONE',  ( -20.00212324582712498, 32.77935057347346515, 30.64546956905072150 ) ) ;
#1100 = CARTESIAN_POINT ( 'NONE',  ( 18.94999999999999929, -1.968534143383047056E-15, 0.000000000000000000 ) ) ;
#1101 = VECTOR ( 'NONE', #408, 1000.000000000000000 ) ;
#1102 = CARTESIAN_POINT ( 'NONE',  ( 18.94999999999999929, 20.00000000000000355, 0.000000000000000000 ) ) ;
#1103 = CARTESIAN_POINT ( 'NONE',  ( -3.949999999999995293, 20.00000000000000355, 0.000000000000000000 ) ) ;
#1104 = CIRCLE ( 'NONE', #2221, 15.00000000000000000 ) ;
#1105 = EDGE_LOOP ( 'NONE', ( #2749, #2727, #1394, #686 ) ) ;
#1106 = ORIENTED_EDGE ( 'NONE', *, *, #1839, .F. ) ;
#1107 = CARTESIAN_POINT ( 'NONE',  ( -5.224734519379062312E-15, -12.99999999999999822, 18.29999999999999361 ) ) ;
#1108 = CARTESIAN_POINT ( 'NONE',  ( 20.94999999999998153, 32.18163296043257304, 30.35000000000000853 ) ) ;
#1109 = LINE ( 'NONE', #2756, #2889 ) ;
#1110 = AXIS2_PLACEMENT_3D ( 'NONE', #343, #2915, #1924 ) ;
#1111 = CARTESIAN_POINT ( 'NONE',  ( -20.94999999999999218, 27.50000000000000355, 17.14999999999999503 ) ) ;
#1112 = CARTESIAN_POINT ( 'NONE',  ( 21.56002562542089507, 31.77869690600626384, 6.550000000000090417 ) ) ;
#1113 = VERTEX_POINT ( 'NONE', #284 ) ;
#1114 = FACE_BOUND ( 'NONE', #2841, .T. ) ;
#1115 = CARTESIAN_POINT ( 'NONE',  ( -24.11981488760398307, 29.87977661669107476, 23.52239183690570457 ) ) ;
#1116 = EDGE_CURVE ( 'NONE', #2122, #2651, #1208, .T. ) ;
#1117 = VERTEX_POINT ( 'NONE', #954 ) ;
#1118 = B_SPLINE_CURVE_WITH_KNOTS ( 'NONE', 3,
 ( #2558, #138, #1978, #2390, #788, #94, #1788, #377, #2939, #2047, #2113, #1963, #2246, #1822, #1171, #1115, #2289, #462, #1836, #1578, #1133, #2582, #913, #2552, #456, #9 ),
 .UNSPECIFIED., .F., .F.,
 ( 4, 2, 2, 2, 2, 2, 2, 2, 2, 2, 2, 2, 4 ),
 ( 0.01069877985351203910, 0.01189781138847057461, 0.01309684292342910318, 0.01369635869090836747, 0.01429587445838763002, 0.01489539022586689257, 0.01549490599334615512, 0.01609442176082542114, 0.01669393752830468369, 0.01729345329578394624, 0.01789296906326320880, 0.01909200059822173737, 0.02029103213318026941 ),
 .UNSPECIFIED. ) ;
#1119 = EDGE_CURVE ( 'NONE', #71, #1150, #2585, .T. ) ;
#1120 = CARTESIAN_POINT ( 'NONE',  ( 16.94999999999999218, 27.48331477354789243, 25.69999999999999218 ) ) ;
#1121 = ORIENTED_EDGE ( 'NONE', *, *, #1421, .T. ) ;
#1122 = DIRECTION ( 'NONE',  ( 1.000000000000000000, 0.000000000000000000, 0.000000000000000000 ) ) ;
#1123 = ORIENTED_EDGE ( 'NONE', *, *, #2394, .F. ) ;
#1124 = DIRECTION ( 'NONE',  ( 0.000000000000000000, 0.000000000000000000, -1.000000000000000000 ) ) ;
#1125 = CARTESIAN_POINT ( 'NONE',  ( -19.31387088708267186, 33.18938439089850334, 11.75692266237864025 ) ) ;
#1126 = CARTESIAN_POINT ( 'NONE',  ( -15.25389344079237830, 29.86029279426488614, 3.580674315211894942 ) ) ;
#1127 = ORIENTED_EDGE ( 'NONE', *, *, #2029, .F. ) ;
#1128 = DIRECTION ( 'NONE',  ( -0.000000000000000000, -0.000000000000000000, 1.000000000000000000 ) ) ;
#1129 = DIRECTION ( 'NONE',  ( 1.000000000000000000, -0.000000000000000000, -0.000000000000000000 ) ) ;
#1130 = ORIENTED_EDGE ( 'NONE', *, *, #2189, .T. ) ;
#1131 = LINE ( 'NONE', #2974, #2073 ) ;
#1132 = CARTESIAN_POINT ( 'NONE',  ( -8.664406202644995503, 34.23998396237381314, 24.53832632877480791 ) ) ;
#1133 = CARTESIAN_POINT ( 'NONE',  ( -23.29243863287522487, 30.52958742170483575, 22.59134097251950379 ) ) ;
#1134 = DIRECTION ( 'NONE',  ( 1.000000000000000000, 0.000000000000000000, 0.000000000000000000 ) ) ;
#1135 = CYLINDRICAL_SURFACE ( 'NONE', #1971, 1.649999999999998579 ) ;
#1136 = CARTESIAN_POINT ( 'NONE',  ( -20.94999999999998863, 27.50000000000000355, 6.849999999999996092 ) ) ;
#1137 = VECTOR ( 'NONE', #2991, 1000.000000000000000 ) ;
#1138 = DIRECTION ( 'NONE',  ( -1.000000000000000000, -1.038804297299761123E-16, 0.000000000000000000 ) ) ;
#1139 = AXIS2_PLACEMENT_3D ( 'NONE', #1843, #1138, #1811 ) ;
#1140 = CARTESIAN_POINT ( 'NONE',  ( -16.95000000000000284, 49.56639969244290711, 25.69999999999999218 ) ) ;
#1141 = EDGE_CURVE ( 'NONE', #455, #1930, #459, .T. ) ;
#1142 = CARTESIAN_POINT ( 'NONE',  ( -13.93882976602458790, 31.19175602071395303, 2.196539719396104484 ) ) ;
#1143 = EDGE_LOOP ( 'NONE', ( #1701, #628, #1075, #1925 ) ) ;
#1144 = APPLICATION_PROTOCOL_DEFINITION ( 'draft international standard', 'automotive_design', 1998, #2933 ) ;
#1145 = DIRECTION ( 'NONE',  ( 1.314345621908742439E-16, -1.000000000000000000, -0.000000000000000000 ) ) ;
#1146 = CARTESIAN_POINT ( 'NONE',  ( 20.94999999999998508, 27.50000000000000355, 10.35000000000000497 ) ) ;
#1147 = ORIENTED_EDGE ( 'NONE', *, *, #52, .F. ) ;
#1148 = CYLINDRICAL_SURFACE ( 'NONE', #359, 1.649999999999998579 ) ;
#1149 = AXIS2_PLACEMENT_3D ( 'NONE', #2605, #2386, #304 ) ;
#1150 = VERTEX_POINT ( 'NONE', #500 ) ;
#1151 = LINE ( 'NONE', #2768, #2243 ) ;
#1152 = ADVANCED_FACE ( 'NONE', ( #271, #1445 ), #2382, .T. ) ;
#1153 = CARTESIAN_POINT ( 'NONE',  ( 17.67829915932573215, 34.08876434343877548, 25.14104155117055583 ) ) ;
#1154 = CARTESIAN_POINT ( 'NONE',  ( -19.40113619738555784, 33.13848209016496327, 11.41965184829114222 ) ) ;
#1155 = CARTESIAN_POINT ( 'NONE',  ( -3.949999999999995293, 20.00000000000000355, 44.00000000000000000 ) ) ;
#1156 = EDGE_LOOP ( 'NONE', ( #2896, #593, #700, #256 ) ) ;
#1157 = EDGE_CURVE ( 'NONE', #1933, #1949, #2263, .T. ) ;
#1158 = ADVANCED_FACE ( 'NONE', ( #1402 ), #2341, .T. ) ;
#1159 = DIRECTION ( 'NONE',  ( 1.000000000000000000, -0.000000000000000000, -0.000000000000000000 ) ) ;
#1160 = CARTESIAN_POINT ( 'NONE',  ( -21.04983975812274721, 32.11663803195138200, 13.65000000000000391 ) ) ;
#1161 = CARTESIAN_POINT ( 'NONE',  ( -18.80313343525203607, 33.48202849437980433, 2.601962919128697482 ) ) ;
#1162 = CARTESIAN_POINT ( 'NONE',  ( 10.38822896596748002, 33.54986191912885829, 5.936167979076623524 ) ) ;
#1163 = ORIENTED_EDGE ( 'NONE', *, *, #391, .T. ) ;
#1164 = DIRECTION ( 'NONE',  ( -1.407544320199961943E-16, 1.000000000000000000, -0.000000000000000000 ) ) ;
#1165 = CARTESIAN_POINT ( 'NONE',  ( 19.36390880644282930, 33.16021547041661677, 32.46966373544418616 ) ) ;
#1166 = CARTESIAN_POINT ( 'NONE',  ( -15.05515273188103720, 30.08398416769308170, 5.491766360680407466 ) ) ;
#1167 = EDGE_LOOP ( 'NONE', ( #1121, #1901, #980, #1864, #2523, #1252, #2822, #376, #1898, #2539, #88, #2474, #2819, #542, #1242, #1597, #1765, #1733 ) ) ;
#1168 = VECTOR ( 'NONE', #170, 1000.000000000000000 ) ;
#1169 = CARTESIAN_POINT ( 'NONE',  ( 8.632584466325306849, 34.25038260243931632, 24.41155121798067640 ) ) ;
#1170 = DIRECTION ( 'NONE',  ( 1.000000000000000000, -0.000000000000000000, -0.000000000000000000 ) ) ;
#1171 = CARTESIAN_POINT ( 'NONE',  ( -24.24527027030390869, 29.77806895007732635, 23.89621285331203993 ) ) ;
#1172 = VERTEX_POINT ( 'NONE', #1282 ) ;
#1173 = CARTESIAN_POINT ( 'NONE',  ( -20.94999999999998508, -13.00000000000000178, 17.14999999999999858 ) ) ;
#1174 = ORIENTED_EDGE ( 'NONE', *, *, #1965, .F. ) ;
#1175 = LINE ( 'NONE', #776, #1841 ) ;
#1176 = ORIENTED_EDGE ( 'NONE', *, *, #2495, .T. ) ;
#1177 = EDGE_LOOP ( 'NONE', ( #1537, #39, #1320, #80 ) ) ;
#1178 = ORIENTED_EDGE ( 'NONE', *, *, #991, .F. ) ;
#1179 = CARTESIAN_POINT ( 'NONE',  ( 26.09999999999998366, 49.56639969244290711, 32.00000000000000711 ) ) ;
#1180 = EDGE_LOOP ( 'NONE', ( #1862, #1975, #2580, #1127 ) ) ;
#1181 = DIRECTION ( 'NONE',  ( -0.000000000000000000, -0.000000000000000000, -1.000000000000000000 ) ) ;
#1182 = B_SPLINE_CURVE_WITH_KNOTS ( 'NONE', 3,
 ( #754, #2111, #955, #966, #1874, #1667, #1431, #1738, #1311, #2430, #588, #794, #2446, #2927, #2873, #2913, #604, #2690, #575, #1284, #1710, #1723, #1966, #1298, #1753, #1491 ),
 .UNSPECIFIED., .F., .F.,
 ( 4, 2, 2, 2, 2, 2, 2, 2, 2, 2, 2, 2, 4 ),
 ( 0.01131323460423918660, 0.01240762967517313950, 0.01350202474610708546, 0.01404922228157405931, 0.01459641981704103489, 0.01514361735250801047, 0.01569081488797498605, 0.01623801242344196163, 0.01678520995890893722, 0.01787960502984289185, 0.01842680256530986743, 0.01897400010077684648, 0.02006839517171080112 ),
 .UNSPECIFIED. ) ;
#1183 = VECTOR ( 'NONE', #1482, 1000.000000000000000 ) ;
#1184 = CARTESIAN_POINT ( 'NONE',  ( -18.80313343525205383, 33.48202849437979012, 22.60196291912870947 ) ) ;
#1185 = ORIENTED_EDGE ( 'NONE', *, *, #466, .F. ) ;
#1186 = ORIENTED_EDGE ( 'NONE', *, *, #1042, .F. ) ;
#1187 = CARTESIAN_POINT ( 'NONE',  ( -22.13953404868892605, 31.37531215905410420, 13.14837396329638430 ) ) ;
#1188 = ORIENTED_EDGE ( 'NONE', *, *, #2592, .T. ) ;
#1189 = CARTESIAN_POINT ( 'NONE',  ( 16.94038105676657580, 27.50000000000000355, 6.850000000000008527 ) ) ;
#1190 = CARTESIAN_POINT ( 'NONE',  ( -19.72744946854020753, 32.94593547532379318, 2.254690096713912517 ) ) ;
#1191 = CARTESIAN_POINT ( 'NONE',  ( 9.072002374151544757, 34.09870947115467033, 3.484838843232587191 ) ) ;
#1192 = ORIENTED_EDGE ( 'NONE', *, *, #2189, .F. ) ;
#1193 = VECTOR ( 'NONE', #1923, 1000.000000000000000 ) ;
#1194 = DIRECTION ( 'NONE',  ( 1.000000000000000000, -0.000000000000000000, -0.000000000000000000 ) ) ;
#1195 = VERTEX_POINT ( 'NONE', #313 ) ;
#1196 = CARTESIAN_POINT ( 'NONE',  ( 29.84999999999999787, 2.449293598294709373E-16, 24.00000000000000355 ) ) ;
#1197 = FACE_OUTER_BOUND ( 'NONE', #2953, .T. ) ;
#1198 = CARTESIAN_POINT ( 'NONE',  ( -17.80013306354891256, 34.02530336577603265, 25.28417826962426318 ) ) ;
#1199 = LINE ( 'NONE', #75, #2170 ) ;
#1200 = CARTESIAN_POINT ( 'NONE',  ( -18.94999999999999929, -1.968534143383047056E-15, 44.00000000000000000 ) ) ;
#1201 = PLANE ( 'NONE',  #820 ) ;
#1202 = AXIS2_PLACEMENT_3D ( 'NONE', #1382, #2101, #1849 ) ;
#1203 = EDGE_LOOP ( 'NONE', ( #2660, #1390, #1854, #676 ) ) ;
#1204 = VECTOR ( 'NONE', #1703, 1000.000000000000000 ) ;
#1205 = CARTESIAN_POINT ( 'NONE',  ( -18.10819536420624942, 33.86271590113528873, 3.027641498699020772 ) ) ;
#1206 = CARTESIAN_POINT ( 'NONE',  ( -1.630077825353195836E-14, 27.50000000000000355, 25.69999999999998863 ) ) ;
#1207 = VERTEX_POINT ( 'NONE', #2887 ) ;
#1208 = LINE ( 'NONE', #2097, #2311 ) ;
#1209 = CARTESIAN_POINT ( 'NONE',  ( 20.75497762141161573, 32.30794611713439224, 2.070340640339595861 ) ) ;
#1210 = CARTESIAN_POINT ( 'NONE',  ( -17.66580997484429005, 34.09523742470937435, 23.47511274003865012 ) ) ;
#1211 = DIRECTION ( 'NONE',  ( -1.038804297299761123E-16, -1.000000000000000000, 0.000000000000000000 ) ) ;
#1212 = EDGE_CURVE ( 'NONE', #414, #2586, #2181, .T. ) ;
#1213 = VECTOR ( 'NONE', #918, 1000.000000000000000 ) ;
#1214 = CARTESIAN_POINT ( 'NONE',  ( -20.94999999999998863, 32.18163296043256594, 13.64999999999999680 ) ) ;
#1215 = CARTESIAN_POINT ( 'NONE',  ( 9.601313972992882029, 33.89611653164420346, 25.52047085166516283 ) ) ;
#1216 = CARTESIAN_POINT ( 'NONE',  ( 20.94999999999998863, -12.99999999999999467, 37.15000000000001279 ) ) ;
#1217 = CARTESIAN_POINT ( 'NONE',  ( -1.344812187081454400E-14, 49.56639969244290711, 18.29999999999999361 ) ) ;
#1218 = DIRECTION ( 'NONE',  ( -1.000000000000000000, 0.000000000000000000, -3.854941057726237604E-16 ) ) ;
#1219 = EDGE_CURVE ( 'NONE', #696, #944, #1503, .T. ) ;
#1220 = DIRECTION ( 'NONE',  ( 0.000000000000000000, -1.000000000000000000, 0.000000000000000000 ) ) ;
#1221 = VERTEX_POINT ( 'NONE', #1721 ) ;
#1222 = DIRECTION ( 'NONE',  ( 1.000000000000000000, 0.000000000000000000, 0.000000000000000000 ) ) ;
#1223 = EDGE_CURVE ( 'NONE', #2963, #2626, #1472, .T. ) ;
#1224 = CARTESIAN_POINT ( 'NONE',  ( -19.35448954891849027, 33.16640862648247889, 22.37189796949862952 ) ) ;
#1225 = EDGE_CURVE ( 'NONE', #211, #2230, #1934, .T. ) ;
#1226 = DIRECTION ( 'NONE',  ( 1.314345621908742439E-16, -1.000000000000000000, -0.000000000000000000 ) ) ;
#1227 = VERTEX_POINT ( 'NONE', #573 ) ;
#1228 = AXIS2_PLACEMENT_3D ( 'NONE', #1700, #2634, #547 ) ;
#1229 = DIRECTION ( 'NONE',  ( -1.038804297299761123E-16, -1.000000000000000000, 0.000000000000000000 ) ) ;
#1230 = VECTOR ( 'NONE', #1666, 1000.000000000000000 ) ;
#1231 = CARTESIAN_POINT ( 'NONE',  ( 22.85356660207265733, 30.86114194376704845, 26.26040473949704435 ) ) ;
#1232 = CARTESIAN_POINT ( 'NONE',  ( 20.26717679316871923, 32.61616419444513326, 10.49446259790967595 ) ) ;
#1233 = DIRECTION ( 'NONE',  ( 1.038804297299761123E-16, -1.000000000000000000, 0.000000000000000000 ) ) ;
#1234 = ORIENTED_EDGE ( 'NONE', *, *, #2958, .T. ) ;
#1235 = CARTESIAN_POINT ( 'NONE',  ( 13.24602269362044105, 31.77798297978469577, 2.050000000000086420 ) ) ;
#1236 = CARTESIAN_POINT ( 'NONE',  ( 17.42851433948742823, 34.21726893989696094, 3.868757763098944924 ) ) ;
#1237 = CARTESIAN_POINT ( 'NONE',  ( 22.39947462417800850, 31.19017630698701282, 11.20322308046908155 ) ) ;
#1238 = CARTESIAN_POINT ( 'NONE',  ( -17.60125578902864163, 34.12857461201622300, 23.56415051361279112 ) ) ;
#1239 = DIRECTION ( 'NONE',  ( -1.038804297299761123E-16, -1.000000000000000000, 0.000000000000000000 ) ) ;
#1240 = EDGE_CURVE ( 'NONE', #2039, #2570, #2595, .T. ) ;
#1241 = VERTEX_POINT ( 'NONE', #2395 ) ;
#1242 = ORIENTED_EDGE ( 'NONE', *, *, #1973, .F. ) ;
#1243 = AXIS2_PLACEMENT_3D ( 'NONE', #2996, #203, #689 ) ;
#1244 = EDGE_CURVE ( 'NONE', #479, #1386, #1329, .T. ) ;
#1245 = CARTESIAN_POINT ( 'NONE',  ( 21.98055721067156298, 31.48688966932273914, 10.70710092935847513 ) ) ;
#1246 = CARTESIAN_POINT ( 'NONE',  ( -20.94999999999999218, 49.56639969244290711, 17.14999999999999858 ) ) ;
#1247 = ORIENTED_EDGE ( 'NONE', *, *, #473, .F. ) ;
#1248 = CARTESIAN_POINT ( 'NONE',  ( 24.21548871392885971, 29.80220994138927892, 24.79158805863361081 ) ) ;
#1249 = CARTESIAN_POINT ( 'NONE',  ( -11.38953541384769252, 33.03333467158436321, 22.28468455085788591 ) ) ;
#1250 = ORIENTED_EDGE ( 'NONE', *, *, #579, .T. ) ;
#1251 = B_SPLINE_CURVE_WITH_KNOTS ( 'NONE', 3,
 ( #1214, #1160, #266, #278, #762, #493, #2788, #2777, #2350, #1187, #2555, #2581, #1676, #2832, #2118, #2103, #461, #2607, #2320, #240, #712, #1408, #12, #1383, #933, #45, #1852, #1625 ),
 .UNSPECIFIED., .F., .F.,
 ( 4, 2, 2, 2, 2, 2, 2, 2, 2, 2, 2, 2, 2, 4 ),
 ( 0.005589653432570764781, 0.005944162918507550630, 0.006298672404444335612, 0.006653181890381121462, 0.007007691376317906444, 0.007362200862254692293, 0.007716710348191473806, 0.008071219834128255319, 0.008425729320065036831, 0.009134748291938605061, 0.009489257777875388308, 0.009843767263812176760, 0.01055278623568576060, 0.01126180520755934097 ),
 .UNSPECIFIED. ) ;
#1252 = ORIENTED_EDGE ( 'NONE', *, *, #893, .F. ) ;
#1253 = DIRECTION ( 'NONE',  ( -1.734723475976808475E-15, -2.280026205872433788E-31, -1.000000000000000000 ) ) ;
#1254 = CARTESIAN_POINT ( 'NONE',  ( -22.21188555215729821, 31.32409010331171118, 33.06879990037040074 ) ) ;
#1255 = VECTOR ( 'NONE', #67, 1000.000000000000000 ) ;
#1256 = CARTESIAN_POINT ( 'NONE',  ( -6.393579735175531904E-15, 27.50000000000000355, 18.29999999999999716 ) ) ;
#1257 = CARTESIAN_POINT ( 'NONE',  ( 0.000000000000000000, 27.50000000000000355, 0.000000000000000000 ) ) ;
#1258 = EDGE_CURVE ( 'NONE', #1776, #2159, #2930, .T. ) ;
#1259 = LINE ( 'NONE', #828, #786 ) ;
#1260 = CARTESIAN_POINT ( 'NONE',  ( 22.39947462417801205, 31.19017630698701637, 31.20322308046909043 ) ) ;
#1261 = LINE ( 'NONE', #774, #1438 ) ;
#1262 = ORIENTED_EDGE ( 'NONE', *, *, #1878, .T. ) ;
#1263 = ORIENTED_EDGE ( 'NONE', *, *, #1275, .T. ) ;
#1264 = CARTESIAN_POINT ( 'NONE',  ( 24.12195664010176444, 29.87804632222917434, 25.07302809384513509 ) ) ;
#1265 = EDGE_LOOP ( 'NONE', ( #1729, #2284, #2666, #1950 ) ) ;
#1266 = CARTESIAN_POINT ( 'NONE',  ( 19.35054570843429289, 33.16818102031628257, 11.53428362369107418 ) ) ;
#1267 = CARTESIAN_POINT ( 'NONE',  ( 14.96978591951648596, 30.17760925642154390, 5.628985313199166285 ) ) ;
#1268 = ORIENTED_EDGE ( 'NONE', *, *, #755, .F. ) ;
#1269 = CARTESIAN_POINT ( 'NONE',  ( -22.53508816014543115, 31.09229494697686391, 32.47324749304309677 ) ) ;
#1270 = DIRECTION ( 'NONE',  ( 0.000000000000000000, -1.000000000000000000, 0.000000000000000000 ) ) ;
#1271 = EDGE_CURVE ( 'NONE', #2518, #2293, #1276, .T. ) ;
#1272 = FACE_OUTER_BOUND ( 'NONE', #1167, .T. ) ;
#1273 = CYLINDRICAL_SURFACE ( 'NONE', #2787, 5.150000000000002132 ) ;
#1274 = CARTESIAN_POINT ( 'NONE',  ( -16.94038105676657580, 27.50000000000000355, 6.849999999999996092 ) ) ;
#1275 = EDGE_CURVE ( 'NONE', #2078, #1172, #364, .T. ) ;
#1276 = CIRCLE ( 'NONE', #308, 1.649999999999998579 ) ;
#1277 = VERTEX_POINT ( 'NONE', #1750 ) ;
#1278 = PRESENTATION_LAYER_ASSIGNMENT (  '', '', ( #2503 ) ) ;
#1279 = CARTESIAN_POINT ( 'NONE',  ( 23.69175999241193153, 30.22066535238869633, 2.914268560275896203 ) ) ;
#1280 = CARTESIAN_POINT ( 'NONE',  ( -10.98452991120828770, 33.25558720381535949, 22.41546821278934587 ) ) ;
#1281 = EDGE_CURVE ( 'NONE', #1008, #1752, #2675, .T. ) ;
#1282 = CARTESIAN_POINT ( 'NONE',  ( 18.94999999999999929, -12.99999999999999467, 17.15000000000000213 ) ) ;
#1283 = ORIENTED_EDGE ( 'NONE', *, *, #1373, .F. ) ;
#1284 = CARTESIAN_POINT ( 'NONE',  ( -14.44652099482882335, 30.71675035784679508, 22.44617146134836716 ) ) ;
#1285 = CARTESIAN_POINT ( 'NONE',  ( -18.94999999999999929, -13.00000000000000178, 44.00000000000000000 ) ) ;
#1286 = CARTESIAN_POINT ( 'NONE',  ( 25.94999999999999574, -12.99999999999999467, 0.000000000000000000 ) ) ;
#1287 = AXIS2_PLACEMENT_3D ( 'NONE', #1217, #1399, #30 ) ;
#1288 = CARTESIAN_POINT ( 'NONE',  ( -20.94999999999999218, 49.56639969244290711, 11.99999999999999822 ) ) ;
#1289 = LINE ( 'NONE', #1910, #373 ) ;
#1290 = CIRCLE ( 'NONE', #2900, 2.000000000000005329 ) ;
#1291 = ORIENTED_EDGE ( 'NONE', *, *, #2495, .F. ) ;
#1292 = CARTESIAN_POINT ( 'NONE',  ( 24.23950794455403823, 29.78265755655792191, 24.69497478435664561 ) ) ;
#1293 = CARTESIAN_POINT ( 'NONE',  ( -21.89366145449579193, 31.54969534003004128, 2.082558338168876144 ) ) ;
#1294 = ORIENTED_EDGE ( 'NONE', *, *, #118, .F. ) ;
#1295 = CARTESIAN_POINT ( 'NONE',  ( 12.94999999999971507, 32.00000000000021316, 2.050000000000085976 ) ) ;
#1296 = CARTESIAN_POINT ( 'NONE',  ( -20.94999999999999574, 27.50000000000000355, 32.00000000000000000 ) ) ;
#1297 = VERTEX_POINT ( 'NONE', #2460 ) ;
#1298 = CARTESIAN_POINT ( 'NONE',  ( -13.53343262738807695, 31.54496906724035199, 22.08264554507955069 ) ) ;
#1299 = LINE ( 'NONE', #119, #2010 ) ;
#1300 = DIRECTION ( 'NONE',  ( 0.000000000000000000, 0.000000000000000000, 1.000000000000000000 ) ) ;
#1301 = CARTESIAN_POINT ( 'NONE',  ( -16.94999999999999929, 27.50000000000000355, 25.69999999999999218 ) ) ;
#1302 = VECTOR ( 'NONE', #1392, 1000.000000000000000 ) ;
#1303 = EDGE_CURVE ( 'NONE', #1870, #414, #1566, .T. ) ;
#1304 = DIRECTION ( 'NONE',  ( 0.000000000000000000, 0.000000000000000000, -1.000000000000000000 ) ) ;
#1305 = ORIENTED_EDGE ( 'NONE', *, *, #1886, .T. ) ;
#1306 = CARTESIAN_POINT ( 'NONE',  ( 21.89154269158649058, 31.55121818382142251, 6.518031223131190544 ) ) ;
#1307 = VECTOR ( 'NONE', #895, 1000.000000000000000 ) ;
#1308 = LINE ( 'NONE', #2288, #930 ) ;
#1309 = AXIS2_PLACEMENT_3D ( 'NONE', #1767, #341, #366 ) ;
#1310 = CARTESIAN_POINT ( 'NONE',  ( -25.94999999999999574, -13.00000000000000178, 18.29999999999999716 ) ) ;
#1311 = CARTESIAN_POINT ( 'NONE',  ( -15.05515273188103542, 30.08398416769306039, 25.49176636068041901 ) ) ;
#1312 = EDGE_CURVE ( 'NONE', #2321, #111, #219, .T. ) ;
#1313 = ORIENTED_EDGE ( 'NONE', *, *, #1317, .F. ) ;
#1314 = CARTESIAN_POINT ( 'NONE',  ( 17.36823248633407246, 34.24769370359378939, 24.55038384459281176 ) ) ;
#1315 = CARTESIAN_POINT ( 'NONE',  ( -20.17891116144449626, 32.67081729462034190, 10.53758930784677617 ) ) ;
#1316 = EDGE_LOOP ( 'NONE', ( #394, #1869, #1192, #2776 ) ) ;
#1317 = EDGE_CURVE ( 'NONE', #2321, #228, #448, .T. ) ;
#1318 = CARTESIAN_POINT ( 'NONE',  ( 13.52716493984302382, 31.55032196917725074, 26.51880904624362856 ) ) ;
#1319 = CARTESIAN_POINT ( 'NONE',  ( -10.19373480951471933, 33.64040427925887400, 2.754264476511505855 ) ) ;
#1320 = ORIENTED_EDGE ( 'NONE', *, *, #1935, .F. ) ;
#1321 = CARTESIAN_POINT ( 'NONE',  ( 22.85356660207264667, 30.86114194376705910, 6.260404739497027471 ) ) ;
#1322 = AXIS2_PLACEMENT_3D ( 'NONE', #327, #823, #1948 ) ;
#1323 = CARTESIAN_POINT ( 'NONE',  ( -9.239710211660424832, 34.03774538317017573, 25.26550327701027143 ) ) ;
#1324 = ORIENTED_EDGE ( 'NONE', *, *, #1312, .T. ) ;
#1325 = CIRCLE ( 'NONE', #761, 15.00000000000000000 ) ;
#1326 = DIRECTION ( 'NONE',  ( 0.000000000000000000, -1.000000000000000000, 0.000000000000000000 ) ) ;
#1327 = EDGE_LOOP ( 'NONE', ( #566, #1263, #1697, #2422 ) ) ;
#1328 = CARTESIAN_POINT ( 'NONE',  ( 1.888727402654815038E-15, -12.99999999999999822, 44.00000000000000000 ) ) ;
#1329 = B_SPLINE_CURVE_WITH_KNOTS ( 'NONE', 3,
 ( #2208, #1235, #2171, #2661, #1489, #2631, #1013, #602, #1709, #2926, #145, #2232, #1063, #543, #340, #2645, #2429, #115, #1267, #2194, #561, #2409, #2872, #1477, #1032, #128 ),
 .UNSPECIFIED., .F., .F.,
 ( 4, 2, 2, 2, 2, 2, 2, 2, 2, 2, 2, 2, 4 ),
 ( 0.000000000000000000, 0.001094235968850898640, 0.002188471937701797279, 0.002735589922127247900, 0.003282707906552698954, 0.003829825890978149575, 0.004376943875403598895, 0.004924061859829048649, 0.005471179844254497535, 0.006018297828679947288, 0.006565415813105397042, 0.007659651781956291344, 0.008753887750807178708 ),
 .UNSPECIFIED. ) ;
#1330 = CARTESIAN_POINT ( 'NONE',  ( 11.38304336467322386, 33.03713287196931958, 22.28644835648092837 ) ) ;
#1331 = AXIS2_PLACEMENT_3D ( 'NONE', #1633, #2141, #1900 ) ;
#1332 = CARTESIAN_POINT ( 'NONE',  ( 19.90856338671406789, 32.83683494289739713, 22.20785962812682257 ) ) ;
#1333 = CARTESIAN_POINT ( 'NONE',  ( 3.949999999999997069, 35.00000000000000000, 0.000000000000000000 ) ) ;
#1334 = DIRECTION ( 'NONE',  ( 1.000000000000000000, 0.000000000000000000, 1.850371707708593971E-15 ) ) ;
#1335 = EDGE_CURVE ( 'NONE', #1424, #1969, #399, .T. ) ;
#1336 = CARTESIAN_POINT ( 'NONE',  ( -12.94999999999971507, 32.00000000000021316, 6.550000000000091305 ) ) ;
#1337 = EDGE_CURVE ( 'NONE', #464, #589, #886, .T. ) ;
#1338 = DIRECTION ( 'NONE',  ( 0.000000000000000000, -1.734723475976807094E-16, 1.000000000000000000 ) ) ;
#1339 = CARTESIAN_POINT ( 'NONE',  ( -29.85000000000000853, 20.00000000000000000, 19.99999999999999289 ) ) ;
#1340 = EDGE_LOOP ( 'NONE', ( #1313, #787, #1980, #887 ) ) ;
#1341 = FACE_OUTER_BOUND ( 'NONE', #773, .T. ) ;
#1342 = ORIENTED_EDGE ( 'NONE', *, *, #2554, .F. ) ;
#1343 = PLANE ( 'NONE',  #931 ) ;
#1344 = ORIENTED_EDGE ( 'NONE', *, *, #563, .T. ) ;
#1345 = EDGE_CURVE ( 'NONE', #551, #2230, #186, .T. ) ;
#1346 = DIRECTION ( 'NONE',  ( 0.000000000000000000, 0.000000000000000000, -1.000000000000000000 ) ) ;
#1347 = CARTESIAN_POINT ( 'NONE',  ( -19.36409431895396338, 33.16010699766168557, 11.52999123728739939 ) ) ;
#1348 = CARTESIAN_POINT ( 'NONE',  ( -14.96913605697302785, 30.17831522339096750, 5.629962123511158545 ) ) ;
#1349 = ORIENTED_EDGE ( 'NONE', *, *, #1271, .F. ) ;
#1350 = CARTESIAN_POINT ( 'NONE',  ( -9.608985894042602283, 33.89299133437745581, 5.525229216318633618 ) ) ;
#1351 = VERTEX_POINT ( 'NONE', #172 ) ;
#1352 = CARTESIAN_POINT ( 'NONE',  ( 24.12195664010176088, 29.87804632222918855, 5.073028093845118214 ) ) ;
#1353 = LINE ( 'NONE', #2075, #1213 ) ;
#1354 = EDGE_CURVE ( 'NONE', #1688, #1380, #382, .T. ) ;
#1355 = LINE ( 'NONE', #1806, #671 ) ;
#1356 = CARTESIAN_POINT ( 'NONE',  ( -18.94999999999999929, -1.968534143383047056E-15, 0.000000000000000000 ) ) ;
#1357 = LINE ( 'NONE', #2574, #4 ) ;
#1358 = ORIENTED_EDGE ( 'NONE', *, *, #961, .T. ) ;
#1359 = VECTOR ( 'NONE', #2563, 1000.000000000000000 ) ;
#1360 = VERTEX_POINT ( 'NONE', #2033 ) ;
#1361 = CARTESIAN_POINT ( 'NONE',  ( 18.12358037860967030, 33.85449151671564039, 25.58426890754160965 ) ) ;
#1362 = CARTESIAN_POINT ( 'NONE',  ( 19.40131583903834667, 33.13837531214644372, 32.58047904231618475 ) ) ;
#1363 = B_SPLINE_CURVE_WITH_KNOTS ( 'NONE', 3,
 ( #872, #1531, #1762, #155, #183, #1099, #663, #2956, #2489, #429, #2697, #2287, #679, #2540, #615, #2025, #647, #2505, #901, #2471, #1562, #444, #2062, #1995 ),
 .UNSPECIFIED., .F., .F.,
 ( 4, 2, 2, 2, 2, 2, 2, 2, 2, 2, 2, 4 ),
 ( 3.469446951953614189E-18, 0.0006987066790713399598, 0.001048060018607005440, 0.001397413358142671029, 0.001746766697678336618, 0.002096120037214002207, 0.002445473376749668012, 0.002794826716285333818, 0.003493533395356685813, 0.003842886734892363328, 0.004192240074428041710, 0.005589653432570759577 ),
 .UNSPECIFIED. ) ;
#1364 = LINE ( 'NONE', #475, #1905 ) ;
#1365 = ORIENTED_EDGE ( 'NONE', *, *, #2454, .F. ) ;
#1366 = CYLINDRICAL_SURFACE ( 'NONE', #2419, 15.00000000000000000 ) ;
#1367 = EDGE_LOOP ( 'NONE', ( #2815, #1631, #1250, #2318 ) ) ;
#1368 = EDGE_CURVE ( 'NONE', #1776, #1241, #2734, .T. ) ;
#1369 = CYLINDRICAL_SURFACE ( 'NONE', #2947, 5.150000000000002132 ) ;
#1370 = CARTESIAN_POINT ( 'NONE',  ( -11.97777360147837200, 32.67313057852749125, 26.45081688695161759 ) ) ;
#1371 = DIRECTION ( 'NONE',  ( -1.314345621908742439E-16, 1.000000000000000000, 0.000000000000000000 ) ) ;
#1372 = FACE_OUTER_BOUND ( 'NONE', #2482, .T. ) ;
#1373 = EDGE_CURVE ( 'NONE', #129, #1049, #650, .T. ) ;
#1374 = VERTEX_POINT ( 'NONE', #1310 ) ;
#1375 = DIRECTION ( 'NONE',  ( 0.000000000000000000, 0.000000000000000000, -1.000000000000000000 ) ) ;
#1376 = CARTESIAN_POINT ( 'NONE',  ( 20.47249903316750519, 32.48825475196817791, 22.10023774423261145 ) ) ;
#1377 = CARTESIAN_POINT ( 'NONE',  ( -19.35039552391720363, 33.16826772495770825, 12.46505708685002389 ) ) ;
#1378 = ORIENTED_EDGE ( 'NONE', *, *, #2866, .T. ) ;
#1379 = CARTESIAN_POINT ( 'NONE',  ( -29.85000000000000853, 20.00000000000000000, 24.00000000000000355 ) ) ;
#1380 = VERTEX_POINT ( 'NONE', #411 ) ;
#1381 = CARTESIAN_POINT ( 'NONE',  ( -29.85000000000000853, 32.00000000000021316, 4.300000000000088640 ) ) ;
#1382 = CARTESIAN_POINT ( 'NONE',  ( -16.95000000000000284, 49.56639969244290711, 0.000000000000000000 ) ) ;
#1383 = CARTESIAN_POINT ( 'NONE',  ( -21.90579791886252892, 31.53939141884961472, 10.63812250965258244 ) ) ;
#1384 = CARTESIAN_POINT ( 'NONE',  ( -21.22639865827422767, 32.00000000000021316, 2.050000000000085976 ) ) ;
#1385 = CIRCLE ( 'NONE', #1575, 15.00000000000000000 ) ;
#1386 = VERTEX_POINT ( 'NONE', #1088 ) ;
#1387 = LINE ( 'NONE', #1328, #2435 ) ;
#1388 = CARTESIAN_POINT ( 'NONE',  ( 21.13296895649902041, 32.06197425301285620, 22.05000000000010729 ) ) ;
#1389 = CARTESIAN_POINT ( 'NONE',  ( -20.15101752774974031, 32.68998260990232296, 13.50722889593849274 ) ) ;
#1390 = ORIENTED_EDGE ( 'NONE', *, *, #2040, .F. ) ;
#1391 = CARTESIAN_POINT ( 'NONE',  ( -14.44652099482881269, 30.71675035784679864, 2.446171461348351617 ) ) ;
#1392 = DIRECTION ( 'NONE',  ( -1.038804297299761123E-16, -1.000000000000000000, -9.071254238542039143E-32 ) ) ;
#1393 = ORIENTED_EDGE ( 'NONE', *, *, #391, .F. ) ;
#1394 = ORIENTED_EDGE ( 'NONE', *, *, #2005, .T. ) ;
#1395 = ADVANCED_FACE ( 'NONE', ( #2767, #1341 ), #2278, .T. ) ;
#1396 = CARTESIAN_POINT ( 'NONE',  ( -6.393579735175531904E-15, 49.56639969244290711, 26.84999999999999787 ) ) ;
#1397 = ORIENTED_EDGE ( 'NONE', *, *, #2615, .T. ) ;
#1398 = CARTESIAN_POINT ( 'NONE',  ( -29.85000000000000853, 32.00000000000020606, 22.05000000000010374 ) ) ;
#1399 = DIRECTION ( 'NONE',  ( 3.854941057726237604E-16, 5.066724901938737373E-32, -1.000000000000000000 ) ) ;
#1400 = CARTESIAN_POINT ( 'NONE',  ( 9.611350157023601071, 33.89202160783745654, 3.073337983519130123 ) ) ;
#1401 = ORIENTED_EDGE ( 'NONE', *, *, #85, .T. ) ;
#1402 = FACE_OUTER_BOUND ( 'NONE', #2052, .T. ) ;
#1403 = ORIENTED_EDGE ( 'NONE', *, *, #2433, .F. ) ;
#1404 = CARTESIAN_POINT ( 'NONE',  ( 17.36823248633407246, 34.24769370359381071, 4.550383844592793103 ) ) ;
#1405 = CARTESIAN_POINT ( 'NONE',  ( -17.80386979342245013, 34.02334900466840395, 23.31181091745727585 ) ) ;
#1406 = VERTEX_POINT ( 'NONE', #1120 ) ;
#1407 = EDGE_CURVE ( 'NONE', #1241, #2586, #1355, .T. ) ;
#1408 = CARTESIAN_POINT ( 'NONE',  ( -22.21503442997174815, 31.32185649503592373, 10.93491020900989241 ) ) ;
#1409 = PLANE ( 'NONE',  #2567 ) ;
#1410 = CARTESIAN_POINT ( 'NONE',  ( 9.795665098641444857, 33.81572219497275711, 5.635620181342166468 ) ) ;
#1411 = ORIENTED_EDGE ( 'NONE', *, *, #2269, .F. ) ;
#1412 = DIRECTION ( 'NONE',  ( 0.000000000000000000, 0.000000000000000000, -1.000000000000000000 ) ) ;
#1413 = DIRECTION ( 'NONE',  ( 0.000000000000000000, -0.000000000000000000, -1.000000000000000000 ) ) ;
#1414 = VERTEX_POINT ( 'NONE', #2014 ) ;
#1415 = CARTESIAN_POINT ( 'NONE',  ( 18.26740728857965834, 33.77722654401842561, 2.912749489110704637 ) ) ;
#1416 = ORIENTED_EDGE ( 'NONE', *, *, #118, .T. ) ;
#1417 = AXIS2_PLACEMENT_3D ( 'NONE', #943, #998, #781 ) ;
#1418 = CARTESIAN_POINT ( 'NONE',  ( -3.949999999999997069, 35.00000000000000000, 0.000000000000000000 ) ) ;
#1419 = DIRECTION ( 'NONE',  ( 1.000000000000000000, 0.000000000000000000, -1.301042606982608673E-15 ) ) ;
#1420 = CIRCLE ( 'NONE', #2791, 5.150000000000002132 ) ;
#1421 = EDGE_CURVE ( 'NONE', #225, #228, #1580, .T. ) ;
#1422 = CARTESIAN_POINT ( 'NONE',  ( -16.94999999999999929, 27.48331477354788177, 18.29999999999999716 ) ) ;
#1423 = EDGE_CURVE ( 'NONE', #437, #476, #2291, .T. ) ;
#1424 = VERTEX_POINT ( 'NONE', #2308 ) ;
#1425 = CARTESIAN_POINT ( 'NONE',  ( -17.87751402930549816, 33.98473273426321128, 3.237050027240945482 ) ) ;
#1426 = CARTESIAN_POINT ( 'NONE',  ( -29.85000000000000853, 32.00000000000021316, 2.050000000000085976 ) ) ;
#1427 = AXIS2_PLACEMENT_3D ( 'NONE', #2244, #1083, #2011 ) ;
#1428 = CARTESIAN_POINT ( 'NONE',  ( 20.94999999999998508, 38.39999999999999858, 12.00000000000000355 ) ) ;
#1429 = EDGE_CURVE ( 'NONE', #816, #2078, #527, .T. ) ;
#1430 = ORIENTED_EDGE ( 'NONE', *, *, #2048, .F. ) ;
#1431 = CARTESIAN_POINT ( 'NONE',  ( -14.77792994628182477, 30.38149282652589633, 25.87091349370883719 ) ) ;
#1432 = ADVANCED_FACE ( 'NONE', ( #2945 ), #1135, .F. ) ;
#1433 = DIRECTION ( 'NONE',  ( 0.000000000000000000, -1.000000000000000000, 0.000000000000000000 ) ) ;
#1434 = EDGE_LOOP ( 'NONE', ( #328, #2986 ) ) ;
#1435 = LINE ( 'NONE', #2302, #1193 ) ;
#1436 = DIRECTION ( 'NONE',  ( 1.000000000000000000, -0.000000000000000000, -0.000000000000000000 ) ) ;
#1437 = ADVANCED_FACE ( 'NONE', ( #1824 ), #1148, .F. ) ;
#1438 = VECTOR ( 'NONE', #1484, 1000.000000000000000 ) ;
#1439 = ORIENTED_EDGE ( 'NONE', *, *, #2001, .F. ) ;
#1440 = PLANE ( 'NONE',  #1287 ) ;
#1441 = CARTESIAN_POINT ( 'NONE',  ( 11.38304336467320788, 33.03713287196929116, 2.286448356480905275 ) ) ;
#1442 = VERTEX_POINT ( 'NONE', #1550 ) ;
#1443 = EDGE_CURVE ( 'NONE', #443, #2516, #1865, .T. ) ;
#1444 = AXIS2_PLACEMENT_3D ( 'NONE', #2123, #2960, #1134 ) ;
#1445 = FACE_OUTER_BOUND ( 'NONE', #1265, .T. ) ;
#1446 = ORIENTED_EDGE ( 'NONE', *, *, #2231, .F. ) ;
#1447 = FACE_BOUND ( 'NONE', #389, .T. ) ;
#1448 = CARTESIAN_POINT ( 'NONE',  ( 21.89761905709037748, 31.54465959465307279, 30.64537769045873006 ) ) ;
#1449 = CARTESIAN_POINT ( 'NONE',  ( -19.35433474307125223, 33.16649460481770006, 26.22802573427605566 ) ) ;
#1450 = FACE_OUTER_BOUND ( 'NONE', #2758, .T. ) ;
#1451 = ORIENTED_EDGE ( 'NONE', *, *, #516, .F. ) ;
#1452 = LINE ( 'NONE', #1005, #2529 ) ;
#1453 = CARTESIAN_POINT ( 'NONE',  ( 9.795665098641457291, 33.81572219497275711, 25.63562018134218690 ) ) ;
#1454 = LINE ( 'NONE', #2641, #339 ) ;
#1455 = ORIENTED_EDGE ( 'NONE', *, *, #473, .T. ) ;
#1456 = EDGE_CURVE ( 'NONE', #116, #1793, #528, .T. ) ;
#1457 = CARTESIAN_POINT ( 'NONE',  ( 21.89177444591301125, 31.55096687560044444, 2.082515262764669917 ) ) ;
#1458 = CARTESIAN_POINT ( 'NONE',  ( -24.11981488760398307, 29.87977661669108542, 3.522391836905678808 ) ) ;
#1459 = DIRECTION ( 'NONE',  ( -1.000000000000000000, -1.038804297299761123E-16, 0.000000000000000000 ) ) ;
#1460 = VERTEX_POINT ( 'NONE', #1895 ) ;
#1461 = CIRCLE ( 'NONE', #1851, 15.00000000000000000 ) ;
#1462 = CARTESIAN_POINT ( 'NONE',  ( 18.94999999999999929, -1.968534143383047056E-15, 44.00000000000000000 ) ) ;
#1463 = EDGE_CURVE ( 'NONE', #2671, #390, #2572, .T. ) ;
#1464 = FACE_BOUND ( 'NONE', #2629, .T. ) ;
#1465 = FACE_OUTER_BOUND ( 'NONE', #1177, .T. ) ;
#1466 = CARTESIAN_POINT ( 'NONE',  ( -20.94999999999999574, 38.39999999999999858, 30.35000000000000142 ) ) ;
#1467 = CARTESIAN_POINT ( 'NONE',  ( 16.94038105676657580, 27.50000000000000355, 0.000000000000000000 ) ) ;
#1468 = VECTOR ( 'NONE', #1990, 1000.000000000000000 ) ;
#1469 = AXIS2_PLACEMENT_3D ( 'NONE', #2857, #2824, #2808 ) ;
#1470 = FACE_OUTER_BOUND ( 'NONE', #1156, .T. ) ;
#1471 = ORIENTED_EDGE ( 'NONE', *, *, #1157, .F. ) ;
#1472 = CIRCLE ( 'NONE', #2007, 1.649999999999998579 ) ;
#1473 = CARTESIAN_POINT ( 'NONE',  ( 21.89154269158649768, 31.55121818382142251, 26.51803122313120653 ) ) ;
#1474 = CARTESIAN_POINT ( 'NONE',  ( -12.56769804200813390, 32.28672646849388883, 22.05000000000011084 ) ) ;
#1475 = ORIENTED_EDGE ( 'NONE', *, *, #52, .T. ) ;
#1476 = CARTESIAN_POINT ( 'NONE',  ( -1.630077825353195836E-14, 49.56639969244290711, 25.69999999999998863 ) ) ;
#1477 = CARTESIAN_POINT ( 'NONE',  ( 13.52716493984301138, 31.55032196917726495, 6.518809046243615235 ) ) ;
#1478 = DIRECTION ( 'NONE',  ( 0.000000000000000000, 0.000000000000000000, -1.000000000000000000 ) ) ;
#1479 = CARTESIAN_POINT ( 'NONE',  ( 0.000000000000000000, 0.000000000000000000, 44.00000000000000000 ) ) ;
#1480 = FACE_OUTER_BOUND ( 'NONE', #912, .T. ) ;
#1481 = AXIS2_PLACEMENT_3D ( 'NONE', #2432, #2692, #592 ) ;
#1482 = DIRECTION ( 'NONE',  ( 1.000000000000000000, 1.407544320199961943E-16, 1.734723475976811828E-15 ) ) ;
#1483 = CARTESIAN_POINT ( 'NONE',  ( 22.21093516318294547, 31.32476376967910525, 10.93010754920364924 ) ) ;
#1484 = DIRECTION ( 'NONE',  ( 1.314345621908742439E-16, -1.000000000000000000, -0.000000000000000000 ) ) ;
#1485 = ORIENTED_EDGE ( 'NONE', *, *, #2899, .F. ) ;
#1486 = CARTESIAN_POINT ( 'NONE',  ( -29.85000000000000853, 20.00000000000000000, 22.00000000000000000 ) ) ;
#1487 = CARTESIAN_POINT ( 'NONE',  ( 18.94999999999999929, -1.968534143383058100E-15, 26.85000000000000142 ) ) ;
#1488 = AXIS2_PLACEMENT_3D ( 'NONE', #1526, #2468, #1304 ) ;
#1489 = CARTESIAN_POINT ( 'NONE',  ( 14.32813703231172475, 30.83502934523563965, 2.353392311901435274 ) ) ;
#1490 = EDGE_LOOP ( 'NONE', ( #133, #1918, #2851, #1247 ) ) ;
#1491 = CARTESIAN_POINT ( 'NONE',  ( -12.94999999999972573, 32.00000000000020606, 22.05000000000010374 ) ) ;
#1492 = EDGE_CURVE ( 'NONE', #560, #877, #2751, .T. ) ;
#1493 = EDGE_CURVE ( 'NONE', #2219, #2626, #731, .T. ) ;
#1494 = DIRECTION ( 'NONE',  ( 0.000000000000000000, 0.000000000000000000, -1.000000000000000000 ) ) ;
#1495 = DIRECTION ( 'NONE',  ( -0.000000000000000000, -1.000000000000000000, -0.000000000000000000 ) ) ;
#1496 = DIRECTION ( 'NONE',  ( -0.000000000000000000, -0.000000000000000000, -1.000000000000000000 ) ) ;
#1497 = ADVANCED_FACE ( 'NONE', ( #962 ), #1440, .F. ) ;
#1498 = CARTESIAN_POINT ( 'NONE',  ( -6.393579735175531904E-15, 49.56639969244290711, 25.69999999999999218 ) ) ;
#1499 = EDGE_LOOP ( 'NONE', ( #2434, #214, #93, #2119 ) ) ;
#1500 = CARTESIAN_POINT ( 'NONE',  ( 24.11613219123104912, 29.88275103963260548, 23.51463041295361123 ) ) ;
#1501 = CARTESIAN_POINT ( 'NONE',  ( -25.94999999999999929, 20.00000000000000000, 24.00000000000000355 ) ) ;
#1502 = CARTESIAN_POINT ( 'NONE',  ( 12.57121858920563007, 32.28408605809576670, 26.55000000000011084 ) ) ;
#1503 = LINE ( 'NONE', #2912, #2112 ) ;
#1504 = ORIENTED_EDGE ( 'NONE', *, *, #2484, .T. ) ;
#1505 = DIRECTION ( 'NONE',  ( -1.000000000000000000, -1.407544320199961943E-16, -3.469446951953623655E-15 ) ) ;
#1506 = LINE ( 'NONE', #185, #254 ) ;
#1507 = LINE ( 'NONE', #796, #605 ) ;
#1508 = DIRECTION ( 'NONE',  ( -0.000000000000000000, -0.000000000000000000, 1.000000000000000000 ) ) ;
#1509 = ORIENTED_EDGE ( 'NONE', *, *, #1708, .F. ) ;
#1510 = CARTESIAN_POINT ( 'NONE',  ( 14.67277876823218818, 30.49039426248316431, 25.97481318716245724 ) ) ;
#1511 = CARTESIAN_POINT ( 'NONE',  ( 20.94999999999998508, 32.18163296043257304, 13.65000000000000213 ) ) ;
#1512 = VERTEX_POINT ( 'NONE', #1173 ) ;
#1513 = EDGE_LOOP ( 'NONE', ( #1378, #2704, #2731, #713, #2798, #1393 ) ) ;
#1514 = VECTOR ( 'NONE', #2754, 1000.000000000000000 ) ;
#1515 = DIRECTION ( 'NONE',  ( 1.000000000000000000, -0.000000000000000000, -0.000000000000000000 ) ) ;
#1516 = CARTESIAN_POINT ( 'NONE',  ( -22.85374938244876120, 30.86098659573990588, 6.260117763711894767 ) ) ;
#1517 = ORIENTED_EDGE ( 'NONE', *, *, #317, .F. ) ;
#1518 = DIRECTION ( 'NONE',  ( 0.000000000000000000, 1.000000000000000000, 0.000000000000000000 ) ) ;
#1519 = CARTESIAN_POINT ( 'NONE',  ( 20.94999999999998508, 27.50000000000000355, 12.00000000000000355 ) ) ;
#1520 = DIRECTION ( 'NONE',  ( 0.000000000000000000, -1.000000000000000000, -1.734723475976807094E-16 ) ) ;
#1521 = EDGE_CURVE ( 'NONE', #1360, #211, #2365, .T. ) ;
#1522 = DIRECTION ( 'NONE',  ( -0.000000000000000000, -1.000000000000000000, -0.000000000000000000 ) ) ;
#1523 = DIRECTION ( 'NONE',  ( 0.000000000000000000, -0.000000000000000000, -1.000000000000000000 ) ) ;
#1524 = ADVANCED_FACE ( 'NONE', ( #748 ), #1409, .T. ) ;
#1525 = LINE ( 'NONE', #374, #1183 ) ;
#1526 = CARTESIAN_POINT ( 'NONE',  ( -20.94999999999999218, 27.50000000000000355, 11.99999999999999822 ) ) ;
#1527 = CARTESIAN_POINT ( 'NONE',  ( 20.94999999999997797, 49.56639969244290711, 26.85000000000000497 ) ) ;
#1528 = ADVANCED_FACE ( 'NONE', ( #978 ), #1945, .F. ) ;
#1529 = ORIENTED_EDGE ( 'NONE', *, *, #1373, .T. ) ;
#1530 = EDGE_CURVE ( 'NONE', #25, #2161, #646, .T. ) ;
#1531 = CARTESIAN_POINT ( 'NONE',  ( -20.75142681544003409, 32.31090260382345036, 30.35000000000000853 ) ) ;
#1532 = DIRECTION ( 'NONE',  ( 0.000000000000000000, -1.000000000000000000, 0.000000000000000000 ) ) ;
#1533 = VECTOR ( 'NONE', #2655, 1000.000000000000000 ) ;
#1534 = ORIENTED_EDGE ( 'NONE', *, *, #1756, .F. ) ;
#1535 = CARTESIAN_POINT ( 'NONE',  ( 0.000000000000000000, 27.50000000000000355, 0.000000000000000000 ) ) ;
#1536 = DIRECTION ( 'NONE',  ( -1.000000000000000000, -1.452867232811396221E-16, 0.000000000000000000 ) ) ;
#1537 = ORIENTED_EDGE ( 'NONE', *, *, #2236, .T. ) ;
#1538 = CARTESIAN_POINT ( 'NONE',  ( -21.04983975812274721, 32.11663803195138200, 33.65000000000000568 ) ) ;
#1539 = DIRECTION ( 'NONE',  ( 1.000000000000000000, 0.000000000000000000, 0.000000000000000000 ) ) ;
#1540 = CARTESIAN_POINT ( 'NONE',  ( -20.27280100765579007, 32.61266680788958894, 10.49196780411899610 ) ) ;
#1541 = ORIENTED_EDGE ( 'NONE', *, *, #1492, .F. ) ;
#1542 = AXIS2_PLACEMENT_3D ( 'NONE', #2096, #53, #751 ) ;
#1543 = EDGE_LOOP ( 'NONE', ( #1403, #583, #2805, #988 ) ) ;
#1544 = CARTESIAN_POINT ( 'NONE',  ( 13.52907036400756446, 31.54855583253675988, 22.08202640268344652 ) ) ;
#1545 = CARTESIAN_POINT ( 'NONE',  ( -10.98452991120827171, 33.25558720381537370, 2.415468212789328994 ) ) ;
#1546 = ORIENTED_EDGE ( 'NONE', *, *, #1977, .T. ) ;
#1547 = CARTESIAN_POINT ( 'NONE',  ( 24.27190268004148166, 29.75626281668936812, 4.495591523324630856 ) ) ;
#1548 = CARTESIAN_POINT ( 'NONE',  ( -18.94999999999999929, 20.00000000000000355, 17.14999999999999503 ) ) ;
#1549 = ORIENTED_EDGE ( 'NONE', *, *, #2314, .T. ) ;
#1550 = CARTESIAN_POINT ( 'NONE',  ( 21.22639865827422767, 32.00000000000021316, 6.550000000000091305 ) ) ;
#1551 = ORIENTED_EDGE ( 'NONE', *, *, #594, .F. ) ;
#1552 = CARTESIAN_POINT ( 'NONE',  ( 29.84999999999999787, 0.000000000000000000, 44.00000000000000000 ) ) ;
#1553 = EDGE_CURVE ( 'NONE', #1207, #1596, #2686, .T. ) ;
#1554 = CARTESIAN_POINT ( 'NONE',  ( 17.35954557730592995, 34.25209776150894925, 24.09293786581180896 ) ) ;
#1555 = CARTESIAN_POINT ( 'NONE',  ( 19.67871382322728024, 32.97487556025813404, 33.07346609482143407 ) ) ;
#1556 = AXIS2_PLACEMENT_3D ( 'NONE', #1600, #449, #2309 ) ;
#1557 = EDGE_CURVE ( 'NONE', #1195, #443, #1816, .T. ) ;
#1558 = ORIENTED_EDGE ( 'NONE', *, *, #2213, .T. ) ;
#1559 = DIRECTION ( 'NONE',  ( 0.000000000000000000, -1.734723475976807094E-16, 1.000000000000000000 ) ) ;
#1560 = CARTESIAN_POINT ( 'NONE',  ( -3.614408734817784694E-14, 49.56639969244290711, 17.15000000000003055 ) ) ;
#1561 = ORIENTED_EDGE ( 'NONE', *, *, #204, .F. ) ;
#1562 = CARTESIAN_POINT ( 'NONE',  ( -19.75271067622537657, 32.93021523379091064, 33.14049288518502578 ) ) ;
#1563 = CARTESIAN_POINT ( 'NONE',  ( -12.76042224419300553, 32.14218331685523822, 26.55000000000010729 ) ) ;
#1564 = AXIS2_PLACEMENT_3D ( 'NONE', #675, #2086, #1846 ) ;
#1565 = DIRECTION ( 'NONE',  ( 1.000000000000000000, 0.000000000000000000, 0.000000000000000000 ) ) ;
#1566 = LINE ( 'NONE', #2476, #402 ) ;
#1567 = ORIENTED_EDGE ( 'NONE', *, *, #594, .T. ) ;
#1568 = DIRECTION ( 'NONE',  ( -0.000000000000000000, 0.000000000000000000, -1.000000000000000000 ) ) ;
#1569 = ADVANCED_FACE ( 'NONE', ( #2423 ), #337, .F. ) ;
#1570 = CARTESIAN_POINT ( 'NONE',  ( 19.72807939896435414, 32.94780024627097959, 26.35512931640779044 ) ) ;
#1571 = CARTESIAN_POINT ( 'NONE',  ( 20.26717679316871923, 32.61616419444514037, 30.49446259790968483 ) ) ;
#1572 = CARTESIAN_POINT ( 'NONE',  ( -14.07020220124801213, 31.07302690341737872, 2.245411813910734633 ) ) ;
#1573 = EDGE_LOOP ( 'NONE', ( #2551, #286, #1001, #2115, #250, #2026, #917, #2556, #2304, #718, #2638, #1509, #871, #1916, #2644, #633 ) ) ;
#1574 = DIRECTION ( 'NONE',  ( -1.407544320199961943E-16, 1.000000000000000000, -0.000000000000000000 ) ) ;
#1575 = AXIS2_PLACEMENT_3D ( 'NONE', #1689, #771, #2876 ) ;
#1576 = CARTESIAN_POINT ( 'NONE',  ( 23.82100798534785824, 30.11873097023165258, 5.546381790366043063 ) ) ;
#1577 = LINE ( 'NONE', #430, #2874 ) ;
#1578 = CARTESIAN_POINT ( 'NONE',  ( -23.43235937896488963, 30.42223895138365819, 22.68844882594031276 ) ) ;
#1579 = EDGE_LOOP ( 'NONE', ( #1106, #1123, #1943, #1485, #1294, #267 ) ) ;
#1580 = CIRCLE ( 'NONE', #1058, 5.150000000000002132 ) ;
#1581 = CARTESIAN_POINT ( 'NONE',  ( 3.949999999999995293, 20.00000000000000355, 17.15000000000002700 ) ) ;
#1582 = ORIENTED_EDGE ( 'NONE', *, *, #1240, .T. ) ;
#1583 = DIRECTION ( 'NONE',  ( -1.000000000000000000, 1.038804297299761123E-16, 0.000000000000000000 ) ) ;
#1584 = CARTESIAN_POINT ( 'NONE',  ( 17.42851433948743534, 34.21726893989694673, 23.86875776309895159 ) ) ;
#1585 = CARTESIAN_POINT ( 'NONE',  ( 19.35054570843428579, 33.16818102031628257, 31.53428362369108129 ) ) ;
#1586 = EDGE_CURVE ( 'NONE', #1227, #1406, #2897, .T. ) ;
#1587 = EDGE_CURVE ( 'NONE', #630, #1442, #1979, .T. ) ;
#1588 = LINE ( 'NONE', #643, #707 ) ;
#1589 = ORIENTED_EDGE ( 'NONE', *, *, #2316, .T. ) ;
#1590 = AXIS2_PLACEMENT_3D ( 'NONE', #519, #2778, #1609 ) ;
#1591 = CARTESIAN_POINT ( 'NONE',  ( -9.062412324570521704, 34.10281223200876610, 3.478049783340289025 ) ) ;
#1592 = LINE ( 'NONE', #2084, #1023 ) ;
#1593 = EDGE_CURVE ( 'NONE', #662, #2651, #903, .T. ) ;
#1594 = CARTESIAN_POINT ( 'NONE',  ( 22.54203209814362197, 31.08980217349285624, 6.371860888655131561 ) ) ;
#1595 = CARTESIAN_POINT ( 'NONE',  ( -11.38655457117387293, 33.03499929949972369, 26.31438543427340093 ) ) ;
#1596 = VERTEX_POINT ( 'NONE', #884 ) ;
#1597 = ORIENTED_EDGE ( 'NONE', *, *, #961, .F. ) ;
#1598 = DIRECTION ( 'NONE',  ( 1.000000000000000000, 0.000000000000000000, -1.684197549492045049E-15 ) ) ;
#1599 = EDGE_LOOP ( 'NONE', ( #499, #1147, #2260, #1968 ) ) ;
#1600 = CARTESIAN_POINT ( 'NONE',  ( -29.85000000000000853, 20.00000000000000000, 22.00000000000000000 ) ) ;
#1601 = DIRECTION ( 'NONE',  ( -1.314345621908742439E-16, 1.000000000000000000, 1.734723475976807094E-16 ) ) ;
#1602 = CARTESIAN_POINT ( 'NONE',  ( 20.85634418448178806, 32.24546636831260571, 6.550000000000092193 ) ) ;
#1603 = CARTESIAN_POINT ( 'NONE',  ( -14.77792994628181056, 30.38149282652590344, 5.870913493708816766 ) ) ;
#1604 = ORIENTED_EDGE ( 'NONE', *, *, #466, .T. ) ;
#1605 = SHAPE_DEFINITION_REPRESENTATION ( #1673, #2997 ) ;
#1606 = VERTEX_POINT ( 'NONE', #846 ) ;
#1607 = ORIENTED_EDGE ( 'NONE', *, *, #352, .F. ) ;
#1608 = CARTESIAN_POINT ( 'NONE',  ( -29.85000000000000853, 20.00000000000000000, 19.99999999999999289 ) ) ;
#1609 = DIRECTION ( 'NONE',  ( 1.000000000000000000, 0.000000000000000000, 0.000000000000000000 ) ) ;
#1610 = DIRECTION ( 'NONE',  ( 1.314345621908742439E-16, -1.000000000000000000, -0.000000000000000000 ) ) ;
#1611 = CARTESIAN_POINT ( 'NONE',  ( 20.94999999999998153, 32.18163296043257304, 10.35000000000000497 ) ) ;
#1612 = CARTESIAN_POINT ( 'NONE',  ( -19.16803863211049475, 33.27447000449855352, 2.441112000737819532 ) ) ;
#1613 = ORIENTED_EDGE ( 'NONE', *, *, #1219, .F. ) ;
#1614 = FACE_OUTER_BOUND ( 'NONE', #2762, .T. ) ;
#1615 = B_SPLINE_CURVE_WITH_KNOTS ( 'NONE', 3,
 ( #2709, #2217, #623, #1540, #1315, #2254, #1093, #2019, #866, #1797, #419, #1154, #1347, #1125, #2, #233, #1377, #2513, #941, #2726, #2281, #1389, #2315, #2081 ),
 .UNSPECIFIED., .F., .F.,
 ( 4, 2, 2, 2, 2, 2, 2, 2, 2, 2, 2, 4 ),
 ( 3.469446951953613804E-18, 0.0006987066790713602343, 0.001048060018607033629, 0.001397413358142707241, 0.001746766697678380637, 0.002096120037214053815, 0.002445473376749727427, 0.002794826716285401039, 0.003493533395356753033, 0.003842886734892423609, 0.004192240074428094619, 0.005589653432570764781 ),
 .UNSPECIFIED. ) ;
#1616 = LINE ( 'NONE', #2107, #1071 ) ;
#1617 = CARTESIAN_POINT ( 'NONE',  ( 22.59951710113456613, 31.04547997911658896, 31.87385690782541658 ) ) ;
#1618 = ORIENTED_EDGE ( 'NONE', *, *, #498, .T. ) ;
#1619 = DIRECTION ( 'NONE',  ( -1.000000000000000000, 0.000000000000000000, -1.734723475976807094E-15 ) ) ;
#1620 = AXIS2_PLACEMENT_3D ( 'NONE', #2969, #2535, #2042 ) ;
#1621 = CARTESIAN_POINT ( 'NONE',  ( 20.17493706592462743, 32.67327355438953873, 30.53963130606579668 ) ) ;
#1622 = EDGE_CURVE ( 'NONE', #709, #2219, #1363, .T. ) ;
#1623 = CARTESIAN_POINT ( 'NONE',  ( 21.22639865827422767, 32.00000000000021316, 2.050000000000085976 ) ) ;
#1624 = EDGE_CURVE ( 'NONE', #1049, #2228, #2227, .T. ) ;
#1625 = CARTESIAN_POINT ( 'NONE',  ( -20.94999999999999218, 32.18163296043256594, 10.34999999999999964 ) ) ;
#1626 = ORIENTED_EDGE ( 'NONE', *, *, #2028, .T. ) ;
#1627 = ORIENTED_EDGE ( 'NONE', *, *, #2193, .F. ) ;
#1628 = CARTESIAN_POINT ( 'NONE',  ( -20.85054609183315932, 32.24931238787563359, 2.050000000000085976 ) ) ;
#1629 = CARTESIAN_POINT ( 'NONE',  ( 20.27135874495654022, 32.61356106063133353, 13.50734733013331024 ) ) ;
#1630 = ORIENTED_EDGE ( 'NONE', *, *, #778, .T. ) ;
#1631 = ORIENTED_EDGE ( 'NONE', *, *, #2650, .T. ) ;
#1632 = VECTOR ( 'NONE', #975, 1000.000000000000000 ) ;
#1633 = CARTESIAN_POINT ( 'NONE',  ( 0.000000000000000000, 27.50000000000000355, 0.000000000000000000 ) ) ;
#1634 = EDGE_CURVE ( 'NONE', #2078, #1936, #1131, .T. ) ;
#1635 = EDGE_LOOP ( 'NONE', ( #110, #442, #783, #354 ) ) ;
#1636 = DIRECTION ( 'NONE',  ( 3.854941057726237604E-16, 5.066724901938737373E-32, -1.000000000000000000 ) ) ;
#1637 = ORIENTED_EDGE ( 'NONE', *, *, #1335, .T. ) ;
#1638 = CARTESIAN_POINT ( 'NONE',  ( -17.48911885693997803, 34.18617414695859935, 24.84129811641711427 ) ) ;
#1639 = DIRECTION ( 'NONE',  ( 1.314345621908742439E-16, -1.000000000000000000, -0.000000000000000000 ) ) ;
#1640 = FACE_OUTER_BOUND ( 'NONE', #1992, .T. ) ;
#1641 = CLOSED_SHELL ( 'NONE', ( #367, #2646, #1061, #2809, #2829, #1086, #1437, #2198, #381, #1778, #1947, #89, #1569, #934, #453, #2532, #2934, #2355, #1751, #1690, #2588, #2274, #2102, #2252, #793, #1039, #1795, #2940, #2849, #208, #2737, #1497, #1908, #2104, #159, #617, #510, #719, #1809, #1158, #384, #1524, #2740, #2994, #1395, #735, #2608, #1528, #10, #1152, #2878, #2894, #549, #997, #1660, #2544, #717, #2205, #2361, #2683, #1853, #586, #987, #1432, #74, #1938, #2970, #1677, #1903, #17 ) ) ;
#1642 = CARTESIAN_POINT ( 'NONE',  ( 3.949999999999995293, 20.00000000000000355, 6.850000000000025402 ) ) ;
#1643 = ORIENTED_EDGE ( 'NONE', *, *, #1225, .T. ) ;
#1644 = CARTESIAN_POINT ( 'NONE',  ( -20.94999999999999574, 38.39999999999999858, 33.64999999999999858 ) ) ;
#1645 = CARTESIAN_POINT ( 'NONE',  ( 12.94999999999971507, 32.00000000000021316, 6.550000000000091305 ) ) ;
#1646 = DIRECTION ( 'NONE',  ( 1.000000000000000000, -0.000000000000000000, -0.000000000000000000 ) ) ;
#1647 = EDGE_LOOP ( 'NONE', ( #1349, #938 ) ) ;
#1648 = CARTESIAN_POINT ( 'NONE',  ( 17.89107537430136929, 33.97759721272076661, 5.376153157014327277 ) ) ;
#1649 = AXIS2_PLACEMENT_3D ( 'NONE', #1381, #2785, #2133 ) ;
#1650 = EDGE_CURVE ( 'NONE', #2336, #2884, #320, .T. ) ;
#1651 = PLANE ( 'NONE',  #1417 ) ;
#1652 = VECTOR ( 'NONE', #1879, 1000.000000000000000 ) ;
#1653 = CARTESIAN_POINT ( 'NONE',  ( -29.85000000000000853, -3.851859888774471706E-31, 22.00000000000000000 ) ) ;
#1654 = EDGE_CURVE ( 'NONE', #550, #714, #2275, .T. ) ;
#1655 = VECTOR ( 'NONE', #875, 1000.000000000000000 ) ;
#1656 =( LENGTH_UNIT ( ) NAMED_UNIT ( * ) SI_UNIT ( .MILLI., .METRE. ) );
#1657 = AXIS2_PLACEMENT_3D ( 'NONE', #1103, #888, #2509 ) ;
#1658 = CARTESIAN_POINT ( 'NONE',  ( -18.94999999999999929, 20.00000000000000355, 37.14999999999999858 ) ) ;
#1659 = ORIENTED_EDGE ( 'NONE', *, *, #1557, .T. ) ;
#1660 = ADVANCED_FACE ( 'NONE', ( #1820 ), #379, .F. ) ;
#1661 = CARTESIAN_POINT ( 'NONE',  ( -20.94999999999999218, 32.18163296043256594, 10.34999999999999964 ) ) ;
#1662 = CARTESIAN_POINT ( 'NONE',  ( -6.393579735175531904E-15, 49.56639969244290711, 18.29999999999999716 ) ) ;
#1663 = EDGE_LOOP ( 'NONE', ( #1722, #2786, #2723, #1085 ) ) ;
#1664 = CARTESIAN_POINT ( 'NONE',  ( 8.661920823649268186, 34.24080478145419448, 4.530938120856295548 ) ) ;
#1665 = EDGE_LOOP ( 'NONE', ( #458, #154, #1324, #949, #928 ) ) ;
#1666 = DIRECTION ( 'NONE',  ( -0.000000000000000000, -0.000000000000000000, 1.000000000000000000 ) ) ;
#1667 = CARTESIAN_POINT ( 'NONE',  ( -14.67253319612947493, 30.49063870843916035, 25.97500049403298306 ) ) ;
#1668 = VECTOR ( 'NONE', #200, 1000.000000000000000 ) ;
#1669 = CIRCLE ( 'NONE', #1228, 2.000000000000005329 ) ;
#1670 = CARTESIAN_POINT ( 'NONE',  ( -16.94999999999999929, 27.50000000000000355, 18.29999999999999716 ) ) ;
#1671 = CARTESIAN_POINT ( 'NONE',  ( 18.94999999999999929, -1.968534143383047056E-15, 0.000000000000000000 ) ) ;
#1672 = CYLINDRICAL_SURFACE ( 'NONE', #576, 2.250000000000001776 ) ;
#1673 = PRODUCT_DEFINITION_SHAPE ( 'NONE', 'NONE',  #2844 ) ;
#1674 = AXIS2_PLACEMENT_3D ( 'NONE', #1428, #777, #472 ) ;
#1675 = APPLICATION_CONTEXT ( 'automotive_design' ) ;
#1676 = CARTESIAN_POINT ( 'NONE',  ( -22.40133308870135664, 31.18883993531908772, 12.79320840673790727 ) ) ;
#1677 = ADVANCED_FACE ( 'NONE', ( #2049 ), #1803, .F. ) ;
#1678 = EDGE_LOOP ( 'NONE', ( #533, #2973 ) ) ;
#1679 = CARTESIAN_POINT ( 'NONE',  ( -18.27683827630591296, 33.77212137560611183, 5.693681601469801734 ) ) ;
#1680 = CARTESIAN_POINT ( 'NONE',  ( 12.57121858920562119, 32.28408605809577381, 6.550000000000093081 ) ) ;
#1681 = AXIS2_PLACEMENT_3D ( 'NONE', #1073, #2524, #2261 ) ;
#1682 = LINE ( 'NONE', #2249, #868 ) ;
#1683 = DIRECTION ( 'NONE',  ( 1.000000000000000000, 0.000000000000000000, -0.000000000000000000 ) ) ;
#1684 = VERTEX_POINT ( 'NONE', #2360 ) ;
#1685 = DIRECTION ( 'NONE',  ( 0.000000000000000000, 0.000000000000000000, -1.000000000000000000 ) ) ;
#1686 = VECTOR ( 'NONE', #2450, 1000.000000000000000 ) ;
#1687 = CARTESIAN_POINT ( 'NONE',  ( -18.10778358971353086, 33.86294763338516844, 25.57232175058237900 ) ) ;
#1688 = VERTEX_POINT ( 'NONE', #87 ) ;
#1689 = CARTESIAN_POINT ( 'NONE',  ( 3.949999999999995293, 20.00000000000000355, 37.14999999999995595 ) ) ;
#1690 = ADVANCED_FACE ( 'NONE', ( #970 ), #291, .T. ) ;
#1691 = EDGE_LOOP ( 'NONE', ( #2714, #2458 ) ) ;
#1692 = EDGE_LOOP ( 'NONE', ( #1774, #1549, #2140, #553 ) ) ;
#1693 = PLANE ( 'NONE',  #2667 ) ;
#1694 = CARTESIAN_POINT ( 'NONE',  ( 20.94999999999998508, 49.56639969244290711, 12.00000000000000355 ) ) ;
#1695 = CARTESIAN_POINT ( 'NONE',  ( 24.24275385733972499, 29.78011966016983436, 23.88565735764977660 ) ) ;
#1696 = DIRECTION ( 'NONE',  ( -0.000000000000000000, -1.000000000000000000, -0.000000000000000000 ) ) ;
#1697 = ORIENTED_EDGE ( 'NONE', *, *, #2569, .F. ) ;
#1698 = CARTESIAN_POINT ( 'NONE',  ( -29.85000000000000853, 2.449293598294712331E-16, 19.99999999999998934 ) ) ;
#1699 = CARTESIAN_POINT ( 'NONE',  ( 17.35954557730594061, 34.25209776150894214, 4.092937865811782316 ) ) ;
#1700 = CARTESIAN_POINT ( 'NONE',  ( -25.94999999999999574, -3.851859888774471706E-31, 22.00000000000000000 ) ) ;
#1701 = ORIENTED_EDGE ( 'NONE', *, *, #840, .F. ) ;
#1702 = DIRECTION ( 'NONE',  ( 1.000000000000000000, 0.000000000000000000, 0.000000000000000000 ) ) ;
#1703 = DIRECTION ( 'NONE',  ( -1.038804297299761123E-16, 1.000000000000000000, 0.000000000000000000 ) ) ;
#1704 = DIRECTION ( 'NONE',  ( -1.314345621908742439E-16, 1.000000000000000000, 0.000000000000000000 ) ) ;
#1705 = ORIENTED_EDGE ( 'NONE', *, *, #2498, .T. ) ;
#1706 = CARTESIAN_POINT ( 'NONE',  ( -6.393579735175531904E-15, 49.56639969244290711, 37.14999999999999858 ) ) ;
#1707 = CARTESIAN_POINT ( 'NONE',  ( 20.94999999999998508, 38.39999999999999858, 13.65000000000000213 ) ) ;
#1708 = EDGE_CURVE ( 'NONE', #1870, #1424, #1385, .T. ) ;
#1709 = CARTESIAN_POINT ( 'NONE',  ( 15.05339744238691324, 30.08593274918254323, 3.104798743343509582 ) ) ;
#1710 = CARTESIAN_POINT ( 'NONE',  ( -14.32492490878524727, 30.83472890916140230, 22.37055577404755979 ) ) ;
#1711 = CARTESIAN_POINT ( 'NONE',  ( 21.75076026779484906, 31.64824817881570951, 13.50421434754049343 ) ) ;
#1712 = LINE ( 'NONE', #841, #2065 ) ;
#1713 = DIRECTION ( 'NONE',  ( 1.000000000000000000, 1.314345621908742439E-16, -0.000000000000000000 ) ) ;
#1714 = VECTOR ( 'NONE', #703, 1000.000000000000000 ) ;
#1715 = CARTESIAN_POINT ( 'NONE',  ( -25.95000000000000284, 49.56639969244290711, 25.69999999999999218 ) ) ;
#1716 = DIRECTION ( 'NONE',  ( 1.314345621908742439E-16, -1.000000000000000000, -0.000000000000000000 ) ) ;
#1717 = EDGE_LOOP ( 'NONE', ( #1043, #311, #386, #1845 ) ) ;
#1718 = VECTOR ( 'NONE', #1983, 1000.000000000000000 ) ;
#1719 = CARTESIAN_POINT ( 'NONE',  ( 22.37086107890446129, 31.21126238046691981, 22.18943484009554368 ) ) ;
#1720 = CARTESIAN_POINT ( 'NONE',  ( -21.56290264557217640, 31.77678850673505551, 6.550000000000092193 ) ) ;
#1721 = CARTESIAN_POINT ( 'NONE',  ( 20.94999999999998153, 32.18163296043257304, 10.35000000000000497 ) ) ;
#1722 = ORIENTED_EDGE ( 'NONE', *, *, #1760, .T. ) ;
#1723 = CARTESIAN_POINT ( 'NONE',  ( -14.07020220124802101, 31.07302690341738582, 22.24541181391075284 ) ) ;
#1724 = B_SPLINE_CURVE_WITH_KNOTS ( 'NONE', 3,
 ( #2296, #892, #1844, #2782, #704, #1812, #641, #1555, #2755, #1362, #1165, #908, #670, #218, #1585, #1829, #655, #2770, #2534, #1621, #1571, #2565, #191, #1108 ),
 .UNSPECIFIED., .F., .F.,
 ( 4, 2, 2, 2, 2, 2, 2, 2, 2, 2, 2, 4 ),
 ( 0.005688451437249477695, 0.006386205002001534188, 0.006735081784377558098, 0.007083958566753582875, 0.007781712131505618552, 0.008130588913881638125, 0.008479465696257657698, 0.009177219261009696843, 0.009874972825761727316, 0.01022384960813774168, 0.01057272639051375779, 0.01127047995526579693 ),
 .UNSPECIFIED. ) ;
#1725 = AXIS2_PLACEMENT_3D ( 'NONE', #1010, #2191, #1045 ) ;
#1726 = EDGE_CURVE ( 'NONE', #144, #41, #522, .T. ) ;
#1727 = DIRECTION ( 'NONE',  ( 0.000000000000000000, 0.000000000000000000, -1.000000000000000000 ) ) ;
#1728 = CYLINDRICAL_SURFACE ( 'NONE', #1110, 2.250000000000002220 ) ;
#1729 = ORIENTED_EDGE ( 'NONE', *, *, #1119, .F. ) ;
#1730 = CARTESIAN_POINT ( 'NONE',  ( -14.67253319612946072, 30.49063870843916035, 5.975000494032966181 ) ) ;
#1731 = FACE_OUTER_BOUND ( 'NONE', #400, .T. ) ;
#1732 = AXIS2_PLACEMENT_3D ( 'NONE', #596, #2453, #153 ) ;
#1733 = ORIENTED_EDGE ( 'NONE', *, *, #694, .T. ) ;
#1734 = CARTESIAN_POINT ( 'NONE',  ( 22.37086107890444708, 31.21126238046692691, 2.189434840095514812 ) ) ;
#1735 = CARTESIAN_POINT ( 'NONE',  ( -24.24525790631536637, 29.77807966362946601, 4.704026705061489899 ) ) ;
#1736 = CARTESIAN_POINT ( 'NONE',  ( 18.94999999999999929, -1.968534143383040351E-15, 17.15000000000000213 ) ) ;
#1737 = ORIENTED_EDGE ( 'NONE', *, *, #19, .T. ) ;
#1738 = CARTESIAN_POINT ( 'NONE',  ( -14.96913605697303140, 30.17831522339094974, 25.62996212351117009 ) ) ;
#1739 = DIRECTION ( 'NONE',  ( 0.000000000000000000, 0.000000000000000000, -1.000000000000000000 ) ) ;
#1740 = CARTESIAN_POINT ( 'NONE',  ( -18.94999999999999929, 20.00000000000000355, 0.000000000000000000 ) ) ;
#1741 = CARTESIAN_POINT ( 'NONE',  ( 21.22639865827423833, 32.00000000000020606, 22.05000000000010374 ) ) ;
#1742 = CARTESIAN_POINT ( 'NONE',  ( 14.66954113377992108, 30.49368072577918554, 22.62235678001346884 ) ) ;
#1743 = DIRECTION ( 'NONE',  ( 1.000000000000000000, -0.000000000000000000, -0.000000000000000000 ) ) ;
#1744 = VECTOR ( 'NONE', #295, 1000.000000000000000 ) ;
#1745 = CARTESIAN_POINT ( 'NONE',  ( 24.28001388883576439, 29.74963740814333590, 4.392691123010686205 ) ) ;
#1746 = CARTESIAN_POINT ( 'NONE',  ( -9.806143326958515871, 33.81124319557398650, 22.95849987160938355 ) ) ;
#1747 = EDGE_CURVE ( 'NONE', #667, #1027, #417, .T. ) ;
#1748 = VECTOR ( 'NONE', #1520, 1000.000000000000000 ) ;
#1749 = DIRECTION ( 'NONE',  ( -1.038804297299761123E-16, -1.000000000000000000, -9.071254238542039143E-32 ) ) ;
#1750 = CARTESIAN_POINT ( 'NONE',  ( -18.95000000000000284, -13.00000000000000178, 18.29999999999999716 ) ) ;
#1751 = ADVANCED_FACE ( 'NONE', ( #1887 ), #536, .T. ) ;
#1752 = VERTEX_POINT ( 'NONE', #2828 ) ;
#1753 = CARTESIAN_POINT ( 'NONE',  ( -13.24585835921920740, 31.77810623058561390, 22.05000000000010729 ) ) ;
#1754 = DIRECTION ( 'NONE',  ( -1.000000000000000000, 0.000000000000000000, -3.854941057726237604E-16 ) ) ;
#1755 = CARTESIAN_POINT ( 'NONE',  ( 25.94999999999999929, 2.449293598294712331E-16, 19.99999999999998934 ) ) ;
#1756 = EDGE_CURVE ( 'NONE', #2847, #1374, #1435, .T. ) ;
#1757 = LINE ( 'NONE', #1715, #1468 ) ;
#1758 = LINE ( 'NONE', #1097, #1012 ) ;
#1759 = ORIENTED_EDGE ( 'NONE', *, *, #1521, .F. ) ;
#1760 = EDGE_CURVE ( 'NONE', #870, #2516, #2215, .T. ) ;
#1761 = AXIS2_PLACEMENT_3D ( 'NONE', #1092, #2948, #1346 ) ;
#1762 = CARTESIAN_POINT ( 'NONE',  ( -20.55710910345515785, 32.43478462056400957, 30.38470589068278827 ) ) ;
#1763 = EDGE_CURVE ( 'NONE', #1113, #464, #1199, .T. ) ;
#1764 = CARTESIAN_POINT ( 'NONE',  ( -23.43235937896487542, 30.42223895138365819, 2.688448825940289222 ) ) ;
#1765 = ORIENTED_EDGE ( 'NONE', *, *, #2569, .T. ) ;
#1766 = DIRECTION ( 'NONE',  ( -0.000000000000000000, -1.000000000000000000, -0.000000000000000000 ) ) ;
#1767 = CARTESIAN_POINT ( 'NONE',  ( -20.94999999999999218, 38.39999999999999858, 11.99999999999999822 ) ) ;
#1768 = ORIENTED_EDGE ( 'NONE', *, *, #1317, .T. ) ;
#1769 = SURFACE_STYLE_FILL_AREA ( #353 ) ;
#1770 = DIRECTION ( 'NONE',  ( 1.314345621908742439E-16, -1.000000000000000000, -0.000000000000000000 ) ) ;
#1771 = EDGE_LOOP ( 'NONE', ( #2744, #2677, #1416, #2689 ) ) ;
#1772 = CARTESIAN_POINT ( 'NONE',  ( -14.07472019020210219, 31.07343461770043547, 6.365500306088105020 ) ) ;
#1773 = CARTESIAN_POINT ( 'NONE',  ( 18.94999999999999929, -12.99999999999999467, 37.15000000000000568 ) ) ;
#1774 = ORIENTED_EDGE ( 'NONE', *, *, #559, .T. ) ;
#1775 = DIRECTION ( 'NONE',  ( 1.000000000000000000, -0.000000000000000000, -0.000000000000000000 ) ) ;
#1776 = VERTEX_POINT ( 'NONE', #548 ) ;
#1777 = DIRECTION ( 'NONE',  ( -1.038804297299761123E-16, -1.000000000000000000, 0.000000000000000000 ) ) ;
#1778 = ADVANCED_FACE ( 'NONE', ( #958 ), #986, .F. ) ;
#1779 = EDGE_LOOP ( 'NONE', ( #2060, #1186, #1589, #2553, #906, #230, #856, #1188, #1471, #620, #801, #412, #1401, #27, #564, #2363 ) ) ;
#1780 = CARTESIAN_POINT ( 'NONE',  ( -20.94999999999999574, 38.39999999999999858, 32.00000000000000000 ) ) ;
#1781 = CARTESIAN_POINT ( 'NONE',  ( -21.34804032549962116, 31.91980022331066635, 30.38591991620590349 ) ) ;
#1782 = FACE_OUTER_BOUND ( 'NONE', #649, .T. ) ;
#1783 = FACE_OUTER_BOUND ( 'NONE', #1143, .T. ) ;
#1784 = ORIENTED_EDGE ( 'NONE', *, *, #19, .F. ) ;
#1785 = CARTESIAN_POINT ( 'NONE',  ( -15.32999692315974194, 29.77236158450431702, 3.934755620332671455 ) ) ;
#1786 = CARTESIAN_POINT ( 'NONE',  ( -8.764200770508509208, 34.20655623412783086, 4.753251780262163884 ) ) ;
#1787 = VERTEX_POINT ( 'NONE', #2175 ) ;
#1788 = CARTESIAN_POINT ( 'NONE',  ( -23.43424176312041496, 30.42078340170461104, 25.91004507365932596 ) ) ;
#1789 = DIRECTION ( 'NONE',  ( -1.000000000000000000, -1.407544320199961943E-16, 0.000000000000000000 ) ) ;
#1790 = AXIS2_PLACEMENT_3D ( 'NONE', #1535, #1270, #416 ) ;
#1791 = CARTESIAN_POINT ( 'NONE',  ( -8.633920729714255060, 34.24994339042559233, 24.17892160245365574 ) ) ;
#1792 = CARTESIAN_POINT ( 'NONE',  ( 29.84999999999999787, 0.000000000000000000, 44.00000000000000000 ) ) ;
#1793 = VERTEX_POINT ( 'NONE', #2846 ) ;
#1794 = DIRECTION ( 'NONE',  ( -1.314345621908742439E-16, 1.000000000000000000, 1.734723475976807094E-16 ) ) ;
#1795 = ADVANCED_FACE ( 'NONE', ( #1450 ), #2116, .F. ) ;
#1796 = FACE_OUTER_BOUND ( 'NONE', #2606, .T. ) ;
#1797 = CARTESIAN_POINT ( 'NONE',  ( -19.55414373415771578, 33.04846895236246951, 11.11320453699065425 ) ) ;
#1798 = CARTESIAN_POINT ( 'NONE',  ( 29.84999999999999787, 24.15652085876606137, 0.000000000000000000 ) ) ;
#1799 = ORIENTED_EDGE ( 'NONE', *, *, #1354, .T. ) ;
#1800 = CARTESIAN_POINT ( 'NONE',  ( 3.949999999999995293, 20.00000000000000355, 0.000000000000000000 ) ) ;
#1801 = ORIENTED_EDGE ( 'NONE', *, *, #463, .T. ) ;
#1802 = CARTESIAN_POINT ( 'NONE',  ( 8.768776123711008452, 34.20500961217130254, 23.83919789124490052 ) ) ;
#1803 = CYLINDRICAL_SURFACE ( 'NONE', #772, 2.250000000000001776 ) ;
#1804 = FACE_OUTER_BOUND ( 'NONE', #1771, .T. ) ;
#1805 = VECTOR ( 'NONE', #1494, 1000.000000000000000 ) ;
#1806 = CARTESIAN_POINT ( 'NONE',  ( 1.888727402654815038E-15, -12.99999999999999822, 44.00000000000000000 ) ) ;
#1807 = CARTESIAN_POINT ( 'NONE',  ( -21.90579791886253602, 31.53939141884962183, 30.63812250965257888 ) ) ;
#1808 = ORIENTED_EDGE ( 'NONE', *, *, #1965, .T. ) ;
#1809 = ADVANCED_FACE ( 'NONE', ( #105 ), #1369, .F. ) ;
#1810 = CARTESIAN_POINT ( 'NONE',  ( 9.335048261783155610, 34.00039437682129773, 23.26732933421039462 ) ) ;
#1811 = DIRECTION ( 'NONE',  ( 1.038804297299761123E-16, -1.000000000000000000, 0.000000000000000000 ) ) ;
#1812 = CARTESIAN_POINT ( 'NONE',  ( 20.00245559826774056, 32.77914874603788320, 33.35478439247074078 ) ) ;
#1813 = DIRECTION ( 'NONE',  ( 1.000000000000000000, 0.000000000000000000, 0.000000000000000000 ) ) ;
#1814 = CARTESIAN_POINT ( 'NONE',  ( -3.949999999999995293, 20.00000000000000355, 17.15000000000002345 ) ) ;
#1815 = VERTEX_POINT ( 'NONE', #741 ) ;
#1816 = CIRCLE ( 'NONE', #2209, 2.000000000000005329 ) ;
#1817 = DIRECTION ( 'NONE',  ( 1.000000000000000000, 0.000000000000000000, 0.000000000000000000 ) ) ;
#1818 = ORIENTED_EDGE ( 'NONE', *, *, #1157, .T. ) ;
#1819 = AXIS2_PLACEMENT_3D ( 'NONE', #2145, #223, #1702 ) ;
#1820 = FACE_OUTER_BOUND ( 'NONE', #1316, .T. ) ;
#1821 = CARTESIAN_POINT ( 'NONE',  ( -12.94999999999972573, 32.00000000000020606, 26.55000000000010729 ) ) ;
#1822 = CARTESIAN_POINT ( 'NONE',  ( -24.27977433782711358, 29.74983291002931907, 24.09738751738146689 ) ) ;
#1823 = VECTOR ( 'NONE', #2530, 1000.000000000000000 ) ;
#1824 = FACE_OUTER_BOUND ( 'NONE', #3000, .T. ) ;
#1825 = CYLINDRICAL_SURFACE ( 'NONE', #1556, 2.000000000000005329 ) ;
#1826 = DIRECTION ( 'NONE',  ( -1.000000000000000000, 0.000000000000000000, -3.854941057726237604E-16 ) ) ;
#1827 = B_SPLINE_CURVE_WITH_KNOTS ( 'NONE', 3,
 ( #855, #207, #611, #629, #1545, #2918, #1319, #407, #2045, #2485, #1591, #375, #393, #2537, #677, #660, #2759, #1786, #2242, #2954, #2257, #1350, #2519, #2745, #181, #2300, #1070, #869, #2729, #441, #2502, #1336 ),
 .UNSPECIFIED., .F., .F.,
 ( 4, 2, 2, 2, 2, 2, 2, 2, 2, 2, 2, 2, 2, 2, 2, 4 ),
 ( 0.000000000000000000, 0.001414154325529905264, 0.002828308651059810528, 0.003535385813824763485, 0.004242462976589716009, 0.004949540139354668966, 0.005303078720737144577, 0.005656617302119622791, 0.006010155883502098402, 0.006363694464884572279, 0.007070771627649524368, 0.007777848790414474724, 0.008484925953179426814, 0.009899080278709320585, 0.01060615744147426487, 0.01131323460423921262 ),
 .UNSPECIFIED. ) ;
#1828 = CARTESIAN_POINT ( 'NONE',  ( 18.79374256769012064, 33.48730187273495318, 22.60655144294269547 ) ) ;
#1829 = CARTESIAN_POINT ( 'NONE',  ( 19.53829705410617379, 33.05793096423579414, 31.11555635197885650 ) ) ;
#1830 = EDGE_LOOP ( 'NONE', ( #2323, #1451, #300, #1626, #1582, #2017 ) ) ;
#1831 = CARTESIAN_POINT ( 'NONE',  ( -14.98514819414857691, 30.16223545667870098, 2.956826482219128582 ) ) ;
#1832 = FACE_OUTER_BOUND ( 'NONE', #1367, .T. ) ;
#1833 = VERTEX_POINT ( 'NONE', #2160 ) ;
#1834 = ORIENTED_EDGE ( 'NONE', *, *, #491, .F. ) ;
#1835 = LINE ( 'NONE', #1339, #212 ) ;
#1836 = CARTESIAN_POINT ( 'NONE',  ( -23.69701824648825195, 30.21654207724060015, 22.91952727267403134 ) ) ;
#1837 = CARTESIAN_POINT ( 'NONE',  ( -29.85000000000000853, 20.00000000000000000, 24.00000000000000355 ) ) ;
#1838 = FACE_OUTER_BOUND ( 'NONE', #1543, .T. ) ;
#1839 = EDGE_CURVE ( 'NONE', #644, #1406, #999, .T. ) ;
#1840 = CARTESIAN_POINT ( 'NONE',  ( 11.97898340074330115, 32.67239785305896760, 22.14889218517271630 ) ) ;
#1841 = VECTOR ( 'NONE', #1696, 1000.000000000000000 ) ;
#1842 = PLANE ( 'NONE',  #1542 ) ;
#1843 = CARTESIAN_POINT ( 'NONE',  ( -18.94999999999999929, -1.968534143383047056E-15, 0.000000000000000000 ) ) ;
#1844 = CARTESIAN_POINT ( 'NONE',  ( 20.55400522724360712, 32.43674260476009863, 33.61440015076014731 ) ) ;
#1845 = ORIENTED_EDGE ( 'NONE', *, *, #334, .F. ) ;
#1846 = DIRECTION ( 'NONE',  ( -1.000000000000000000, 0.000000000000000000, -4.625929269271484928E-16 ) ) ;
#1847 = ORIENTED_EDGE ( 'NONE', *, *, #66, .T. ) ;
#1848 = ORIENTED_EDGE ( 'NONE', *, *, #1747, .T. ) ;
#1849 = DIRECTION ( 'NONE',  ( -1.314345621908742439E-16, 1.000000000000000000, 0.000000000000000000 ) ) ;
#1850 = EDGE_CURVE ( 'NONE', #709, #2963, #2636, .T. ) ;
#1851 = AXIS2_PLACEMENT_3D ( 'NONE', #514, #2139, #49 ) ;
#1852 = CARTESIAN_POINT ( 'NONE',  ( -21.15150394919008647, 32.05045541140258081, 10.34999999999999787 ) ) ;
#1853 = ADVANCED_FACE ( 'NONE', ( #42 ), #1876, .F. ) ;
#1854 = ORIENTED_EDGE ( 'NONE', *, *, #1212, .F. ) ;
#1855 = AXIS2_PLACEMENT_3D ( 'NONE', #2901, #1964, #1997 ) ;
#1856 = CARTESIAN_POINT ( 'NONE',  ( -19.72614865131965090, 32.94670995872419184, 6.344928641579412165 ) ) ;
#1857 = CARTESIAN_POINT ( 'NONE',  ( 9.324032933155020686, 34.00462856001401946, 5.324471125367426616 ) ) ;
#1858 = CARTESIAN_POINT ( 'NONE',  ( -6.393579735175531904E-15, 27.50000000000000355, 37.14999999999999858 ) ) ;
#1859 = DIRECTION ( 'NONE',  ( -3.469446951953623655E-15, -4.560052411744876335E-31, 1.000000000000000000 ) ) ;
#1860 = ORIENTED_EDGE ( 'NONE', *, *, #1492, .T. ) ;
#1861 = CARTESIAN_POINT ( 'NONE',  ( -21.22639865827423833, 32.00000000000020606, 22.05000000000010374 ) ) ;
#1862 = ORIENTED_EDGE ( 'NONE', *, *, #1650, .T. ) ;
#1863 = LINE ( 'NONE', #2593, #1632 ) ;
#1864 = ORIENTED_EDGE ( 'NONE', *, *, #785, .T. ) ;
#1865 = LINE ( 'NONE', #936, #2903 ) ;
#1866 = VERTEX_POINT ( 'NONE', #2128 ) ;
#1867 = CARTESIAN_POINT ( 'NONE',  ( 8.988004627060043106, 34.12886904450222403, 3.565856677045005974 ) ) ;
#1868 = EDGE_CURVE ( 'NONE', #2699, #238, #188, .T. ) ;
#1869 = ORIENTED_EDGE ( 'NONE', *, *, #2620, .F. ) ;
#1870 = VERTEX_POINT ( 'NONE', #332 ) ;
#1871 = VECTOR ( 'NONE', #162, 1000.000000000000000 ) ;
#1872 = FACE_OUTER_BOUND ( 'NONE', #31, .T. ) ;
#1873 = ORIENTED_EDGE ( 'NONE', *, *, #293, .F. ) ;
#1874 = CARTESIAN_POINT ( 'NONE',  ( -14.32909229583604471, 30.83417360609091773, 26.24641759988875478 ) ) ;
#1875 = CARTESIAN_POINT ( 'NONE',  ( -17.66264731786122866, 34.09687516383260686, 25.12071623422848532 ) ) ;
#1876 = CYLINDRICAL_SURFACE ( 'NONE', #569, 2.000000000000005329 ) ;
#1877 = VECTOR ( 'NONE', #2331, 1000.000000000000000 ) ;
#1878 = EDGE_CURVE ( 'NONE', #2543, #206, #1052, .T. ) ;
#1879 = DIRECTION ( 'NONE',  ( 1.000000000000000000, -0.000000000000000000, -0.000000000000000000 ) ) ;
#1880 = CARTESIAN_POINT ( 'NONE',  ( 1.074194947409085855E-14, -12.99999999999999822, 6.850000000000030731 ) ) ;
#1881 = CARTESIAN_POINT ( 'NONE',  ( 8.977844664883070536, 34.13248387026603581, 5.023661000624262130 ) ) ;
#1882 = EDGE_LOOP ( 'NONE', ( #326, #2134, #2594, #1006 ) ) ;
#1883 = DIRECTION ( 'NONE',  ( 1.000000000000000000, 0.000000000000000000, 0.000000000000000000 ) ) ;
#1884 = CARTESIAN_POINT ( 'NONE',  ( 19.34631869474259958, 33.17118136345975898, 2.374752939065582158 ) ) ;
#1885 = CARTESIAN_POINT ( 'NONE',  ( -19.16816747298291901, 33.27439975509112458, 26.15896473242035469 ) ) ;
#1886 = EDGE_CURVE ( 'NONE', #111, #225, #1988, .T. ) ;
#1887 = FACE_OUTER_BOUND ( 'NONE', #1327, .T. ) ;
#1888 = AXIS2_PLACEMENT_3D ( 'NONE', #1552, #413, #1568 ) ;
#1889 = ORIENTED_EDGE ( 'NONE', *, *, #1726, .F. ) ;
#1890 = ORIENTED_EDGE ( 'NONE', *, *, #1624, .T. ) ;
#1891 = CARTESIAN_POINT ( 'NONE',  ( 26.09999999999999076, -12.99999999999999467, 32.00000000000000711 ) ) ;
#1892 = CYLINDRICAL_SURFACE ( 'NONE', #2381, 5.150000000000002132 ) ;
#1893 = CARTESIAN_POINT ( 'NONE',  ( 9.324032933155042002, 34.00462856001400525, 25.32447112536744882 ) ) ;
#1894 = CARTESIAN_POINT ( 'NONE',  ( 26.09999999999999432, -12.99999999999999467, 12.00000000000000355 ) ) ;
#1895 = CARTESIAN_POINT ( 'NONE',  ( -29.85000000000000853, -13.00000000000000355, 0.000000000000000000 ) ) ;
#1896 = CARTESIAN_POINT ( 'NONE',  ( 11.97898340074328871, 32.67239785305896760, 2.148892185172698532 ) ) ;
#1897 = B_SPLINE_CURVE_WITH_KNOTS ( 'NONE', 3,
 ( #190, #878, #2725, #1570, #418, #2769, #640, #2056, #1361, #669, #2564, #1153, #175, #403, #1314, #1554, #1584, #2548, #2533, #2496, #2295, #217, #1, #688, #1828, #2995, #2080, #451, #1332, #924, #1376, #2267, #2313, #232, #1388, #247 ),
 .UNSPECIFIED., .F., .F.,
 ( 4, 2, 2, 2, 2, 2, 2, 2, 2, 2, 2, 2, 2, 2, 2, 2, 2, 4 ),
 ( 0.009551132421049719767, 0.01087538061972708955, 0.01219962881840446108, 0.01286175291774314944, 0.01352387701708183607, 0.01385493906675118458, 0.01418600111642053310, 0.01484812521575922320, 0.01551024931509791503, 0.01584131136476725835, 0.01617237341443660686, 0.01683449751377529696, 0.01749662161311398359, 0.01815874571245267716, 0.01882086981179136725, 0.01948299391113005735, 0.01981405596079940240, 0.02014511801046874398 ),
 .UNSPECIFIED. ) ;
#1898 = ORIENTED_EDGE ( 'NONE', *, *, #2164, .F. ) ;
#1899 = EDGE_LOOP ( 'NONE', ( #1365, #1705, #2226, #1517 ) ) ;
#1900 = DIRECTION ( 'NONE',  ( 0.000000000000000000, -0.000000000000000000, -1.000000000000000000 ) ) ;
#1901 = ORIENTED_EDGE ( 'NONE', *, *, #1036, .T. ) ;
#1902 = CARTESIAN_POINT ( 'NONE',  ( 21.22639865827422767, 32.00000000000021316, 2.050000000000085976 ) ) ;
#1903 = ADVANCED_FACE ( 'NONE', ( #1783 ), #812, .F. ) ;
#1904 = VECTOR ( 'NONE', #2077, 1000.000000000000000 ) ;
#1905 = VECTOR ( 'NONE', #2298, 1000.000000000000000 ) ;
#1906 = CARTESIAN_POINT ( 'NONE',  ( 0.000000000000000000, 27.50000000000000355, 0.000000000000000000 ) ) ;
#1907 = DIRECTION ( 'NONE',  ( 1.000000000000000000, 0.000000000000000000, 0.000000000000000000 ) ) ;
#1908 = ADVANCED_FACE ( 'NONE', ( #1080 ), #177, .T. ) ;
#1909 = VERTEX_POINT ( 'NONE', #1954 ) ;
#1910 = CARTESIAN_POINT ( 'NONE',  ( 18.94999999999999929, -1.968534143383077822E-15, 37.15000000000000568 ) ) ;
#1911 = CARTESIAN_POINT ( 'NONE',  ( 8.977844664883090076, 34.13248387026603581, 25.02366100062428345 ) ) ;
#1912 = ORIENTED_EDGE ( 'NONE', *, *, #1708, .T. ) ;
#1913 = CARTESIAN_POINT ( 'NONE',  ( 20.94999999999998508, 49.56639969244290711, 6.850000000000002309 ) ) ;
#1914 = CARTESIAN_POINT ( 'NONE',  ( 21.56002562542090928, 31.77869690600625674, 26.55000000000010019 ) ) ;
#1915 = CARTESIAN_POINT ( 'NONE',  ( 12.17683813576201857, 32.54490511957979493, 2.112836113681716199 ) ) ;
#1916 = ORIENTED_EDGE ( 'NONE', *, *, #2387, .F. ) ;
#1917 = VERTEX_POINT ( 'NONE', #2185 ) ;
#1918 = ORIENTED_EDGE ( 'NONE', *, *, #2830, .T. ) ;
#1919 = CARTESIAN_POINT ( 'NONE',  ( -6.393579735175531904E-15, 27.50000000000000355, 25.69999999999999218 ) ) ;
#1920 = DIRECTION ( 'NONE',  ( -1.000000000000000000, 0.000000000000000000, 0.000000000000000000 ) ) ;
#1921 = CIRCLE ( 'NONE', #2611, 1.649999999999998579 ) ;
#1922 = LINE ( 'NONE', #769, #1955 ) ;
#1923 = DIRECTION ( 'NONE',  ( 1.314345621908742439E-16, -1.000000000000000000, -0.000000000000000000 ) ) ;
#1924 = DIRECTION ( 'NONE',  ( 0.000000000000000000, 0.000000000000000000, -1.000000000000000000 ) ) ;
#1925 = ORIENTED_EDGE ( 'NONE', *, *, #2074, .F. ) ;
#1926 = DIRECTION ( 'NONE',  ( -1.038804297299761123E-16, 1.000000000000000000, 0.000000000000000000 ) ) ;
#1927 = CARTESIAN_POINT ( 'NONE',  ( 8.827737496535604578, 34.18499204202858266, 24.84496098671482400 ) ) ;
#1928 = ORIENTED_EDGE ( 'NONE', *, *, #814, .T. ) ;
#1929 = AXIS2_PLACEMENT_3D ( 'NONE', #150, #2916, #1375 ) ;
#1930 = VERTEX_POINT ( 'NONE', #1755 ) ;
#1931 = CARTESIAN_POINT ( 'NONE',  ( 22.83804331747715111, 30.87103210375497753, 2.349595475747935147 ) ) ;
#1932 = CARTESIAN_POINT ( 'NONE',  ( -18.94999999999999929, -1.968534143383047056E-15, 26.84999999999999787 ) ) ;
#1933 = VERTEX_POINT ( 'NONE', #578 ) ;
#1934 = LINE ( 'NONE', #99, #2886 ) ;
#1935 = EDGE_CURVE ( 'NONE', #1008, #1195, #842, .T. ) ;
#1936 = VERTEX_POINT ( 'NONE', #2200 ) ;
#1937 = CARTESIAN_POINT ( 'NONE',  ( -21.72254328817231439, 31.66547692955931481, 33.46157536696922108 ) ) ;
#1938 = ADVANCED_FACE ( 'NONE', ( #1480 ), #355, .F. ) ;
#1939 =( NAMED_UNIT ( * ) PLANE_ANGLE_UNIT ( ) SI_UNIT ( $, .RADIAN. ) );
#1940 = VECTOR ( 'NONE', #2510, 1000.000000000000000 ) ;
#1941 = CARTESIAN_POINT ( 'NONE',  ( 20.94999999999998508, 49.56639969244290711, 12.00000000000000355 ) ) ;
#1942 = FACE_OUTER_BOUND ( 'NONE', #2255, .T. ) ;
#1943 = ORIENTED_EDGE ( 'NONE', *, *, #2837, .T. ) ;
#1944 = AXIS2_PLACEMENT_3D ( 'NONE', #951, #283, #541 ) ;
#1945 = PLANE ( 'NONE',  #2020 ) ;
#1946 = CARTESIAN_POINT ( 'NONE',  ( -22.85493160136024571, 30.86009922084265611, 2.340499680000949212 ) ) ;
#1947 = ADVANCED_FACE ( 'NONE', ( #1272 ), #1038, .T. ) ;
#1948 = DIRECTION ( 'NONE',  ( 1.000000000000000000, 0.000000000000000000, 0.000000000000000000 ) ) ;
#1949 = VERTEX_POINT ( 'NONE', #342 ) ;
#1950 = ORIENTED_EDGE ( 'NONE', *, *, #2592, .F. ) ;
#1951 = CARTESIAN_POINT ( 'NONE',  ( -18.94999999999999929, -13.00000000000000178, 44.00000000000000000 ) ) ;
#1952 = DIRECTION ( 'NONE',  ( -1.038804297299761123E-16, 1.000000000000000000, 0.000000000000000000 ) ) ;
#1953 = ORIENTED_EDGE ( 'NONE', *, *, #2399, .F. ) ;
#1954 = CARTESIAN_POINT ( 'NONE',  ( -18.94999999999999929, -13.00000000000000178, 17.14999999999999858 ) ) ;
#1955 = VECTOR ( 'NONE', #2359, 1000.000000000000000 ) ;
#1956 = DIRECTION ( 'NONE',  ( 0.000000000000000000, -1.000000000000000000, 0.000000000000000000 ) ) ;
#1957 = EDGE_LOOP ( 'NONE', ( #410, #2396, #1020, #659 ) ) ;
#1958 = DIRECTION ( 'NONE',  ( 0.000000000000000000, -1.000000000000000000, -1.734723475976807094E-16 ) ) ;
#1959 = ORIENTED_EDGE ( 'NONE', *, *, #926, .T. ) ;
#1960 = ORIENTED_EDGE ( 'NONE', *, *, #559, .F. ) ;
#1961 = CARTESIAN_POINT ( 'NONE',  ( 23.43643142423079340, 30.41909308286528457, 25.90834577017246332 ) ) ;
#1962 = CARTESIAN_POINT ( 'NONE',  ( 20.94999999999998508, 32.18163296043257304, 33.65000000000000568 ) ) ;
#1963 = CARTESIAN_POINT ( 'NONE',  ( -24.24525790631537703, 29.77807966362945891, 24.70402670506150500 ) ) ;
#1964 = DIRECTION ( 'NONE',  ( 0.000000000000000000, 0.000000000000000000, 1.000000000000000000 ) ) ;
#1965 = EDGE_CURVE ( 'NONE', #1277, #1909, #134, .T. ) ;
#1966 = CARTESIAN_POINT ( 'NONE',  ( -13.93882976602459323, 31.19175602071393882, 22.19653971939611736 ) ) ;
#1967 = DIRECTION ( 'NONE',  ( 1.000000000000000000, -0.000000000000000000, -0.000000000000000000 ) ) ;
#1968 = ORIENTED_EDGE ( 'NONE', *, *, #2830, .F. ) ;
#1969 = VERTEX_POINT ( 'NONE', #2906 ) ;
#1970 = DIRECTION ( 'NONE',  ( 1.000000000000000000, -0.000000000000000000, -0.000000000000000000 ) ) ;
#1971 = AXIS2_PLACEMENT_3D ( 'NONE', #1780, #2066, #904 ) ;
#1972 = CARTESIAN_POINT ( 'NONE',  ( 18.95000000000000284, 20.00000000000000355, 0.000000000000000000 ) ) ;
#1973 = EDGE_CURVE ( 'NONE', #589, #276, #852, .T. ) ;
#1974 = CYLINDRICAL_SURFACE ( 'NONE', #1062, 2.250000000000001776 ) ;
#1975 = ORIENTED_EDGE ( 'NONE', *, *, #2747, .T. ) ;
#1976 = ORIENTED_EDGE ( 'NONE', *, *, #876, .T. ) ;
#1977 = EDGE_CURVE ( 'NONE', #71, #2228, #2238, .T. ) ;
#1978 = CARTESIAN_POINT ( 'NONE',  ( -21.89237883324405232, 31.55058661830813094, 26.51762441982698348 ) ) ;
#1979 = B_SPLINE_CURVE_WITH_KNOTS ( 'NONE', 3,
 ( #540, #2642, #1457, #1734, #309, #1931, #2672, #2869, #348, #1279, #140, #1057, #1981, #2910, #833, #1745, #1547, #2748, #2922, #1352, #2763, #1576, #2941, #631, #395, #1321, #1594, #1306, #1112, #2716 ),
 .UNSPECIFIED., .F., .F.,
 ( 4, 2, 2, 2, 2, 2, 2, 2, 2, 2, 2, 2, 2, 2, 4 ),
 ( 0.000000000000000000, 0.001193891552631210634, 0.001790837328946815951, 0.002387783105262421268, 0.002984728881578026152, 0.003581674657893631902, 0.004178620434209237219, 0.004775566210524842536, 0.005074039098682645195, 0.005372511986840449588, 0.005969457763156056640, 0.006566403539471664559, 0.007163349315787270744, 0.008357240868418490051, 0.009551132421049707624 ),
 .UNSPECIFIED. ) ;
#1980 = ORIENTED_EDGE ( 'NONE', *, *, #239, .T. ) ;
#1981 = CARTESIAN_POINT ( 'NONE',  ( 24.11613219123102780, 29.88275103963261969, 3.514630412953590355 ) ) ;
#1982 = CARTESIAN_POINT ( 'NONE',  ( -9.244012597893497940, 34.03613584800415026, 23.33105919295071118 ) ) ;
#1983 = DIRECTION ( 'NONE',  ( -1.038804297299761123E-16, -1.000000000000000000, 0.000000000000000000 ) ) ;
#1984 = CARTESIAN_POINT ( 'NONE',  ( 21.15188846959835089, 32.05020509152096508, 30.35000000000001208 ) ) ;
#1985 = CARTESIAN_POINT ( 'NONE',  ( -20.94999999999999574, 32.18163296043256594, 33.64999999999999858 ) ) ;
#1986 = EDGE_CURVE ( 'NONE', #2570, #1933, #2480, .T. ) ;
#1987 =( NAMED_UNIT ( * ) SI_UNIT ( $, .STERADIAN. ) SOLID_ANGLE_UNIT ( ) );
#1988 = LINE ( 'NONE', #565, #1686 ) ;
#1989 = EDGE_CURVE ( 'NONE', #667, #1833, #2931, .T. ) ;
#1990 = DIRECTION ( 'NONE',  ( 1.314345621908742439E-16, -1.000000000000000000, -0.000000000000000000 ) ) ;
#1991 = CYLINDRICAL_SURFACE ( 'NONE', #2041, 5.150000000000002132 ) ;
#1992 = EDGE_LOOP ( 'NONE', ( #744, #859, #597, #1178 ) ) ;
#1993 = FACE_OUTER_BOUND ( 'NONE', #372, .T. ) ;
#1994 = ORIENTED_EDGE ( 'NONE', *, *, #746, .F. ) ;
#1995 = CARTESIAN_POINT ( 'NONE',  ( -20.94999999999999574, 32.18163296043256594, 33.64999999999999858 ) ) ;
#1996 = CARTESIAN_POINT ( 'NONE',  ( -24.03061648006537254, 29.95176022629838286, 5.247251536487630652 ) ) ;
#1997 = DIRECTION ( 'NONE',  ( 1.000000000000000000, 0.000000000000000000, 0.000000000000000000 ) ) ;
#1998 = ORIENTED_EDGE ( 'NONE', *, *, #1368, .T. ) ;
#1999 = CYLINDRICAL_SURFACE ( 'NONE', #1309, 1.649999999999998579 ) ;
#2000 = CIRCLE ( 'NONE', #976, 1.649999999999998579 ) ;
#2001 = EDGE_CURVE ( 'NONE', #123, #696, #1615, .T. ) ;
#2002 = LINE ( 'NONE', #1037, #2258 ) ;
#2003 = CARTESIAN_POINT ( 'NONE',  ( 29.84999999999999787, 0.000000000000000000, 0.000000000000000000 ) ) ;
#2004 = DIRECTION ( 'NONE',  ( -0.000000000000000000, 1.000000000000000000, -0.000000000000000000 ) ) ;
#2005 = EDGE_CURVE ( 'NONE', #944, #2596, #1921, .T. ) ;
#2006 = CARTESIAN_POINT ( 'NONE',  ( -20.94999999999998863, -13.00000000000000178, 32.00000000000000000 ) ) ;
#2007 = AXIS2_PLACEMENT_3D ( 'NONE', #1296, #848, #1048 ) ;
#2008 = EDGE_CURVE ( 'NONE', #1297, #1793, #2173, .T. ) ;
#2009 = ORIENTED_EDGE ( 'NONE', *, *, #911, .T. ) ;
#2010 = VECTOR ( 'NONE', #2905, 1000.000000000000000 ) ;
#2011 = DIRECTION ( 'NONE',  ( 0.000000000000000000, 0.000000000000000000, -1.000000000000000000 ) ) ;
#2012 = CARTESIAN_POINT ( 'NONE',  ( -18.94999999999999929, 20.00000000000000355, 25.69999999999999218 ) ) ;
#2013 = ORIENTED_EDGE ( 'NONE', *, *, #2772, .F. ) ;
#2014 = CARTESIAN_POINT ( 'NONE',  ( 20.94999999999998153, 27.50000000000000355, 26.85000000000000497 ) ) ;
#2015 = CARTESIAN_POINT ( 'NONE',  ( -29.85000000000000853, 24.15652085876605071, 44.00000000000000000 ) ) ;
#2016 = CARTESIAN_POINT ( 'NONE',  ( 9.245093587505532895, 34.03461794892893266, 23.33594660017569566 ) ) ;
#2017 = ORIENTED_EDGE ( 'NONE', *, *, #876, .F. ) ;
#2018 = CARTESIAN_POINT ( 'NONE',  ( -20.94999999999999218, 27.50000000000000355, 13.64999999999999680 ) ) ;
#2019 = CARTESIAN_POINT ( 'NONE',  ( -19.76024331017196900, 32.92569349417583169, 10.85179048412369873 ) ) ;
#2020 = AXIS2_PLACEMENT_3D ( 'NONE', #1706, #1028, #2882 ) ;
#2021 = CARTESIAN_POINT ( 'NONE',  ( -12.94999999999971507, 32.00000000000021316, 6.550000000000091305 ) ) ;
#2022 = VERTEX_POINT ( 'NONE', #1333 ) ;
#2023 = PLANE ( 'NONE',  #915 ) ;
#2024 = ORIENTED_EDGE ( 'NONE', *, *, #356, .F. ) ;
#2025 = CARTESIAN_POINT ( 'NONE',  ( -19.29913938395817397, 33.19793999717075650, 32.22949810164310236 ) ) ;
#2026 = ORIENTED_EDGE ( 'NONE', *, *, #2130, .F. ) ;
#2027 = DIRECTION ( 'NONE',  ( -0.000000000000000000, -0.000000000000000000, 1.000000000000000000 ) ) ;
#2028 = EDGE_CURVE ( 'NONE', #550, #2039, #2057, .T. ) ;
#2029 = EDGE_CURVE ( 'NONE', #2336, #2742, #2038, .T. ) ;
#2030 = DIRECTION ( 'NONE',  ( -1.000000000000000000, -1.407544320199961943E-16, 0.000000000000000000 ) ) ;
#2031 = ORIENTED_EDGE ( 'NONE', *, *, #59, .F. ) ;
#2032 = DIRECTION ( 'NONE',  ( -0.000000000000000000, -0.000000000000000000, 1.000000000000000000 ) ) ;
#2033 = CARTESIAN_POINT ( 'NONE',  ( 20.94999999999999218, -12.99999999999999467, 6.850000000000002309 ) ) ;
#2034 = EDGE_LOOP ( 'NONE', ( #252, #221, #2491, #729 ) ) ;
#2035 = PLANE ( 'NONE',  #1888 ) ;
#2036 = CARTESIAN_POINT ( 'NONE',  ( -20.94999999999998863, 27.50000000000000355, 26.84999999999999787 ) ) ;
#2037 = LINE ( 'NONE', #2965, #942 ) ;
#2038 = LINE ( 'NONE', #879, #957 ) ;
#2039 = VERTEX_POINT ( 'NONE', #474 ) ;
#2040 = EDGE_CURVE ( 'NONE', #2586, #2879, #436, .T. ) ;
#2041 = AXIS2_PLACEMENT_3D ( 'NONE', #2712, #2500, #285 ) ;
#2042 = DIRECTION ( 'NONE',  ( -1.000000000000000000, 0.000000000000000000, -1.734723475976808475E-15 ) ) ;
#2043 = VECTOR ( 'NONE', #1129, 1000.000000000000000 ) ;
#2044 = VERTEX_POINT ( 'NONE', #21 ) ;
#2045 = CARTESIAN_POINT ( 'NONE',  ( -9.614871726494799375, 33.89060499951826699, 3.071054022794585947 ) ) ;
#2046 = ORIENTED_EDGE ( 'NONE', *, *, #2164, .T. ) ;
#2047 = CARTESIAN_POINT ( 'NONE',  ( -24.03061648006537965, 29.95176022629837576, 25.24725153648763509 ) ) ;
#2048 = EDGE_CURVE ( 'NONE', #2511, #2831, #1724, .T. ) ;
#2049 = FACE_OUTER_BOUND ( 'NONE', #897, .T. ) ;
#2050 = VECTOR ( 'NONE', #97, 1000.000000000000000 ) ;
#2051 = CARTESIAN_POINT ( 'NONE',  ( -12.17418899964158463, 32.54666243854132546, 26.48676268595973937 ) ) ;
#2052 = EDGE_LOOP ( 'NONE', ( #2076, #1305, #139, #33, #22 ) ) ;
#2053 = DIRECTION ( 'NONE',  ( 0.000000000000000000, 0.000000000000000000, -1.000000000000000000 ) ) ;
#2054 = CARTESIAN_POINT ( 'NONE',  ( 18.94999999999999929, -1.968534143383047056E-15, 0.000000000000000000 ) ) ;
#2055 = CARTESIAN_POINT ( 'NONE',  ( 12.17683813576202922, 32.54490511957978072, 22.11283611368173752 ) ) ;
#2056 = CARTESIAN_POINT ( 'NONE',  ( 18.29387722778532321, 33.76289857065359712, 25.70528955826904038 ) ) ;
#2057 = LINE ( 'NONE', #1140, #818 ) ;
#2058 = ORIENTED_EDGE ( 'NONE', *, *, #428, .T. ) ;
#2059 = PLANE ( 'NONE',  #2746 ) ;
#2060 = ORIENTED_EDGE ( 'NONE', *, *, #909, .F. ) ;
#2061 = DIRECTION ( 'NONE',  ( 0.000000000000000000, -0.000000000000000000, -1.000000000000000000 ) ) ;
#2062 = CARTESIAN_POINT ( 'NONE',  ( -20.55644942601239933, 32.43783141174104401, 33.64999999999999858 ) ) ;
#2063 = FACE_BOUND ( 'NONE', #1691, .T. ) ;
#2064 = B_SPLINE_CURVE_WITH_KNOTS ( 'NONE', 3,
 ( #2907, #1095, #1544, #567, #854, #1742, #595, #333, #2240, #627, #2220, #2187, #2436, #2917, #1081, #843, #2483, #2420, #2893, #2694, #1510, #2452, #2668, #1318, #2256, #610 ),
 .UNSPECIFIED., .F., .F.,
 ( 4, 2, 2, 2, 2, 2, 2, 2, 2, 2, 2, 2, 4 ),
 ( 0.000000000000000000, 0.001094235968850897555, 0.002188471937701795111, 0.002735589922127244864, 0.003282707906552695485, 0.003829825890978145672, 0.004376943875403595426, 0.004924061859829046914, 0.005471179844254496667, 0.006018297828679948155, 0.006565415813105398776, 0.007659651781956288742, 0.008753887750807170035 ),
 .UNSPECIFIED. ) ;
#2065 = VECTOR ( 'NONE', #1967, 1000.000000000000000 ) ;
#2066 = DIRECTION ( 'NONE',  ( -0.000000000000000000, -1.000000000000000000, -0.000000000000000000 ) ) ;
#2067 = PLANE ( 'NONE',  #2589 ) ;
#2068 = DIRECTION ( 'NONE',  ( -1.000000000000000000, 0.000000000000000000, 0.000000000000000000 ) ) ;
#2069 = CARTESIAN_POINT ( 'NONE',  ( -20.94999999999999218, 27.50000000000000355, 11.99999999999999822 ) ) ;
#2070 = CARTESIAN_POINT ( 'NONE',  ( 25.94999999999999218, 49.56639969244290000, 24.00000000000000711 ) ) ;
#2071 = CARTESIAN_POINT ( 'NONE',  ( -13.24585835921919319, 31.77810623058562101, 2.050000000000086864 ) ) ;
#2072 = VECTOR ( 'NONE', #789, 1000.000000000000000 ) ;
#2073 = VECTOR ( 'NONE', #2732, 1000.000000000000000 ) ;
#2074 = EDGE_CURVE ( 'NONE', #1442, #630, #889, .T. ) ;
#2075 = CARTESIAN_POINT ( 'NONE',  ( -18.94999999999999929, -1.968534143383047451E-15, 6.850000000000002309 ) ) ;
#2076 = ORIENTED_EDGE ( 'NONE', *, *, #2657, .F. ) ;
#2077 = DIRECTION ( 'NONE',  ( 0.000000000000000000, -1.000000000000000000, 0.000000000000000000 ) ) ;
#2078 = VERTEX_POINT ( 'NONE', #2794 ) ;
#2079 = DIRECTION ( 'NONE',  ( 0.000000000000000000, 0.000000000000000000, 1.000000000000000000 ) ) ;
#2080 = CARTESIAN_POINT ( 'NONE',  ( 19.34631869474261379, 33.17118136345975188, 22.37475293906559770 ) ) ;
#2081 = CARTESIAN_POINT ( 'NONE',  ( -20.94999999999998863, 32.18163296043256594, 13.64999999999999680 ) ) ;
#2082 = EDGE_CURVE ( 'NONE', #2085, #710, #1290, .T. ) ;
#2083 = CIRCLE ( 'NONE', #480, 5.150000000000002132 ) ;
#2084 = CARTESIAN_POINT ( 'NONE',  ( -25.94999999999999929, 27.50000000000000355, 0.000000000000000000 ) ) ;
#2085 = VERTEX_POINT ( 'NONE', #1196 ) ;
#2086 = DIRECTION ( 'NONE',  ( 3.854941057726237604E-16, 5.066724901938737373E-32, -1.000000000000000000 ) ) ;
#2087 = ORIENTED_EDGE ( 'NONE', *, *, #1989, .T. ) ;
#2088 = VERTEX_POINT ( 'NONE', #55 ) ;
#2089 = CARTESIAN_POINT ( 'NONE',  ( 21.63010146910593434, 31.72872034510359285, 30.49329968421921322 ) ) ;
#2090 = DIRECTION ( 'NONE',  ( -1.000000000000000000, 0.000000000000000000, -0.000000000000000000 ) ) ;
#2091 = ORIENTED_EDGE ( 'NONE', *, *, #932, .F. ) ;
#2092 = ORIENTED_EDGE ( 'NONE', *, *, #687, .T. ) ;
#2093 = CARTESIAN_POINT ( 'NONE',  ( -18.62322817960190235, 33.58235208792551418, 5.905903000181926821 ) ) ;
#2094 = LINE ( 'NONE', #1426, #13 ) ;
#2095 = CARTESIAN_POINT ( 'NONE',  ( 21.75076026779483840, 31.64824817881570951, 33.50421434754048988 ) ) ;
#2096 = CARTESIAN_POINT ( 'NONE',  ( 1.888727402654815038E-15, -12.99999999999999822, 44.00000000000000000 ) ) ;
#2097 = CARTESIAN_POINT ( 'NONE',  ( 18.94999999999999929, 20.00000000000000355, 0.000000000000000000 ) ) ;
#2098 = CARTESIAN_POINT ( 'NONE',  ( 18.81884858200401567, 33.47318047729241641, 6.005557989126141472 ) ) ;
#2099 = CARTESIAN_POINT ( 'NONE',  ( 16.94999999999998863, 27.50000000000000355, 25.69999999999999574 ) ) ;
#2100 = ORIENTED_EDGE ( 'NONE', *, *, #1003, .T. ) ;
#2101 = DIRECTION ( 'NONE',  ( 1.000000000000000000, 1.314345621908742439E-16, -0.000000000000000000 ) ) ;
#2102 = ADVANCED_FACE ( 'NONE', ( #2616, #2603, #273, #1464, #501, #1447, #2156, #780, #738 ), #996, .T. ) ;
#2103 = CARTESIAN_POINT ( 'NONE',  ( -22.58635547077706818, 31.05507285457607836, 12.24250451204612311 ) ) ;
#2104 = ADVANCED_FACE ( 'NONE', ( #518 ), #2587, .F. ) ;
#2105 = CARTESIAN_POINT ( 'NONE',  ( -19.91267969922649073, 32.83433173270432803, 6.393104403156095294 ) ) ;
#2106 = CARTESIAN_POINT ( 'NONE',  ( 19.54239876214067451, 33.05550709156752021, 12.89032182445670038 ) ) ;
#2107 = CARTESIAN_POINT ( 'NONE',  ( -25.94999999999999574, -13.00000000000000178, 0.000000000000000000 ) ) ;
#2108 = VECTOR ( 'NONE', #1754, 1000.000000000000000 ) ;
#2109 = CYLINDRICAL_SURFACE ( 'NONE', #511, 2.250000000000001776 ) ;
#2110 = ORIENTED_EDGE ( 'NONE', *, *, #2522, .F. ) ;
#2111 = CARTESIAN_POINT ( 'NONE',  ( -13.24342336655605479, 31.77993247508296903, 26.55000000000011084 ) ) ;
#2112 = VECTOR ( 'NONE', #792, 1000.000000000000000 ) ;
#2113 = CARTESIAN_POINT ( 'NONE',  ( -24.11943183402338065, 29.88008646910363453, 25.07854619715368116 ) ) ;
#2114 = CARTESIAN_POINT ( 'NONE',  ( -20.85054609183316643, 32.24931238787563359, 22.05000000000010374 ) ) ;
#2115 = ORIENTED_EDGE ( 'NONE', *, *, #1429, .T. ) ;
#2116 = PLANE ( 'NONE',  #1149 ) ;
#2117 = CARTESIAN_POINT ( 'NONE',  ( 1.829807616259950181E-15, -12.99999999999999822, 26.84999999999999787 ) ) ;
#2118 = CARTESIAN_POINT ( 'NONE',  ( -22.53508816014543115, 31.09229494697687102, 12.47324749304309144 ) ) ;
#2119 = ORIENTED_EDGE ( 'NONE', *, *, #1553, .F. ) ;
#2120 = CARTESIAN_POINT ( 'NONE',  ( -20.47360961699535764, 32.48975102705345819, 6.509394908641987776 ) ) ;
#2121 = CARTESIAN_POINT ( 'NONE',  ( 9.245093587505520460, 34.03461794892895398, 3.335946600175679233 ) ) ;
#2122 = VERTEX_POINT ( 'NONE', #723 ) ;
#2123 = CARTESIAN_POINT ( 'NONE',  ( -20.94999999999998508, -13.00000000000000178, 11.99999999999999822 ) ) ;
#2124 = PLANE ( 'NONE',  #1469 ) ;
#2125 = ORIENTED_EDGE ( 'NONE', *, *, #1650, .F. ) ;
#2126 = CARTESIAN_POINT ( 'NONE',  ( 3.949999999999995293, 20.00000000000000355, 18.29999999999999361 ) ) ;
#2127 = CARTESIAN_POINT ( 'NONE',  ( -17.87413482894846339, 33.98651300670447739, 25.35970996250383180 ) ) ;
#2128 = CARTESIAN_POINT ( 'NONE',  ( 18.94999999999999929, -12.99999999999999467, 18.30000000000000071 ) ) ;
#2129 = VECTOR ( 'NONE', #237, 1000.000000000000000 ) ;
#2130 = EDGE_CURVE ( 'NONE', #1227, #1936, #2919, .T. ) ;
#2131 = AXIS2_PLACEMENT_3D ( 'NONE', #795, #2411, #967 ) ;
#2132 = DIRECTION ( 'NONE',  ( 0.000000000000000000, 1.734723475976807094E-16, -1.000000000000000000 ) ) ;
#2133 = DIRECTION ( 'NONE',  ( 0.000000000000000000, 0.000000000000000000, -1.000000000000000000 ) ) ;
#2134 = ORIENTED_EDGE ( 'NONE', *, *, #282, .T. ) ;
#2135 = CARTESIAN_POINT ( 'NONE',  ( 10.38822896596749779, 33.54986191912885118, 25.93616797907664662 ) ) ;
#2136 = PRODUCT ( 'external_A4_housing', 'external_A4_housing', '', ( #505 ) ) ;
#2137 = EDGE_CURVE ( 'NONE', #397, #1596, #1182, .T. ) ;
#2138 = DIRECTION ( 'NONE',  ( 0.000000000000000000, 0.000000000000000000, 1.000000000000000000 ) ) ;
#2139 = DIRECTION ( 'NONE',  ( 0.000000000000000000, -0.000000000000000000, -1.000000000000000000 ) ) ;
#2140 = ORIENTED_EDGE ( 'NONE', *, *, #1530, .F. ) ;
#2141 = DIRECTION ( 'NONE',  ( 0.000000000000000000, -1.000000000000000000, 0.000000000000000000 ) ) ;
#2142 = CARTESIAN_POINT ( 'NONE',  ( 19.15906637579580263, 33.27963824959844885, 2.444639973965986979 ) ) ;
#2143 = CARTESIAN_POINT ( 'NONE',  ( 22.59951710113456969, 31.04547997911658186, 11.87385690782542369 ) ) ;
#2144 = CARTESIAN_POINT ( 'NONE',  ( -17.38030185967914676, 34.24158849782291014, 24.52324426677403579 ) ) ;
#2145 = CARTESIAN_POINT ( 'NONE',  ( 0.000000000000000000, 0.000000000000000000, 0.000000000000000000 ) ) ;
#2146 = VECTOR ( 'NONE', #1090, 1000.000000000000000 ) ;
#2147 = ORIENTED_EDGE ( 'NONE', *, *, #755, .T. ) ;
#2148 = ORIENTED_EDGE ( 'NONE', *, *, #2433, .T. ) ;
#2149 = LINE ( 'NONE', #509, #280 ) ;
#2150 = CARTESIAN_POINT ( 'NONE',  ( 9.061264084382710138, 34.10260450118649800, 25.10511090611776552 ) ) ;
#2151 = CARTESIAN_POINT ( 'NONE',  ( -17.60125578902862387, 34.12857461201623011, 3.564150513612782678 ) ) ;
#2152 = CARTESIAN_POINT ( 'NONE',  ( 9.061264084382694151, 34.10260450118651931, 5.105110906117763747 ) ) ;
#2153 = ORIENTED_EDGE ( 'NONE', *, *, #1622, .T. ) ;
#2154 = CARTESIAN_POINT ( 'NONE',  ( 20.94999999999998153, 27.50000000000000355, 17.15000000000000568 ) ) ;
#2155 = LINE ( 'NONE', #1698, #2649 ) ;
#2156 = FACE_BOUND ( 'NONE', #1434, .T. ) ;
#2157 = CIRCLE ( 'NONE', #404, 5.150000000000002132 ) ;
#2158 = CARTESIAN_POINT ( 'NONE',  ( -20.47360961699537540, 32.48975102705346529, 26.50939490864201176 ) ) ;
#2159 = VERTEX_POINT ( 'NONE', #2648 ) ;
#2160 = CARTESIAN_POINT ( 'NONE',  ( 29.84999999999999787, -12.99999999999999467, 0.000000000000000000 ) ) ;
#2161 = VERTEX_POINT ( 'NONE', #2902 ) ;
#2162 = CARTESIAN_POINT ( 'NONE',  ( -29.85000000000000853, 2.449314880994013122E-16, 24.00000000000000000 ) ) ;
#2163 = ORIENTED_EDGE ( 'NONE', *, *, #893, .T. ) ;
#2164 = EDGE_CURVE ( 'NONE', #238, #2879, #2477, .T. ) ;
#2165 = CARTESIAN_POINT ( 'NONE',  ( 21.89177444591300770, 31.55096687560043733, 22.08251526276468368 ) ) ;
#2166 = LINE ( 'NONE', #1487, #388 ) ;
#2167 = VECTOR ( 'NONE', #2789, 1000.000000000000000 ) ;
#2168 = EDGE_LOOP ( 'NONE', ( #2212, #1551, #2810, #807, #7 ) ) ;
#2169 = B_SPLINE_CURVE_WITH_KNOTS ( 'NONE', 3,
 ( #1861, #2114, #23, #725, #2604, #1224, #520, #1184, #2372, #275, #2797, #2590, #1405, #1210, #1238, #2401, #2845, #40, #2144, #2346, #1638, #956, #1875, #1198, #2127, #1687, #57, #2618, #534, #1885, #1449, #2385, #303, #2158, #86, #2861 ),
 .UNSPECIFIED., .F., .F.,
 ( 4, 2, 2, 2, 2, 2, 2, 2, 2, 2, 2, 2, 2, 2, 2, 2, 2, 4 ),
 ( 0.000000000000000000, 0.001337347481688997515, 0.002006021222533500067, 0.002674694963378003269, 0.003343368704222506472, 0.004012042445067008807, 0.004346379315489264095, 0.004680716185911519382, 0.005349389926756035162, 0.005683726797178286980, 0.006018063667600541400, 0.006352400538022793218, 0.006686737408445046771, 0.007355411149289546070, 0.008024084890134043635, 0.008692758630978542067, 0.009361432371823040499, 0.01069877985351203910 ),
 .UNSPECIFIED. ) ;
#2170 = VECTOR ( 'NONE', #757, 1000.000000000000000 ) ;
#2171 = CARTESIAN_POINT ( 'NONE',  ( 13.52907036400755558, 31.54855583253675988, 2.082026402683429644 ) ) ;
#2172 = CARTESIAN_POINT ( 'NONE',  ( 18.79374256769011353, 33.48730187273496739, 2.606551442942678598 ) ) ;
#2173 = CIRCLE ( 'NONE', #1243, 2.000000000000005329 ) ;
#2174 = PRESENTATION_STYLE_ASSIGNMENT (( #148 ) ) ;
#2175 = CARTESIAN_POINT ( 'NONE',  ( -25.94999999999999574, -13.00000000000000178, 25.69999999999999218 ) ) ;
#2176 = LINE ( 'NONE', #2222, #2326 ) ;
#2177 = ORIENTED_EDGE ( 'NONE', *, *, #778, .F. ) ;
#2178 = ORIENTED_EDGE ( 'NONE', *, *, #2834, .T. ) ;
#2179 = CARTESIAN_POINT ( 'NONE',  ( 23.42698498062078372, 30.42637803940661101, 22.68445138223322033 ) ) ;
#2180 = CARTESIAN_POINT ( 'NONE',  ( 20.94999999999998153, 27.50000000000000355, 33.65000000000000568 ) ) ;
#2181 = LINE ( 'NONE', #1462, #1718 ) ;
#2182 = CARTESIAN_POINT ( 'NONE',  ( 20.94999999999998153, 32.18163296043257304, 30.35000000000000853 ) ) ;
#2183 = CARTESIAN_POINT ( 'NONE',  ( -20.94999999999999574, 32.18163296043256594, 33.64999999999999858 ) ) ;
#2184 = CARTESIAN_POINT ( 'NONE',  ( -1.344812187081454400E-14, 27.50000000000000355, 18.29999999999999361 ) ) ;
#2185 = CARTESIAN_POINT ( 'NONE',  ( 20.94999999999998508, -12.99999999999999467, 26.85000000000000497 ) ) ;
#2186 = FACE_OUTER_BOUND ( 'NONE', #750, .T. ) ;
#2187 = CARTESIAN_POINT ( 'NONE',  ( 15.32885258613636559, 29.77369685725449600, 23.92709077044389332 ) ) ;
#2188 = DIRECTION ( 'NONE',  ( 1.000000000000000000, 1.314345621908742439E-16, -0.000000000000000000 ) ) ;
#2189 = EDGE_CURVE ( 'NONE', #443, #2806, #351, .T. ) ;
#2190 = EDGE_LOOP ( 'NONE', ( #2955, #1397 ) ) ;
#2191 = DIRECTION ( 'NONE',  ( -1.000000000000000000, -1.038804297299761123E-16, 0.000000000000000000 ) ) ;
#2192 = CARTESIAN_POINT ( 'NONE',  ( 20.17493706592462388, 32.67327355438951741, 10.53963130606579846 ) ) ;
#2193 = EDGE_CURVE ( 'NONE', #2465, #2527, #114, .T. ) ;
#2194 = CARTESIAN_POINT ( 'NONE',  ( 14.77883276657466816, 30.38054877171387957, 5.869932388411104540 ) ) ;
#2195 = CARTESIAN_POINT ( 'NONE',  ( 21.34707586438722160, 31.92043685864178570, 30.38582338099720204 ) ) ;
#2196 = ORIENTED_EDGE ( 'NONE', *, *, #1271, .T. ) ;
#2197 = CARTESIAN_POINT ( 'NONE',  ( -22.58635547077707884, 31.05507285457608546, 32.24250451204613199 ) ) ;
#2198 = ADVANCED_FACE ( 'NONE', ( #2251 ), #1999, .F. ) ;
#2199 = ORIENTED_EDGE ( 'NONE', *, *, #1345, .F. ) ;
#2200 = CARTESIAN_POINT ( 'NONE',  ( 18.94999999999999929, 20.00000000000000355, 18.30000000000000071 ) ) ;
#2201 = CIRCLE ( 'NONE', #2599, 5.150000000000002132 ) ;
#2202 = LINE ( 'NONE', #1055, #160 ) ;
#2203 = CARTESIAN_POINT ( 'NONE',  ( -29.85000000000000853, 32.00000000000020606, 26.55000000000010729 ) ) ;
#2204 = ORIENTED_EDGE ( 'NONE', *, *, #2329, .T. ) ;
#2205 = ADVANCED_FACE ( 'NONE', ( #146 ), #849, .F. ) ;
#2206 = CARTESIAN_POINT ( 'NONE',  ( 24.27862312220431207, 29.75077243908467750, 24.08936017548197128 ) ) ;
#2207 = CARTESIAN_POINT ( 'NONE',  ( -10.39023531587253402, 33.54888076091887683, 22.66298038823484973 ) ) ;
#2208 = CARTESIAN_POINT ( 'NONE',  ( 12.94999999999971507, 32.00000000000021316, 2.050000000000085976 ) ) ;
#2209 = AXIS2_PLACEMENT_3D ( 'NONE', #1486, #2852, #323 ) ;
#2210 = ORIENTED_EDGE ( 'NONE', *, *, #1587, .T. ) ;
#2211 = CARTESIAN_POINT ( 'NONE',  ( 20.94999999999998153, 27.50000000000000355, 32.00000000000000711 ) ) ;
#2212 = ORIENTED_EDGE ( 'NONE', *, *, #152, .F. ) ;
#2213 = EDGE_CURVE ( 'NONE', #2951, #2528, #2234, .T. ) ;
#2214 = CARTESIAN_POINT ( 'NONE',  ( 10.19629789064816983, 33.63926282690056269, 22.75294391880619571 ) ) ;
#2215 = CIRCLE ( 'NONE', #1000, 2.000000000000005329 ) ;
#2216 = DIRECTION ( 'NONE',  ( 1.407544320199961943E-16, -1.000000000000000000, 0.000000000000000000 ) ) ;
#2217 = CARTESIAN_POINT ( 'NONE',  ( -20.75142681544003054, 32.31090260382345747, 10.34999999999999964 ) ) ;
#2218 = CARTESIAN_POINT ( 'NONE',  ( 20.94999999999999218, 27.50000000000000355, 6.850000000000004086 ) ) ;
#2219 = VERTEX_POINT ( 'NONE', #1985 ) ;
#2220 = CARTESIAN_POINT ( 'NONE',  ( 15.25211351773657675, 29.86233575106448512, 23.57482516886643253 ) ) ;
#2221 = AXIS2_PLACEMENT_3D ( 'NONE', #1642, #745, #697 ) ;
#2222 = CARTESIAN_POINT ( 'NONE',  ( 29.84999999999999787, 20.00000000000000000, 24.00000000000000355 ) ) ;
#2223 = PLANE ( 'NONE',  #438 ) ;
#2224 = ORIENTED_EDGE ( 'NONE', *, *, #2650, .F. ) ;
#2225 = ORIENTED_EDGE ( 'NONE', *, *, #360, .F. ) ;
#2226 = ORIENTED_EDGE ( 'NONE', *, *, #618, .T. ) ;
#2227 = LINE ( 'NONE', #209, #363 ) ;
#2228 = VERTEX_POINT ( 'NONE', #2705 ) ;
#2229 = CARTESIAN_POINT ( 'NONE',  ( 19.67377632621095174, 32.97782071962085837, 10.93227847991406776 ) ) ;
#2230 = VERTEX_POINT ( 'NONE', #808 ) ;
#2231 = EDGE_CURVE ( 'NONE', #2219, #709, #421, .T. ) ;
#2232 = CARTESIAN_POINT ( 'NONE',  ( 15.32885258613636381, 29.77369685725451021, 3.927090770443879109 ) ) ;
#2233 = ORIENTED_EDGE ( 'NONE', *, *, #2028, .F. ) ;
#2234 = LINE ( 'NONE', #1951, #65 ) ;
#2235 = VECTOR ( 'NONE', #1034, 1000.000000000000000 ) ;
#2236 = EDGE_CURVE ( 'NONE', #1752, #870, #921, .T. ) ;
#2237 = CARTESIAN_POINT ( 'NONE',  ( -18.94999999999999929, -1.968534143383047056E-15, 25.69999999999999218 ) ) ;
#2238 = LINE ( 'NONE', #826, #2757 ) ;
#2239 = EDGE_CURVE ( 'NONE', #2795, #2336, #1151, .T. ) ;
#2240 = CARTESIAN_POINT ( 'NONE',  ( 15.05339744238691679, 30.08593274918253258, 23.10479874334352601 ) ) ;
#2241 = AXIS2_PLACEMENT_3D ( 'NONE', #2211, #383, #621 ) ;
#2242 = CARTESIAN_POINT ( 'NONE',  ( -8.832717922929857579, 34.18327975892506743, 4.851691791064165038 ) ) ;
#2243 = VECTOR ( 'NONE', #187, 1000.000000000000000 ) ;
#2244 = CARTESIAN_POINT ( 'NONE',  ( -20.94999999999998863, 27.50000000000000355, 11.99999999999999822 ) ) ;
#2245 = CARTESIAN_POINT ( 'NONE',  ( -8.633577777434869205, 34.25005611340878175, 24.41896522594433705 ) ) ;
#2246 = CARTESIAN_POINT ( 'NONE',  ( -24.27936300576547524, 29.75016860632454296, 24.50630669143878748 ) ) ;
#2247 = EDGE_CURVE ( 'NONE', #1815, #2088, #3004, .T. ) ;
#2248 = ORIENTED_EDGE ( 'NONE', *, *, #1839, .T. ) ;
#2249 = CARTESIAN_POINT ( 'NONE',  ( 0.000000000000000000, 35.00000000000000000, 0.000000000000000000 ) ) ;
#2250 = DIRECTION ( 'NONE',  ( -0.000000000000000000, -0.000000000000000000, 1.000000000000000000 ) ) ;
#2251 = FACE_OUTER_BOUND ( 'NONE', #1105, .T. ) ;
#2252 = ADVANCED_FACE ( 'NONE', ( #434, #1838 ), #1343, .T. ) ;
#2253 = CARTESIAN_POINT ( 'NONE',  ( -6.393579735175531904E-15, 27.50000000000000355, 26.84999999999999787 ) ) ;
#2254 = CARTESIAN_POINT ( 'NONE',  ( -20.00212324582712142, 32.77935057347347225, 10.64546956905071617 ) ) ;
#2255 = EDGE_LOOP ( 'NONE', ( #1561, #635, #2248, #2487 ) ) ;
#2256 = CARTESIAN_POINT ( 'NONE',  ( 13.24320948877286419, 31.78009288342036598, 26.55000000000010729 ) ) ;
#2257 = CARTESIAN_POINT ( 'NONE',  ( -9.239710211660415951, 34.03774538317018283, 5.265503277010252781 ) ) ;
#2258 = VECTOR ( 'NONE', #2980, 1000.000000000000000 ) ;
#2259 = ORIENTED_EDGE ( 'NONE', *, *, #1886, .F. ) ;
#2260 = ORIENTED_EDGE ( 'NONE', *, *, #2082, .F. ) ;
#2261 = DIRECTION ( 'NONE',  ( -1.000000000000000000, 0.000000000000000000, -1.850371707708593971E-15 ) ) ;
#2262 = CARTESIAN_POINT ( 'NONE',  ( -12.56595504127359675, 32.28093407584623975, 26.53648092132397451 ) ) ;
#2263 = CIRCLE ( 'NONE', #946, 15.00000000000000000 ) ;
#2264 = CARTESIAN_POINT ( 'NONE',  ( 25.94999999999999218, 49.56639969244290711, 18.30000000000000426 ) ) ;
#2265 = ORIENTED_EDGE ( 'NONE', *, *, #216, .F. ) ;
#2266 = CARTESIAN_POINT ( 'NONE',  ( -22.14256347910453115, 31.37317613754125034, 30.85469116024964364 ) ) ;
#2267 = CARTESIAN_POINT ( 'NONE',  ( 20.75497762141161928, 32.30794611713438513, 22.07034064033960874 ) ) ;
#2268 = DIRECTION ( 'NONE',  ( 1.314345621908742439E-16, -1.000000000000000000, -0.000000000000000000 ) ) ;
#2269 = EDGE_CURVE ( 'NONE', #2159, #1027, #2780, .T. ) ;
#2270 = PRODUCT_DEFINITION_FORMATION_WITH_SPECIFIED_SOURCE ( 'ANY', '', #2136, .NOT_KNOWN. ) ;
#2271 = DIRECTION ( 'NONE',  ( 0.000000000000000000, -0.000000000000000000, -1.000000000000000000 ) ) ;
#2272 = AXIS2_PLACEMENT_3D ( 'NONE', #2949, #608, #2665 ) ;
#2273 = FACE_BOUND ( 'NONE', #974, .T. ) ;
#2274 = ADVANCED_FACE ( 'NONE', ( #701, #1614 ), #2035, .T. ) ;
#2275 = LINE ( 'NONE', #2989, #1101 ) ;
#2276 = DIRECTION ( 'NONE',  ( 1.000000000000000000, -0.000000000000000000, -0.000000000000000000 ) ) ;
#2277 = ORIENTED_EDGE ( 'NONE', *, *, #525, .T. ) ;
#2278 = PLANE ( 'NONE',  #2369 ) ;
#2279 = CARTESIAN_POINT ( 'NONE',  ( 26.09999999999999076, 27.50000000000000355, 12.00000000000000355 ) ) ;
#2280 = CARTESIAN_POINT ( 'NONE',  ( -3.949999999999995293, 20.00000000000000355, 6.850000000000028066 ) ) ;
#2281 = CARTESIAN_POINT ( 'NONE',  ( -19.75271067622537302, 32.93021523379090354, 13.14049288518502046 ) ) ;
#2282 = ORIENTED_EDGE ( 'NONE', *, *, #1493, .F. ) ;
#2283 = CARTESIAN_POINT ( 'NONE',  ( -14.78643310809609979, 30.37663155378108115, 2.715445025552672753 ) ) ;
#2284 = ORIENTED_EDGE ( 'NONE', *, *, #360, .T. ) ;
#2285 = CARTESIAN_POINT ( 'NONE',  ( 0.000000000000000000, 35.00000000000000000, 0.000000000000000000 ) ) ;
#2286 = ORIENTED_EDGE ( 'NONE', *, *, #334, .T. ) ;
#2287 = CARTESIAN_POINT ( 'NONE',  ( -19.40113619738556849, 33.13848209016494906, 31.41965184829113866 ) ) ;
#2288 = CARTESIAN_POINT ( 'NONE',  ( 18.94999999999999929, -12.99999999999999467, 44.00000000000000000 ) ) ;
#2289 = CARTESIAN_POINT ( 'NONE',  ( -24.02967632199730375, 29.95251101624971923, 23.35132001862609030 ) ) ;
#2290 = ORIENTED_EDGE ( 'NONE', *, *, #2904, .F. ) ;
#2291 = LINE ( 'NONE', #2752, #147 ) ;
#2292 = DIRECTION ( 'NONE',  ( 1.038804297299761123E-16, -1.000000000000000000, 0.000000000000000000 ) ) ;
#2293 = VERTEX_POINT ( 'NONE', #2561 ) ;
#2294 = CARTESIAN_POINT ( 'NONE',  ( 9.611350157023618834, 33.89202160783744944, 23.07333798351914922 ) ) ;
#2295 = CARTESIAN_POINT ( 'NONE',  ( 17.86465210517632940, 33.99149735931950289, 23.24967022986682252 ) ) ;
#2296 = CARTESIAN_POINT ( 'NONE',  ( 20.94999999999998508, 32.18163296043257304, 33.65000000000000568 ) ) ;
#2297 = EDGE_CURVE ( 'NONE', #2022, #1380, #215, .T. ) ;
#2298 = DIRECTION ( 'NONE',  ( 1.000000000000000000, 1.407544320199961943E-16, -1.734723475976808475E-15 ) ) ;
#2299 = EDGE_LOOP ( 'NONE', ( #2547, #2233, #18, #2277 ) ) ;
#2300 = CARTESIAN_POINT ( 'NONE',  ( -10.98954116336786058, 33.25301379349696873, 6.186440544773975425 ) ) ;
#2301 = EDGE_LOOP ( 'NONE', ( #1912, #1637, #279, #2046, #2178 ) ) ;
#2302 = CARTESIAN_POINT ( 'NONE',  ( -25.95000000000000284, 49.56639969244290711, 18.29999999999999716 ) ) ;
#2303 = CARTESIAN_POINT ( 'NONE',  ( -10.19172006099484840, 33.64135371279260767, 25.84483140494207731 ) ) ;
#2304 = ORIENTED_EDGE ( 'NONE', *, *, #1116, .T. ) ;
#2305 = COLOUR_RGB ( '',0.7921568627450980005, 0.8196078431372548767, 0.9333333333333333481 ) ;
#2306 = EDGE_CURVE ( 'NONE', #129, #681, #1387, .T. ) ;
#2307 = CARTESIAN_POINT ( 'NONE',  ( -18.94999999999999929, -13.00000000000000355, 44.00000000000000000 ) ) ;
#2308 = CARTESIAN_POINT ( 'NONE',  ( 16.94038105676657580, 27.50000000000000355, 37.14999999999999858 ) ) ;
#2309 = DIRECTION ( 'NONE',  ( 0.000000000000000000, 0.000000000000000000, -1.000000000000000000 ) ) ;
#2310 = ORIENTED_EDGE ( 'NONE', *, *, #1119, .T. ) ;
#2311 = VECTOR ( 'NONE', #940, 1000.000000000000000 ) ;
#2312 = CARTESIAN_POINT ( 'NONE',  ( 12.56676988315839871, 32.28034148352488586, 22.06348125257711601 ) ) ;
#2313 = CARTESIAN_POINT ( 'NONE',  ( 20.84918569540035804, 32.24723403707130842, 22.06277777784462657 ) ) ;
#2314 = EDGE_CURVE ( 'NONE', #656, #2161, #651, .T. ) ;
#2315 = CARTESIAN_POINT ( 'NONE',  ( -20.55644942601239933, 32.43783141174104401, 13.65000000000000036 ) ) ;
#2316 = EDGE_CURVE ( 'NONE', #1815, #733, #2345, .T. ) ;
#2317 = DIRECTION ( 'NONE',  ( -1.734723475976808475E-15, -2.280026205872433788E-31, 1.000000000000000000 ) ) ;
#2318 = ORIENTED_EDGE ( 'NONE', *, *, #2442, .F. ) ;
#2319 = AXIS2_PLACEMENT_3D ( 'NONE', #58, #2373, #1211 ) ;
#2320 = CARTESIAN_POINT ( 'NONE',  ( -22.54654894559381972, 31.08418987283749502, 11.52450628960315981 ) ) ;
#2321 = VERTEX_POINT ( 'NONE', #2279 ) ;
#2322 = CARTESIAN_POINT ( 'NONE',  ( -18.10778358971352020, 33.86294763338516134, 5.572321750582368338 ) ) ;
#2323 = ORIENTED_EDGE ( 'NONE', *, *, #809, .T. ) ;
#2324 = LINE ( 'NONE', #2820, #1744 ) ;
#2325 = VERTEX_POINT ( 'NONE', #201 ) ;
#2326 = VECTOR ( 'NONE', #1958, 1000.000000000000000 ) ;
#2327 = DIRECTION ( 'NONE',  ( 1.000000000000000000, 0.000000000000000000, -0.000000000000000000 ) ) ;
#2328 = CARTESIAN_POINT ( 'NONE',  ( 19.72807939896433282, 32.94780024627097959, 6.355129316407775342 ) ) ;
#2329 = EDGE_CURVE ( 'NONE', #1150, #2671, #2823, .T. ) ;
#2330 = FACE_OUTER_BOUND ( 'NONE', #465, .T. ) ;
#2331 = DIRECTION ( 'NONE',  ( 1.000000000000000000, 1.407544320199961943E-16, 0.000000000000000000 ) ) ;
#2332 = CARTESIAN_POINT ( 'NONE',  ( 25.94999999999999574, -12.99999999999999467, 25.69999999999999929 ) ) ;
#2333 = CARTESIAN_POINT ( 'NONE',  ( 21.72287491052840380, 31.66524869527351882, 30.53861440696046259 ) ) ;
#2334 = LINE ( 'NONE', #2571, #494 ) ;
#2335 = EDGE_LOOP ( 'NONE', ( #1959, #2286, #1455, #1014 ) ) ;
#2336 = VERTEX_POINT ( 'NONE', #1136 ) ;
#2337 = LINE ( 'NONE', #698, #483 ) ;
#2338 = CARTESIAN_POINT ( 'NONE',  ( -18.27501792806004133, 33.77311477700622078, 2.907474543694206659 ) ) ;
#2339 = CARTESIAN_POINT ( 'NONE',  ( 19.91621762255030958, 32.83158273064162813, 13.29046251246275645 ) ) ;
#2340 = CARTESIAN_POINT ( 'NONE',  ( 22.54795154630491893, 31.08317329038415266, 32.47140878872323810 ) ) ;
#2341 = PLANE ( 'NONE',  #34 ) ;
#2342 = AXIS2_PLACEMENT_3D ( 'NONE', #357, #1956, #151 ) ;
#2343 = ORIENTED_EDGE ( 'NONE', *, *, #463, .F. ) ;
#2344 = CARTESIAN_POINT ( 'NONE',  ( 17.79086253537722229, 34.03015123746956760, 3.325780619120449977 ) ) ;
#2345 = CIRCLE ( 'NONE', #1657, 15.00000000000000178 ) ;
#2346 = CARTESIAN_POINT ( 'NONE',  ( -17.44396710296341624, 34.20919886958088796, 24.74045130362161515 ) ) ;
#2347 = VERTEX_POINT ( 'NONE', #2546 ) ;
#2348 =( NAMED_UNIT ( * ) PLANE_ANGLE_UNIT ( ) SI_UNIT ( $, .RADIAN. ) );
#2349 = ORIENTED_EDGE ( 'NONE', *, *, #1212, .T. ) ;
#2350 = CARTESIAN_POINT ( 'NONE',  ( -21.98268119004309540, 31.48540786885363474, 13.29124884212862234 ) ) ;
#2351 = CARTESIAN_POINT ( 'NONE',  ( -17.44396710296341979, 34.20919886958089506, 4.740451303621601831 ) ) ;
#2352 = CARTESIAN_POINT ( 'NONE',  ( 12.94999999999971507, 32.00000000000021316, 2.050000000000085976 ) ) ;
#2353 = AXIS2_PLACEMENT_3D ( 'NONE', #1814, #2317, #1334 ) ;
#2354 = LINE ( 'NONE', #515, #1255 ) ;
#2355 = ADVANCED_FACE ( 'NONE', ( #1372 ), #2067, .T. ) ;
#2356 = FACE_OUTER_BOUND ( 'NONE', #1899, .T. ) ;
#2357 = CARTESIAN_POINT ( 'NONE',  ( 17.65362357674136362, 34.10154773039580078, 3.491226492799789582 ) ) ;
#2358 = CARTESIAN_POINT ( 'NONE',  ( 22.35748518769117155, 31.22045221992685171, 12.89143751146881378 ) ) ;
#2359 = DIRECTION ( 'NONE',  ( -0.000000000000000000, -0.000000000000000000, 1.000000000000000000 ) ) ;
#2360 = CARTESIAN_POINT ( 'NONE',  ( -12.94999999999971507, 32.00000000000021316, 6.550000000000091305 ) ) ;
#2361 = ADVANCED_FACE ( 'NONE', ( #905 ), #1825, .F. ) ;
#2362 = CYLINDRICAL_SURFACE ( 'NONE', #298, 2.250000000000002220 ) ;
#2363 = ORIENTED_EDGE ( 'NONE', *, *, #422, .T. ) ;
#2364 = DIRECTION ( 'NONE',  ( 1.000000000000000000, -0.000000000000000000, -0.000000000000000000 ) ) ;
#2365 = LINE ( 'NONE', #1880, #953 ) ;
#2366 = VECTOR ( 'NONE', #370, 1000.000000000000000 ) ;
#2367 = CARTESIAN_POINT ( 'NONE',  ( 12.17465077017107156, 32.55266784016579606, 6.496309877381344577 ) ) ;
#2368 = CARTESIAN_POINT ( 'NONE',  ( 22.22174395171640526, 31.31758119647982852, 33.07261911866667248 ) ) ;
#2369 = AXIS2_PLACEMENT_3D ( 'NONE', #619, #683, #1371 ) ;
#2370 = DIRECTION ( 'NONE',  ( 0.000000000000000000, 0.000000000000000000, -1.000000000000000000 ) ) ;
#2371 = CARTESIAN_POINT ( 'NONE',  ( 21.13296895649899554, 32.06197425301285620, 2.050000000000085976 ) ) ;
#2372 = CARTESIAN_POINT ( 'NONE',  ( -18.62389984704667256, 33.58198797717204798, 22.69364474695651168 ) ) ;
#2373 = DIRECTION ( 'NONE',  ( -1.000000000000000000, 1.038804297299761123E-16, 0.000000000000000000 ) ) ;
#2374 = CARTESIAN_POINT ( 'NONE',  ( 22.34193141187983045, 31.23146757416586539, 11.10716502832581831 ) ) ;
#2375 = LINE ( 'NONE', #2816, #839 ) ;
#2376 = CARTESIAN_POINT ( 'NONE',  ( -17.38030185967915031, 34.24158849782291014, 4.523244266774027800 ) ) ;
#2377 = CARTESIAN_POINT ( 'NONE',  ( 19.67871382322727669, 32.97487556025811983, 13.07346609482142341 ) ) ;
#2378 = ORIENTED_EDGE ( 'NONE', *, *, #1622, .F. ) ;
#2379 = ORIENTED_EDGE ( 'NONE', *, *, #1423, .T. ) ;
#2380 = CARTESIAN_POINT ( 'NONE',  ( 22.60092758854417738, 31.04445318394544273, 32.23283703300551650 ) ) ;
#2381 = AXIS2_PLACEMENT_3D ( 'NONE', #1694, #165, #2670 ) ;
#2382 = PLANE ( 'NONE',  #1331 ) ;
#2383 = ORIENTED_EDGE ( 'NONE', *, *, #325, .F. ) ;
#2384 = CARTESIAN_POINT ( 'NONE',  ( 17.67829915932572149, 34.08876434343878259, 5.141041551170529189 ) ) ;
#2385 = CARTESIAN_POINT ( 'NONE',  ( -19.72614865131966155, 32.94670995872419184, 26.34492864157943259 ) ) ;
#2386 = DIRECTION ( 'NONE',  ( -1.000000000000000000, -1.038804297299761123E-16, 0.000000000000000000 ) ) ;
#2387 = EDGE_CURVE ( 'NONE', #1380, #414, #2492, .T. ) ;
#2388 = B_SPLINE_CURVE_WITH_KNOTS ( 'NONE', 3,
 ( #1611, #2559, #242, #2623, #1024, #1004, #1245, #106, #1483, #2374, #1237, #102, #288, #2826, #2143, #2843, #2860, #2358, #1017, #1711, #274, #330 ),
 .UNSPECIFIED., .F., .F.,
 ( 4, 2, 2, 2, 2, 2, 2, 2, 2, 2, 4 ),
 ( 3.469446951953614189E-18, 0.0007110564296561898076, 0.001066584644484279724, 0.001422112859312369424, 0.001777641074140459123, 0.002133169288968552943, 0.002488697503796646546, 0.002844225718624740582, 0.003555282148280928655, 0.004266338577937116294, 0.005688451437249488971 ),
 .UNSPECIFIED. ) ;
#2389 = FACE_BOUND ( 'NONE', #2335, .T. ) ;
#2390 = CARTESIAN_POINT ( 'NONE',  ( -22.53623614042255952, 31.09395162343873764, 26.37338052329694804 ) ) ;
#2391 = ORIENTED_EDGE ( 'NONE', *, *, #2562, .F. ) ;
#2392 = CARTESIAN_POINT ( 'NONE',  ( 22.52827594290650381, 31.09780745908453170, 22.23488621667198828 ) ) ;
#2393 = CARTESIAN_POINT ( 'NONE',  ( -22.53733808096012226, 31.09315166008895304, 2.226971322239982065 ) ) ;
#2394 = EDGE_CURVE ( 'NONE', #1113, #644, #937, .T. ) ;
#2395 = CARTESIAN_POINT ( 'NONE',  ( 29.84999999999999787, -12.99999999999999467, 44.00000000000000000 ) ) ;
#2396 = ORIENTED_EDGE ( 'NONE', *, *, #2236, .F. ) ;
#2397 = CARTESIAN_POINT ( 'NONE',  ( -1.352835340002524229E-13, 49.56639969244290711, 37.14999999999994174 ) ) ;
#2398 = VECTOR ( 'NONE', #1522, 1000.000000000000000 ) ;
#2399 = EDGE_CURVE ( 'NONE', #1386, #479, #830, .T. ) ;
#2400 = AXIS2_PLACEMENT_3D ( 'NONE', #690, #251, #2550 ) ;
#2401 = CARTESIAN_POINT ( 'NONE',  ( -17.43653357373684543, 34.21319246324492269, 23.84889413351287857 ) ) ;
#2402 = DIRECTION ( 'NONE',  ( 1.000000000000000000, 0.000000000000000000, 0.000000000000000000 ) ) ;
#2403 = ORIENTED_EDGE ( 'NONE', *, *, #2802, .F. ) ;
#2404 = DIRECTION ( 'NONE',  ( 1.000000000000000000, 0.000000000000000000, -0.000000000000000000 ) ) ;
#2405 = EDGE_LOOP ( 'NONE', ( #1808, #2092, #1262, #880 ) ) ;
#2406 = ORIENTED_EDGE ( 'NONE', *, *, #2967, .T. ) ;
#2407 = CARTESIAN_POINT ( 'NONE',  ( 24.02483708375244476, 29.95639151231337394, 23.34323931204296443 ) ) ;
#2408 = CARTESIAN_POINT ( 'NONE',  ( 19.53829705410617734, 33.05793096423580124, 11.11555635197885294 ) ) ;
#2409 = CARTESIAN_POINT ( 'NONE',  ( 14.32843576603102598, 30.83482792800741024, 6.246922910953320418 ) ) ;
#2410 = CARTESIAN_POINT ( 'NONE',  ( -21.34597836556212513, 31.92057624384964143, 33.60490715283386010 ) ) ;
#2411 = DIRECTION ( 'NONE',  ( -0.000000000000000000, -1.000000000000000000, -0.000000000000000000 ) ) ;
#2412 = CARTESIAN_POINT ( 'NONE',  ( 1.888727402654815038E-15, -12.99999999999999822, 0.000000000000000000 ) ) ;
#2413 = AXIS2_PLACEMENT_3D ( 'NONE', #2914, #1970, #2416 ) ;
#2414 = VECTOR ( 'NONE', #2437, 1000.000000000000000 ) ;
#2415 = CARTESIAN_POINT ( 'NONE',  ( -25.94999999999999929, 20.00000000000000000, 19.99999999999999289 ) ) ;
#2416 = DIRECTION ( 'NONE',  ( 0.000000000000000000, 0.000000000000000000, -1.000000000000000000 ) ) ;
#2417 = EDGE_CURVE ( 'NONE', #2831, #2527, #1175, .T. ) ;
#2418 = ORIENTED_EDGE ( 'NONE', *, *, #563, .F. ) ;
#2419 = AXIS2_PLACEMENT_3D ( 'NONE', #1800, #1128, #425 ) ;
#2420 = CARTESIAN_POINT ( 'NONE',  ( 15.05594719204327347, 30.08311261570898765, 25.49049227200156764 ) ) ;
#2421 = DIRECTION ( 'NONE',  ( 1.734723475976811828E-15, 2.280026205872438167E-31, -1.000000000000000000 ) ) ;
#2422 = ORIENTED_EDGE ( 'NONE', *, *, #272, .F. ) ;
#2423 = FACE_OUTER_BOUND ( 'NONE', #2696, .T. ) ;
#2424 = EDGE_LOOP ( 'NONE', ( #1848, #1411, #811, #2796 ) ) ;
#2425 = CARTESIAN_POINT ( 'NONE',  ( 19.29908233284337626, 33.19797316507015239, 11.77095892036893332 ) ) ;
#2426 = CARTESIAN_POINT ( 'NONE',  ( 25.94999999999999929, 20.00000000000000000, 22.00000000000000000 ) ) ;
#2427 = FACE_BOUND ( 'NONE', #1647, .T. ) ;
#2428 = EDGE_CURVE ( 'NONE', #2022, #551, #1461, .T. ) ;
#2429 = CARTESIAN_POINT ( 'NONE',  ( 15.19725807569899168, 29.92524099617471833, 5.187188914377997229 ) ) ;
#2430 = CARTESIAN_POINT ( 'NONE',  ( -15.19604333889810022, 29.92661387948151486, 25.19022116540861234 ) ) ;
#2431 = LINE ( 'NONE', #132, #131 ) ;
#2432 = CARTESIAN_POINT ( 'NONE',  ( 1.888727402654815038E-15, -12.99999999999999822, 44.00000000000000000 ) ) ;
#2433 = EDGE_CURVE ( 'NONE', #1460, #1027, #2324, .T. ) ;
#2434 = ORIENTED_EDGE ( 'NONE', *, *, #249, .F. ) ;
#2435 = VECTOR ( 'NONE', #2736, 1000.000000000000000 ) ;
#2436 = CARTESIAN_POINT ( 'NONE',  ( 15.34876994197801459, 29.75028430084237385, 24.11190181964433776 ) ) ;
#2437 = DIRECTION ( 'NONE',  ( 1.000000000000000000, -0.000000000000000000, -0.000000000000000000 ) ) ;
#2438 = AXIS2_PLACEMENT_3D ( 'NONE', #2397, #1859, #314 ) ;
#2439 = ORIENTED_EDGE ( 'NONE', *, *, #1868, .T. ) ;
#2440 = VECTOR ( 'NONE', #572, 1000.000000000000000 ) ;
#2441 = CARTESIAN_POINT ( 'NONE',  ( 21.22639865827423833, 32.00000000000020606, 26.55000000000010729 ) ) ;
#2442 = EDGE_CURVE ( 'NONE', #560, #2044, #2094, .T. ) ;
#2443 = CARTESIAN_POINT ( 'NONE',  ( -12.17943436268873469, 32.54953823475648278, 22.10289175697015196 ) ) ;
#2444 = ORIENTED_EDGE ( 'NONE', *, *, #2925, .F. ) ;
#2445 = DIRECTION ( 'NONE',  ( 0.000000000000000000, 0.000000000000000000, -1.000000000000000000 ) ) ;
#2446 = CARTESIAN_POINT ( 'NONE',  ( -15.34876771738832879, 29.75028690167372858, 24.48911099314172191 ) ) ;
#2447 = CARTESIAN_POINT ( 'NONE',  ( -18.94999999999999929, 20.00000000000000355, 44.00000000000000000 ) ) ;
#2448 = CARTESIAN_POINT ( 'NONE',  ( 20.94999999999998863, -12.99999999999999467, 32.00000000000000711 ) ) ;
#2449 = VECTOR ( 'NONE', #2545, 1000.000000000000000 ) ;
#2450 = DIRECTION ( 'NONE',  ( 1.314345621908742439E-16, -1.000000000000000000, -0.000000000000000000 ) ) ;
#2451 = CIRCLE ( 'NONE', #2693, 1.649999999999998579 ) ;
#2452 = CARTESIAN_POINT ( 'NONE',  ( 14.32843576603102420, 30.83482792800739958, 26.24692291095334085 ) ) ;
#2453 = DIRECTION ( 'NONE',  ( -0.000000000000000000, -1.000000000000000000, -0.000000000000000000 ) ) ;
#2454 = EDGE_CURVE ( 'NONE', #2719, #1221, #720, .T. ) ;
#2455 = ORIENTED_EDGE ( 'NONE', *, *, #1312, .F. ) ;
#2456 = CARTESIAN_POINT ( 'NONE',  ( 21.22639865827423833, 32.00000000000020606, 22.05000000000010374 ) ) ;
#2457 = CARTESIAN_POINT ( 'NONE',  ( -23.69701824648824129, 30.21654207724060015, 2.919527272674010909 ) ) ;
#2458 = ORIENTED_EDGE ( 'NONE', *, *, #2137, .F. ) ;
#2459 = CARTESIAN_POINT ( 'NONE',  ( 12.94999999999972573, 32.00000000000020606, 26.55000000000010729 ) ) ;
#2460 = CARTESIAN_POINT ( 'NONE',  ( 29.84999999999999787, 20.00000000000000000, 19.99999999999999289 ) ) ;
#2461 = CARTESIAN_POINT ( 'NONE',  ( -1.270601466488169428E-13, -12.99999999999999822, 37.14999999999994174 ) ) ;
#2462 = AXIS2_PLACEMENT_3D ( 'NONE', #2653, #1145, #2402 ) ;
#2463 =( LENGTH_UNIT ( ) NAMED_UNIT ( * ) SI_UNIT ( .MILLI., .METRE. ) );
#2464 = CARTESIAN_POINT ( 'NONE',  ( -29.85000000000000853, 20.00000000000000000, 19.99999999999999289 ) ) ;
#2465 = VERTEX_POINT ( 'NONE', #2180 ) ;
#2466 = DIRECTION ( 'NONE',  ( 0.000000000000000000, 0.000000000000000000, -1.000000000000000000 ) ) ;
#2467 = DIRECTION ( 'NONE',  ( 0.000000000000000000, -1.000000000000000000, 0.000000000000000000 ) ) ;
#2468 = DIRECTION ( 'NONE',  ( 0.000000000000000000, -1.000000000000000000, 0.000000000000000000 ) ) ;
#2469 = CARTESIAN_POINT ( 'NONE',  ( 25.94999999999999218, 27.50000000000000355, 18.30000000000000426 ) ) ;
#2470 = ORIENTED_EDGE ( 'NONE', *, *, #180, .F. ) ;
#2471 = CARTESIAN_POINT ( 'NONE',  ( -19.67914128089329040, 32.97418917712204944, 33.05819097079492508 ) ) ;
#2472 = DIRECTION ( 'NONE',  ( 0.000000000000000000, 0.000000000000000000, -1.000000000000000000 ) ) ;
#2473 = CARTESIAN_POINT ( 'NONE',  ( -20.94999999999999218, 27.50000000000000355, 32.00000000000000000 ) ) ;
#2474 = ORIENTED_EDGE ( 'NONE', *, *, #914, .F. ) ;
#2475 = LINE ( 'NONE', #1035, #1940 ) ;
#2476 = CARTESIAN_POINT ( 'NONE',  ( 18.94999999999999929, 20.00000000000000355, 0.000000000000000000 ) ) ;
#2477 = LINE ( 'NONE', #2461, #546 ) ;
#2478 = CARTESIAN_POINT ( 'NONE',  ( -18.94999999999999574, 20.00000000000000355, 6.850000000000002309 ) ) ;
#2479 = EDGE_LOOP ( 'NONE', ( #2210, #490 ) ) ;
#2480 = LINE ( 'NONE', #1740, #1871 ) ;
#2481 = ORIENTED_EDGE ( 'NONE', *, *, #827, .T. ) ;
#2482 = EDGE_LOOP ( 'NONE', ( #734, #1643, #2199, #535 ) ) ;
#2483 = CARTESIAN_POINT ( 'NONE',  ( 15.19725807569900056, 29.92524099617470412, 25.18718891437800877 ) ) ;
#2484 = EDGE_CURVE ( 'NONE', #877, #560, #245, .T. ) ;
#2485 = CARTESIAN_POINT ( 'NONE',  ( -9.244012597893480176, 34.03613584800416447, 3.331059192950690750 ) ) ;
#2486 = CARTESIAN_POINT ( 'NONE',  ( -18.94999999999999929, -1.968534143383047056E-15, 0.000000000000000000 ) ) ;
#2487 = ORIENTED_EDGE ( 'NONE', *, *, #1586, .F. ) ;
#2488 = EDGE_CURVE ( 'NONE', #2651, #1117, #2166, .T. ) ;
#2489 = CARTESIAN_POINT ( 'NONE',  ( -19.68549727149906303, 32.97039633436590123, 30.93423559933783551 ) ) ;
#2490 = DIRECTION ( 'NONE',  ( 0.000000000000000000, 0.000000000000000000, -1.000000000000000000 ) ) ;
#2491 = ORIENTED_EDGE ( 'NONE', *, *, #827, .F. ) ;
#2492 = CIRCLE ( 'NONE', #1944, 15.00000000000000000 ) ;
#2493 = CARTESIAN_POINT ( 'NONE',  ( 26.09999999999998721, 49.56639969244290711, 12.00000000000000355 ) ) ;
#2494 = CARTESIAN_POINT ( 'NONE',  ( -21.72733024878806063, 31.66284245444998646, 30.53049385780674996 ) ) ;
#2495 = EDGE_CURVE ( 'NONE', #1933, #2951, #1046, .T. ) ;
#2496 = CARTESIAN_POINT ( 'NONE',  ( 17.79086253537723650, 34.03015123746957471, 23.32578061912046508 ) ) ;
#2497 = DIRECTION ( 'NONE',  ( 0.000000000000000000, -1.000000000000000000, 0.000000000000000000 ) ) ;
#2498 = EDGE_CURVE ( 'NONE', #2719, #2293, #790, .T. ) ;
#2499 = DIRECTION ( 'NONE',  ( 1.314345621908742439E-16, -1.000000000000000000, -1.734723475976807094E-16 ) ) ;
#2500 = DIRECTION ( 'NONE',  ( 1.314345621908742439E-16, -1.000000000000000000, -0.000000000000000000 ) ) ;
#2501 = DIRECTION ( 'NONE',  ( 0.000000000000000000, 0.000000000000000000, -1.000000000000000000 ) ) ;
#2502 = CARTESIAN_POINT ( 'NONE',  ( -12.76042224419299487, 32.14218331685524532, 6.550000000000092193 ) ) ;
#2503 = STYLED_ITEM ( 'NONE', ( #2174 ), #821 ) ;
#2504 = ORIENTED_EDGE ( 'NONE', *, *, #914, .T. ) ;
#2505 = CARTESIAN_POINT ( 'NONE',  ( -19.49084950608154543, 33.08579352581570276, 32.77878622200270087 ) ) ;
#2506 = EDGE_LOOP ( 'NONE', ( #2091, #1627 ) ) ;
#2507 = CYLINDRICAL_SURFACE ( 'NONE', #2921, 15.00000000000000178 ) ;
#2508 = DIRECTION ( 'NONE',  ( -0.000000000000000000, -0.000000000000000000, 1.000000000000000000 ) ) ;
#2509 = DIRECTION ( 'NONE',  ( 1.000000000000000000, 0.000000000000000000, 0.000000000000000000 ) ) ;
#2510 = DIRECTION ( 'NONE',  ( 1.000000000000000000, 0.000000000000000000, 1.734723475976808475E-15 ) ) ;
#2511 = VERTEX_POINT ( 'NONE', #1962 ) ;
#2512 = LINE ( 'NONE', #864, #1714 ) ;
#2513 = CARTESIAN_POINT ( 'NONE',  ( -19.49084950608154543, 33.08579352581570987, 12.77878622200271153 ) ) ;
#2514 = CARTESIAN_POINT ( 'NONE',  ( -15.34925400169303167, 29.74971837258953045, 4.117778733824420279 ) ) ;
#2515 = VECTOR ( 'NONE', #1300, 1000.000000000000000 ) ;
#2516 = VERTEX_POINT ( 'NONE', #1501 ) ;
#2517 = EDGE_CURVE ( 'NONE', #1596, #397, #639, .T. ) ;
#2518 = VERTEX_POINT ( 'NONE', #1146 ) ;
#2519 = CARTESIAN_POINT ( 'NONE',  ( -9.800867940959015812, 33.81350588282364811, 5.638559857891054072 ) ) ;
#2520 = CARTESIAN_POINT ( 'NONE',  ( 18.94999999999999929, -1.968534143383048634E-15, 18.30000000000000071 ) ) ;
#2521 = VECTOR ( 'NONE', #925, 1000.000000000000000 ) ;
#2522 = EDGE_CURVE ( 'NONE', #2347, #1297, #1835, .T. ) ;
#2523 = ORIENTED_EDGE ( 'NONE', *, *, #900, .F. ) ;
#2524 = DIRECTION ( 'NONE',  ( 1.734723475976808475E-15, 2.280026205872433788E-31, -1.000000000000000000 ) ) ;
#2525 = ORIENTED_EDGE ( 'NONE', *, *, #2517, .T. ) ;
#2526 = DIRECTION ( 'NONE',  ( -1.000000000000000000, 1.038804297299761123E-16, 0.000000000000000000 ) ) ;
#2527 = VERTEX_POINT ( 'NONE', #2764 ) ;
#2528 = VERTEX_POINT ( 'NONE', #616 ) ;
#2529 = VECTOR ( 'NONE', #1926, 1000.000000000000000 ) ;
#2530 = DIRECTION ( 'NONE',  ( 0.000000000000000000, 0.000000000000000000, -1.000000000000000000 ) ) ;
#2531 = CARTESIAN_POINT ( 'NONE',  ( -20.94999999999999929, 32.18163296043256594, 30.35000000000000142 ) ) ;
#2532 = ADVANCED_FACE ( 'NONE', ( #1114, #2063, #2957 ), #2507, .F. ) ;
#2533 = CARTESIAN_POINT ( 'NONE',  ( 17.65362357674137783, 34.10154773039580078, 23.49122649279981090 ) ) ;
#2534 = CARTESIAN_POINT ( 'NONE',  ( 19.99705270210467134, 32.78244611988614565, 30.64896679484381536 ) ) ;
#2535 = DIRECTION ( 'NONE',  ( 1.734723475976808475E-15, 2.280026205872433788E-31, -1.000000000000000000 ) ) ;
#2536 = EDGE_LOOP ( 'NONE', ( #1890, #2968, #2310, #2204, #1784 ) ) ;
#2537 = CARTESIAN_POINT ( 'NONE',  ( -8.665064848235488171, 34.23976872408309902, 4.059355327012235115 ) ) ;
#2538 = EDGE_CURVE ( 'NONE', #321, #182, #1353, .T. ) ;
#2539 = ORIENTED_EDGE ( 'NONE', *, *, #1868, .F. ) ;
#2540 = CARTESIAN_POINT ( 'NONE',  ( -19.31387088708267896, 33.18938439089849624, 31.75692266237863848 ) ) ;
#2541 = ORIENTED_EDGE ( 'NONE', *, *, #422, .F. ) ;
#2542 = CARTESIAN_POINT ( 'NONE',  ( -8.764200770508519867, 34.20655623412783086, 24.75325178026217543 ) ) ;
#2543 = VERTEX_POINT ( 'NONE', #1548 ) ;
#2544 = ADVANCED_FACE ( 'NONE', ( #3001 ), #2976, .F. ) ;
#2545 = DIRECTION ( 'NONE',  ( 1.314345621908742439E-16, -1.000000000000000000, -0.000000000000000000 ) ) ;
#2546 = CARTESIAN_POINT ( 'NONE',  ( 25.94999999999999218, 20.00000000000000000, 19.99999999999999289 ) ) ;
#2547 = ORIENTED_EDGE ( 'NONE', *, *, #486, .T. ) ;
#2548 = CARTESIAN_POINT ( 'NONE',  ( 17.58978924788622322, 34.13448352709741584, 23.58137775762914501 ) ) ;
#2549 = CARTESIAN_POINT ( 'NONE',  ( 20.47988528460479074, 32.48582701070489520, 6.510396781046202008 ) ) ;
#2550 = DIRECTION ( 'NONE',  ( 0.000000000000000000, 0.000000000000000000, -1.000000000000000000 ) ) ;
#2551 = ORIENTED_EDGE ( 'NONE', *, *, #1345, .T. ) ;
#2552 = CARTESIAN_POINT ( 'NONE',  ( -21.89366145449578838, 31.54969534003004128, 22.08255833816889435 ) ) ;
#2553 = ORIENTED_EDGE ( 'NONE', *, *, #746, .T. ) ;
#2554 = EDGE_CURVE ( 'NONE', #2626, #2963, #2000, .T. ) ;
#2555 = CARTESIAN_POINT ( 'NONE',  ( -22.21188555215729465, 31.32409010331171118, 13.06879990037040251 ) ) ;
#2556 = ORIENTED_EDGE ( 'NONE', *, *, #657, .T. ) ;
#2557 = CIRCLE ( 'NONE', #1564, 15.00000000000000178 ) ;
#2558 = CARTESIAN_POINT ( 'NONE',  ( -21.22639865827423833, 32.00000000000020606, 26.55000000000010729 ) ) ;
#2559 = CARTESIAN_POINT ( 'NONE',  ( 21.15188846959834734, 32.05020509152096508, 10.35000000000000853 ) ) ;
#2560 = CARTESIAN_POINT ( 'NONE',  ( -17.59851624648307578, 34.12998691943236906, 5.031790116572967264 ) ) ;
#2561 = CARTESIAN_POINT ( 'NONE',  ( 20.94999999999998508, 27.50000000000000355, 13.65000000000000213 ) ) ;
#2562 = EDGE_CURVE ( 'NONE', #1969, #238, #184, .T. ) ;
#2563 = DIRECTION ( 'NONE',  ( -0.000000000000000000, -0.000000000000000000, 1.000000000000000000 ) ) ;
#2564 = CARTESIAN_POINT ( 'NONE',  ( 17.81699705886868657, 34.01647735191556166, 25.30205112765178299 ) ) ;
#2565 = CARTESIAN_POINT ( 'NONE',  ( 20.55293040296470153, 32.43744039761983089, 30.38556593859302524 ) ) ;
#2566 = CARTESIAN_POINT ( 'NONE',  ( -25.95000000000000284, 49.56639969244290000, 24.00000000000000711 ) ) ;
#2567 = AXIS2_PLACEMENT_3D ( 'NONE', #1662, #2138, #63 ) ;
#2568 = LINE ( 'NONE', #1200, #2129 ) ;
#2569 = EDGE_CURVE ( 'NONE', #1866, #1172, #1308, .T. ) ;
#2570 = VERTEX_POINT ( 'NONE', #2012 ) ;
#2571 = CARTESIAN_POINT ( 'NONE',  ( -29.85000000000000853, 2.449293598294709373E-16, 24.00000000000000355 ) ) ;
#2572 = LINE ( 'NONE', #2835, #90 ) ;
#2573 = CARTESIAN_POINT ( 'NONE',  ( 8.836647300269056871, 34.18192896829430083, 3.743011845191049236 ) ) ;
#2574 = CARTESIAN_POINT ( 'NONE',  ( 20.94999999999998153, 38.39999999999999858, 33.65000000000000568 ) ) ;
#2575 = ORIENTED_EDGE ( 'NONE', *, *, #2454, .T. ) ;
#2576 = DIRECTION ( 'NONE',  ( 0.000000000000000000, 0.000000000000000000, -1.000000000000000000 ) ) ;
#2577 = CARTESIAN_POINT ( 'NONE',  ( 17.44394052159229602, 34.20942839675085878, 4.769157138758697734 ) ) ;
#2578 = CIRCLE ( 'NONE', #1488, 1.649999999999998579 ) ;
#2579 = PLANE ( 'NONE',  #28 ) ;
#2580 = ORIENTED_EDGE ( 'NONE', *, *, #216, .T. ) ;
#2581 = CARTESIAN_POINT ( 'NONE',  ( -22.34302587966197606, 31.23068483276151142, 12.89116063219102593 ) ) ;
#2582 = CARTESIAN_POINT ( 'NONE',  ( -22.85493160136024571, 30.86009922084263835, 22.34049968000096342 ) ) ;
#2583 = CARTESIAN_POINT ( 'NONE',  ( -17.36345921940644743, 34.25011363485446481, 4.411496782398478977 ) ) ;
#2584 = CARTESIAN_POINT ( 'NONE',  ( 12.56676988315837917, 32.28034148352487165, 2.063481252577096026 ) ) ;
#2585 = LINE ( 'NONE', #1858, #2890 ) ;
#2586 = VERTEX_POINT ( 'NONE', #2942 ) ;
#2587 = PLANE ( 'NONE',  #2438 ) ;
#2588 = ADVANCED_FACE ( 'NONE', ( #1804 ), #858, .T. ) ;
#2589 = AXIS2_PLACEMENT_3D ( 'NONE', #2054, #1583, #2992 ) ;
#2590 = CARTESIAN_POINT ( 'NONE',  ( -17.87751402930553724, 33.98473273426319707, 23.23705002724096502 ) ) ;
#2591 = DIRECTION ( 'NONE',  ( 1.000000000000000000, -0.000000000000000000, -0.000000000000000000 ) ) ;
#2592 = EDGE_CURVE ( 'NONE', #1150, #1949, #1577, .T. ) ;
#2593 = CARTESIAN_POINT ( 'NONE',  ( 16.94999999999999218, 27.50000000000000355, 0.000000000000000000 ) ) ;
#2594 = ORIENTED_EDGE ( 'NONE', *, *, #894, .T. ) ;
#2595 = CIRCLE ( 'NONE', #1855, 15.00000000000000178 ) ;
#2596 = VERTEX_POINT ( 'NONE', #648 ) ;
#2597 = CARTESIAN_POINT ( 'NONE',  ( -17.80386979342242171, 34.02334900466841816, 3.311810917457262082 ) ) ;
#2598 = CARTESIAN_POINT ( 'NONE',  ( 8.634987927491653892, 34.24959261591129689, 4.173514451292330563 ) ) ;
#2599 = AXIS2_PLACEMENT_3D ( 'NONE', #2448, #2216, #1539 ) ;
#2600 = CARTESIAN_POINT ( 'NONE',  ( 29.84999999999999787, 20.00000000000000000, 19.99999999999999289 ) ) ;
#2601 = DIRECTION ( 'NONE',  ( 1.314345621908742439E-16, -1.000000000000000000, -0.000000000000000000 ) ) ;
#2602 = ORIENTED_EDGE ( 'NONE', *, *, #2130, .T. ) ;
#2603 = FACE_BOUND ( 'NONE', #2479, .T. ) ;
#2604 = CARTESIAN_POINT ( 'NONE',  ( -19.72744946854022885, 32.94593547532378608, 22.25469009671392939 ) ) ;
#2605 = CARTESIAN_POINT ( 'NONE',  ( -18.94999999999999929, -1.968534143383047056E-15, 0.000000000000000000 ) ) ;
#2606 = EDGE_LOOP ( 'NONE', ( #1613, #1439, #530, #1234 ) ) ;
#2607 = CARTESIAN_POINT ( 'NONE',  ( -22.60061562499081234, 31.04468028441655747, 11.76340387088759165 ) ) ;
#2608 = ADVANCED_FACE ( 'NONE', ( #2717 ), #632, .F. ) ;
#2609 = CARTESIAN_POINT ( 'NONE',  ( 18.94999999999999929, 20.00000000000000355, 44.00000000000000000 ) ) ;
#2610 = CARTESIAN_POINT ( 'NONE',  ( -21.22639865827422767, 32.00000000000021316, 6.550000000000091305 ) ) ;
#2611 = AXIS2_PLACEMENT_3D ( 'NONE', #2069, #2497, #2739 ) ;
#2612 = CARTESIAN_POINT ( 'NONE',  ( 10.18819634472986202, 33.64297938790264197, 5.843161394362939021 ) ) ;
#2613 = ORIENTED_EDGE ( 'NONE', *, *, #2442, .T. ) ;
#2614 = DIRECTION ( 'NONE',  ( 1.000000000000000000, 1.314345621908742439E-16, -0.000000000000000000 ) ) ;
#2615 = EDGE_CURVE ( 'NONE', #696, #123, #1251, .T. ) ;
#2616 = FACE_BOUND ( 'NONE', #1054, .T. ) ;
#2617 = CARTESIAN_POINT ( 'NONE',  ( -20.94999999999999218, 27.50000000000000355, 37.15000000000000568 ) ) ;
#2618 = CARTESIAN_POINT ( 'NONE',  ( -18.62322817960189170, 33.58235208792551418, 25.90590300018194014 ) ) ;
#2619 = CARTESIAN_POINT ( 'NONE',  ( -25.94999999999999929, 20.00000000000000000, 22.00000000000000000 ) ) ;
#2620 = EDGE_CURVE ( 'NONE', #2806, #2325, #2334, .T. ) ;
#2621 = CARTESIAN_POINT ( 'NONE',  ( 22.21093516318293482, 31.32476376967911591, 30.93010754920364036 ) ) ;
#2622 = VECTOR ( 'NONE', #1749, 1000.000000000000000 ) ;
#2623 = CARTESIAN_POINT ( 'NONE',  ( 21.63010146910594500, 31.72872034510357864, 10.49329968421921677 ) ) ;
#2624 = DIRECTION ( 'NONE',  ( 0.000000000000000000, 0.000000000000000000, -1.000000000000000000 ) ) ;
#2625 = PRODUCT_RELATED_PRODUCT_CATEGORY ( 'part', '', ( #2136 ) ) ;
#2626 = VERTEX_POINT ( 'NONE', #959 ) ;
#2627 = CARTESIAN_POINT ( 'NONE',  ( 24.03306344510139425, 29.94979529377337002, 25.24302777917073826 ) ) ;
#2628 = DIRECTION ( 'NONE',  ( 1.000000000000000000, -0.000000000000000000, -0.000000000000000000 ) ) ;
#2629 = EDGE_LOOP ( 'NONE', ( #770, #768 ) ) ;
#2630 = EDGE_CURVE ( 'NONE', #455, #2085, #526, .T. ) ;
#2631 = CARTESIAN_POINT ( 'NONE',  ( 14.66954113377991398, 30.49368072577919264, 2.622356780013455957 ) ) ;
#2632 = ORIENTED_EDGE ( 'NONE', *, *, #1935, .T. ) ;
#2633 = CARTESIAN_POINT ( 'NONE',  ( 17.86465210517632585, 33.99149735931949579, 3.249670229866809645 ) ) ;
#2634 = DIRECTION ( 'NONE',  ( 1.000000000000000000, 1.314345621908742439E-16, -0.000000000000000000 ) ) ;
#2635 = AXIS2_PLACEMENT_3D ( 'NONE', #1100, #2526, #1777 ) ;
#2636 = LINE ( 'NONE', #1466, #234 ) ;
#2637 = EDGE_LOOP ( 'NONE', ( #109, #1994, #502, #2881 ) ) ;
#2638 = ORIENTED_EDGE ( 'NONE', *, *, #489, .T. ) ;
#2639 = CARTESIAN_POINT ( 'NONE',  ( -29.85000000000000853, 32.00000000000021316, 2.050000000000085976 ) ) ;
#2640 = ORIENTED_EDGE ( 'NONE', *, *, #2760, .T. ) ;
#2641 = CARTESIAN_POINT ( 'NONE',  ( -16.94038105676657580, 27.50000000000000355, 0.000000000000000000 ) ) ;
#2642 = CARTESIAN_POINT ( 'NONE',  ( 21.56332924825186126, 31.77650553053045002, 2.050000000000085976 ) ) ;
#2643 = CARTESIAN_POINT ( 'NONE',  ( 19.36390880644282930, 33.16021547041660256, 12.46966373544418794 ) ) ;
#2644 = ORIENTED_EDGE ( 'NONE', *, *, #2297, .F. ) ;
#2645 = CARTESIAN_POINT ( 'NONE',  ( 15.25385277807846585, 29.86033744458779893, 5.019091381325482715 ) ) ;
#2646 = ADVANCED_FACE ( 'NONE', ( #255 ), #2362, .F. ) ;
#2647 = ORIENTED_EDGE ( 'NONE', *, *, #249, .T. ) ;
#2648 = CARTESIAN_POINT ( 'NONE',  ( -29.85000000000000853, 24.15652085876605071, 44.00000000000000000 ) ) ;
#2649 = VECTOR ( 'NONE', #1194, 1000.000000000000000 ) ;
#2650 = EDGE_CURVE ( 'NONE', #877, #1684, #2375, .T. ) ;
#2651 = VERTEX_POINT ( 'NONE', #29 ) ;
#2652 = FACE_OUTER_BOUND ( 'NONE', #14, .T. ) ;
#2653 = CARTESIAN_POINT ( 'NONE',  ( 20.94999999999998153, 49.56639969244290711, 32.00000000000000711 ) ) ;
#2654 = CARTESIAN_POINT ( 'NONE',  ( -13.24342336655604413, 31.77993247508298325, 6.550000000000091305 ) ) ;
#2655 = DIRECTION ( 'NONE',  ( -0.000000000000000000, -0.000000000000000000, -1.000000000000000000 ) ) ;
#2656 = VERTEX_POINT ( 'NONE', #1422 ) ;
#2657 = EDGE_CURVE ( 'NONE', #111, #816, #2149, .T. ) ;
#2658 = CARTESIAN_POINT ( 'NONE',  ( 22.54203209814361841, 31.08980217349284558, 26.37186088865514932 ) ) ;
#2659 = CARTESIAN_POINT ( 'NONE',  ( -21.22639865827422767, 32.00000000000021316, 2.050000000000085976 ) ) ;
#2660 = ORIENTED_EDGE ( 'NONE', *, *, #2834, .F. ) ;
#2661 = CARTESIAN_POINT ( 'NONE',  ( 14.06820713376121113, 31.07924253972853634, 2.232292473756441797 ) ) ;
#2662 = CARTESIAN_POINT ( 'NONE',  ( -22.49678803309451069, 31.12005766151335706, 32.58565697430725550 ) ) ;
#2663 = EDGE_CURVE ( 'NONE', #2230, #144, #1104, .T. ) ;
#2664 = CARTESIAN_POINT ( 'NONE',  ( -20.94999999999999218, 38.39999999999999858, 10.34999999999999964 ) ) ;
#2665 = DIRECTION ( 'NONE',  ( 1.000000000000000000, 0.000000000000000000, 0.000000000000000000 ) ) ;
#2666 = ORIENTED_EDGE ( 'NONE', *, *, #911, .F. ) ;
#2667 = AXIS2_PLACEMENT_3D ( 'NONE', #91, #2188, #1704 ) ;
#2668 = CARTESIAN_POINT ( 'NONE',  ( 14.07518418542851713, 31.07306060164783545, 26.36545570440992137 ) ) ;
#2669 = FACE_OUTER_BOUND ( 'NONE', #737, .T. ) ;
#2670 = DIRECTION ( 'NONE',  ( 1.000000000000000000, 0.000000000000000000, 0.000000000000000000 ) ) ;
#2671 = VERTEX_POINT ( 'NONE', #1658 ) ;
#2672 = CARTESIAN_POINT ( 'NONE',  ( 22.99158590115897027, 30.75680522336172373, 2.419473632728934120 ) ) ;
#2673 = CARTESIAN_POINT ( 'NONE',  ( -23.29243863287521776, 30.52958742170484641, 2.591340972519485142 ) ) ;
#2674 = ORIENTED_EDGE ( 'NONE', *, *, #2417, .T. ) ;
#2675 = LINE ( 'NONE', #350, #705 ) ;
#2676 = CARTESIAN_POINT ( 'NONE',  ( -21.89765025361135287, 31.54463868002751425, 33.35461606452219741 ) ) ;
#2677 = ORIENTED_EDGE ( 'NONE', *, *, #1116, .F. ) ;
#2678 = EDGE_CURVE ( 'NONE', #644, #2885, #1863, .T. ) ;
#2679 = PLANE ( 'NONE',  #2988 ) ;
#2680 = VECTOR ( 'NONE', #2032, 1000.000000000000000 ) ;
#2681 = CARTESIAN_POINT ( 'NONE',  ( -18.94999999999999929, 20.00000000000000355, 0.000000000000000000 ) ) ;
#2682 = CARTESIAN_POINT ( 'NONE',  ( 20.94999999999998508, 27.50000000000000355, 32.00000000000000711 ) ) ;
#2683 = ADVANCED_FACE ( 'NONE', ( #77 ), #1201, .F. ) ;
#2684 = DIRECTION ( 'NONE',  ( 1.000000000000000000, 1.314345621908742439E-16, -0.000000000000000000 ) ) ;
#2685 = ORIENTED_EDGE ( 'NONE', *, *, #1281, .F. ) ;
#2686 = LINE ( 'NONE', #571, #1053 ) ;
#2687 = CARTESIAN_POINT ( 'NONE',  ( -24.24527027030390158, 29.77806895007734056, 3.896212853312027047 ) ) ;
#2688 = DIRECTION ( 'NONE',  ( 1.000000000000000000, -0.000000000000000000, -0.000000000000000000 ) ) ;
#2689 = ORIENTED_EDGE ( 'NONE', *, *, #760, .F. ) ;
#2690 = CARTESIAN_POINT ( 'NONE',  ( -14.98514819414858934, 30.16223545667870098, 22.95682648221916011 ) ) ;
#2691 = LINE ( 'NONE', #2237, #312 ) ;
#2692 = DIRECTION ( 'NONE',  ( 1.452867232811396221E-16, -1.000000000000000000, 0.000000000000000000 ) ) ;
#2693 = AXIS2_PLACEMENT_3D ( 'NONE', #653, #890, #1124 ) ;
#2694 = CARTESIAN_POINT ( 'NONE',  ( 14.77883276657466993, 30.38054877171386181, 25.86993238841111875 ) ) ;
#2695 = DIRECTION ( 'NONE',  ( 0.000000000000000000, -1.000000000000000000, 0.000000000000000000 ) ) ;
#2696 = EDGE_LOOP ( 'NONE', ( #673, #2735, #47, #440 ) ) ;
#2697 = CARTESIAN_POINT ( 'NONE',  ( -19.49685734840864271, 33.08225558400593513, 31.20996234876612263 ) ) ;
#2698 = CARTESIAN_POINT ( 'NONE',  ( -23.43424176312040785, 30.42078340170461814, 5.910045073659303760 ) ) ;
#2699 = VERTEX_POINT ( 'NONE', #1891 ) ;
#2700 = PLANE ( 'NONE',  #1790 ) ;
#2701 = LINE ( 'NONE', #2944, #2680 ) ;
#2702 = CARTESIAN_POINT ( 'NONE',  ( -18.94999999999999929, -13.00000000000000178, 44.00000000000000000 ) ) ;
#2703 = VECTOR ( 'NONE', #699, 1000.000000000000000 ) ;
#2704 = ORIENTED_EDGE ( 'NONE', *, *, #85, .F. ) ;
#2705 = CARTESIAN_POINT ( 'NONE',  ( -20.94999999999998863, -13.00000000000000178, 37.15000000000000568 ) ) ;
#2706 = ORIENTED_EDGE ( 'NONE', *, *, #840, .T. ) ;
#2707 = EDGE_CURVE ( 'NONE', #479, #630, #306, .T. ) ;
#2708 = CARTESIAN_POINT ( 'NONE',  ( -2.792069999674236998E-14, -12.99999999999999822, 17.15000000000003055 ) ) ;
#2709 = CARTESIAN_POINT ( 'NONE',  ( -20.94999999999999218, 32.18163296043256594, 10.34999999999999964 ) ) ;
#2710 = EDGE_LOOP ( 'NONE', ( #2418, #2265, #2177, #1174, #1163, #625, #521, #779, #488, #260, #178, #1283, #1094, #2640, #1873, #2870 ) ) ;
#2711 = CARTESIAN_POINT ( 'NONE',  ( -16.95000000000000284, 49.56639969244290711, 18.29999999999999716 ) ) ;
#2712 = CARTESIAN_POINT ( 'NONE',  ( 20.94999999999998153, 49.56639969244290711, 32.00000000000000711 ) ) ;
#2713 = CARTESIAN_POINT ( 'NONE',  ( 16.94999999999998863, 27.50000000000000355, 18.30000000000000071 ) ) ;
#2714 = ORIENTED_EDGE ( 'NONE', *, *, #2517, .F. ) ;
#2715 = ORIENTED_EDGE ( 'NONE', *, *, #2925, .T. ) ;
#2716 = CARTESIAN_POINT ( 'NONE',  ( 21.22639865827422767, 32.00000000000021316, 6.550000000000091305 ) ) ;
#2717 = FACE_OUTER_BOUND ( 'NONE', #296, .T. ) ;
#2718 = LINE ( 'NONE', #446, #920 ) ;
#2719 = VERTEX_POINT ( 'NONE', #1511 ) ;
#2720 = VECTOR ( 'NONE', #981, 1000.000000000000000 ) ;
#2721 = DIRECTION ( 'NONE',  ( 0.000000000000000000, 0.000000000000000000, -1.000000000000000000 ) ) ;
#2722 = CARTESIAN_POINT ( 'NONE',  ( -22.34584613239182005, 31.22866647245643179, 31.11324076177798048 ) ) ;
#2723 = ORIENTED_EDGE ( 'NONE', *, *, #1557, .F. ) ;
#2724 = CIRCLE ( 'NONE', #740, 2.000000000000005329 ) ;
#2725 = CARTESIAN_POINT ( 'NONE',  ( 20.47988528460480850, 32.48582701070488099, 26.51039678104622155 ) ) ;
#2726 = CARTESIAN_POINT ( 'NONE',  ( -19.67914128089328685, 32.97418917712205655, 13.05819097079492153 ) ) ;
#2727 = ORIENTED_EDGE ( 'NONE', *, *, #1219, .T. ) ;
#2728 = CARTESIAN_POINT ( 'NONE',  ( 20.94999999999998508, 27.50000000000000355, 32.00000000000000711 ) ) ;
#2729 = CARTESIAN_POINT ( 'NONE',  ( -12.17418899964156687, 32.54666243854133967, 6.486762685959719832 ) ) ;
#2730 = AXIS2_PLACEMENT_3D ( 'NONE', #1396, #292, #2090 ) ;
#2731 = ORIENTED_EDGE ( 'NONE', *, *, #525, .F. ) ;
#2732 = DIRECTION ( 'NONE',  ( -0.000000000000000000, -0.000000000000000000, 1.000000000000000000 ) ) ;
#2733 = CARTESIAN_POINT ( 'NONE',  ( -8.665064848235507711, 34.23976872408309191, 24.05935532701225199 ) ) ;
#2734 = LINE ( 'NONE', #1792, #1904 ) ;
#2735 = ORIENTED_EDGE ( 'NONE', *, *, #2538, .T. ) ;
#2736 = DIRECTION ( 'NONE',  ( -1.000000000000000000, -1.452867232811396221E-16, 0.000000000000000000 ) ) ;
#2737 = ADVANCED_FACE ( 'NONE', ( #2389, #1470 ), #1041, .F. ) ;
#2738 = DIRECTION ( 'NONE',  ( 1.734723475976811828E-15, 2.280026205872438167E-31, -1.000000000000000000 ) ) ;
#2739 = DIRECTION ( 'NONE',  ( 0.000000000000000000, 0.000000000000000000, -1.000000000000000000 ) ) ;
#2740 = ADVANCED_FACE ( 'NONE', ( #1056 ), #815, .F. ) ;
#2741 = ORIENTED_EDGE ( 'NONE', *, *, #1337, .F. ) ;
#2742 = VERTEX_POINT ( 'NONE', #552 ) ;
#2743 = CARTESIAN_POINT ( 'NONE',  ( -29.85000000000000853, -13.00000000000000355, 44.00000000000000000 ) ) ;
#2744 = ORIENTED_EDGE ( 'NONE', *, *, #2488, .F. ) ;
#2745 = CARTESIAN_POINT ( 'NONE',  ( -10.19172006099483774, 33.64135371279259346, 5.844831404942055997 ) ) ;
#2746 = AXIS2_PLACEMENT_3D ( 'NONE', #1379, #1559, #927 ) ;
#2747 = EDGE_CURVE ( 'NONE', #2884, #1512, #319, .T. ) ;
#2748 = CARTESIAN_POINT ( 'NONE',  ( 24.23950794455402402, 29.78265755655791835, 4.694974784356623410 ) ) ;
#2749 = ORIENTED_EDGE ( 'NONE', *, *, #2615, .F. ) ;
#2750 = CARTESIAN_POINT ( 'NONE',  ( -10.98954116336787123, 33.25301379349696163, 26.18644054477399763 ) ) ;
#2751 = B_SPLINE_CURVE_WITH_KNOTS ( 'NONE', 3,
 ( #1384, #1628, #268, #281, #1190, #763, #1612, #1161, #496, #2338, #1205, #1425, #2597, #715, #2151, #919, #481, #2583, #2376, #2351, #257, #2560, #950, #2803, #467, #2322, #1679, #2093, #294, #513, #15, #1856, #2105, #2120, #48, #2610 ),
 .UNSPECIFIED., .F., .F.,
 ( 4, 2, 2, 2, 2, 2, 2, 2, 2, 2, 2, 2, 2, 2, 2, 2, 2, 4 ),
 ( 0.000000000000000000, 0.001337347481689002285, 0.002006021222533503536, 0.002674694963378004570, 0.003343368704222506038, 0.004012042445067007072, 0.004346379315489261493, 0.004680716185911515045, 0.005349389926756017814, 0.005683726797178271367, 0.006018063667600526655, 0.006352400538022780208, 0.006686737408445033760, 0.007355411149289540866, 0.008024084890134050574, 0.008692758630978557680, 0.009361432371823066520, 0.01069877985351208073 ),
 .UNSPECIFIED. ) ;
#2752 = CARTESIAN_POINT ( 'NONE',  ( -20.94999999999999218, 49.56639969244290711, 26.84999999999999787 ) ) ;
#2753 = CARTESIAN_POINT ( 'NONE',  ( -3.949999999999995293, 20.00000000000000355, 37.14999999999999858 ) ) ;
#2754 = DIRECTION ( 'NONE',  ( 1.000000000000000000, 1.407544320199961943E-16, 3.854941057726237604E-16 ) ) ;
#2755 = CARTESIAN_POINT ( 'NONE',  ( 19.54239876214067095, 33.05550709156751310, 32.89032182445671282 ) ) ;
#2756 = CARTESIAN_POINT ( 'NONE',  ( -29.85000000000000853, 0.000000000000000000, 44.00000000000000000 ) ) ;
#2757 = VECTOR ( 'NONE', #1770, 1000.000000000000000 ) ;
#2758 = EDGE_LOOP ( 'NONE', ( #1529, #1737, #2924, #2406 ) ) ;
#2759 = CARTESIAN_POINT ( 'NONE',  ( -8.664406202644979516, 34.23998396237382735, 4.538326328774805241 ) ) ;
#2760 = EDGE_CURVE ( 'NONE', #681, #1460, #346, .T. ) ;
#2761 = AXIS2_PLACEMENT_3D ( 'NONE', #1581, #213, #227 ) ;
#2762 = EDGE_LOOP ( 'NONE', ( #2867, #1834, #1998, #2163 ) ) ;
#2763 = CARTESIAN_POINT ( 'NONE',  ( 24.03306344510138359, 29.94979529377336647, 5.243027779170714275 ) ) ;
#2764 = CARTESIAN_POINT ( 'NONE',  ( 20.94999999999998153, 27.50000000000000355, 30.35000000000000853 ) ) ;
#2765 = ORIENTED_EDGE ( 'NONE', *, *, #1747, .F. ) ;
#2766 =( GEOMETRIC_REPRESENTATION_CONTEXT ( 3 ) GLOBAL_UNCERTAINTY_ASSIGNED_CONTEXT ( ( #947 ) ) GLOBAL_UNIT_ASSIGNED_CONTEXT ( ( #1656, #2348, #44 ) ) REPRESENTATION_CONTEXT ( 'NONE', 'WORKASPACE' ) );
#2767 = FACE_BOUND ( 'NONE', #1957, .T. ) ;
#2768 = CARTESIAN_POINT ( 'NONE',  ( -1.827643554561675280E-14, 27.50000000000000355, 6.850000000000035172 ) ) ;
#2769 = CARTESIAN_POINT ( 'NONE',  ( 18.81884858200402633, 33.47318047729240931, 26.00555798912615657 ) ) ;
#2770 = CARTESIAN_POINT ( 'NONE',  ( 19.91108815770497031, 32.83469357194324090, 30.71363643885626260 ) ) ;
#2771 = CARTESIAN_POINT ( 'NONE',  ( -29.85000000000000853, -3.851859888774471706E-31, 22.00000000000000000 ) ) ;
#2772 = EDGE_CURVE ( 'NONE', #551, #2858, #122, .T. ) ;
#2773 = DIRECTION ( 'NONE',  ( -0.000000000000000000, 1.000000000000000000, -0.000000000000000000 ) ) ;
#2774 = CIRCLE ( 'NONE', #923, 5.150000000000002132 ) ;
#2775 = CARTESIAN_POINT ( 'NONE',  ( 0.000000000000000000, 0.000000000000000000, 0.000000000000000000 ) ) ;
#2776 = ORIENTED_EDGE ( 'NONE', *, *, #1443, .T. ) ;
#2777 = CARTESIAN_POINT ( 'NONE',  ( -21.89765025361135997, 31.54463868002750004, 13.35461606452220096 ) ) ;
#2778 = DIRECTION ( 'NONE',  ( 0.000000000000000000, 0.000000000000000000, 1.000000000000000000 ) ) ;
#2779 = DIRECTION ( 'NONE',  ( 1.000000000000000000, -0.000000000000000000, -0.000000000000000000 ) ) ;
#2780 = LINE ( 'NONE', #2015, #1655 ) ;
#2781 = PLANE ( 'NONE',  #1139 ) ;
#2782 = CARTESIAN_POINT ( 'NONE',  ( 20.27135874495653312, 32.61356106063133353, 33.50734733013331379 ) ) ;
#2783 = CARTESIAN_POINT ( 'NONE',  ( -12.94999999999971507, 32.00000000000021316, 2.050000000000085976 ) ) ;
#2784 = ORIENTED_EDGE ( 'NONE', *, *, #758, .T. ) ;
#2785 = DIRECTION ( 'NONE',  ( 1.000000000000000000, -0.000000000000000000, -0.000000000000000000 ) ) ;
#2786 = ORIENTED_EDGE ( 'NONE', *, *, #1443, .F. ) ;
#2787 = AXIS2_PLACEMENT_3D ( 'NONE', #1288, #179, #1069 ) ;
#2788 = CARTESIAN_POINT ( 'NONE',  ( -21.72254328817231439, 31.66547692955932192, 13.46157536696921753 ) ) ;
#2789 = DIRECTION ( 'NONE',  ( -0.000000000000000000, -1.000000000000000000, -0.000000000000000000 ) ) ;
#2790 = CARTESIAN_POINT ( 'NONE',  ( 8.827737496535581485, 34.18499204202855424, 4.844960986714800910 ) ) ;
#2791 = AXIS2_PLACEMENT_3D ( 'NONE', #965, #1164, #1883 ) ;
#2792 = EDGE_LOOP ( 'NONE', ( #2602, #322, #1358, #2741, #2481, #241 ) ) ;
#2793 = LINE ( 'NONE', #1919, #711 ) ;
#2794 = CARTESIAN_POINT ( 'NONE',  ( 18.95000000000000284, 20.00000000000000355, 17.15000000000000213 ) ) ;
#2795 = VERTEX_POINT ( 'NONE', #1274 ) ;
#2796 = ORIENTED_EDGE ( 'NONE', *, *, #491, .T. ) ;
#2797 = CARTESIAN_POINT ( 'NONE',  ( -18.10819536420627429, 33.86271590113526742, 23.02764149869903321 ) ) ;
#2798 = ORIENTED_EDGE ( 'NONE', *, *, #1756, .T. ) ;
#2799 = DIRECTION ( 'NONE',  ( 1.000000000000000000, 0.000000000000000000, 0.000000000000000000 ) ) ;
#2800 = ORIENTED_EDGE ( 'NONE', *, *, #1225, .F. ) ;
#2801 = DIRECTION ( 'NONE',  ( 0.000000000000000000, 0.000000000000000000, -1.000000000000000000 ) ) ;
#2802 = EDGE_CURVE ( 'NONE', #103, #397, #2880, .T. ) ;
#2803 = CARTESIAN_POINT ( 'NONE',  ( -17.80013306354890545, 34.02530336577600423, 5.284178269624243640 ) ) ;
#2804 = CARTESIAN_POINT ( 'NONE',  ( 9.804954753183666938, 33.81177876445172359, 2.959096258973537452 ) ) ;
#2805 = ORIENTED_EDGE ( 'NONE', *, *, #599, .T. ) ;
#2806 = VERTEX_POINT ( 'NONE', #2162 ) ;
#2807 = CARTESIAN_POINT ( 'NONE',  ( -18.94999999999999929, -13.00000000000000178, 6.850000000000002309 ) ) ;
#2808 = DIRECTION ( 'NONE',  ( 1.000000000000000000, 0.000000000000000000, 0.000000000000000000 ) ) ;
#2809 = ADVANCED_FACE ( 'NONE', ( #107 ), #1974, .F. ) ;
#2810 = ORIENTED_EDGE ( 'NONE', *, *, #498, .F. ) ;
#2811 = CARTESIAN_POINT ( 'NONE',  ( 19.72088722643566783, 32.94986991003599286, 2.256476282065654537 ) ) ;
#2812 = FACE_OUTER_BOUND ( 'NONE', #1882, .T. ) ;
#2813 = DIRECTION ( 'NONE',  ( 0.000000000000000000, 0.000000000000000000, -1.000000000000000000 ) ) ;
#2814 = LINE ( 'NONE', #2117, #1877 ) ;
#2815 = ORIENTED_EDGE ( 'NONE', *, *, #2484, .F. ) ;
#2816 = CARTESIAN_POINT ( 'NONE',  ( -29.85000000000000853, 32.00000000000021316, 6.550000000000090417 ) ) ;
#2817 = CARTESIAN_POINT ( 'NONE',  ( -12.94999999999972573, 32.00000000000020606, 26.55000000000010729 ) ) ;
#2818 = DIRECTION ( 'NONE',  ( -1.000000000000000000, -1.407544320199961943E-16, 1.301042606982608673E-15 ) ) ;
#2819 = ORIENTED_EDGE ( 'NONE', *, *, #760, .T. ) ;
#2820 = CARTESIAN_POINT ( 'NONE',  ( -29.85000000000000853, 0.000000000000000000, 0.000000000000000000 ) ) ;
#2821 = ORIENTED_EDGE ( 'NONE', *, *, #1223, .F. ) ;
#2822 = ORIENTED_EDGE ( 'NONE', *, *, #1407, .T. ) ;
#2823 = CIRCLE ( 'NONE', #68, 15.00000000000000178 ) ;
#2824 = DIRECTION ( 'NONE',  ( -0.000000000000000000, 0.000000000000000000, 1.000000000000000000 ) ) ;
#2825 = CARTESIAN_POINT ( 'NONE',  ( 21.03770752613462136, 32.12456239776281564, 2.052607700143115999 ) ) ;
#2826 = CARTESIAN_POINT ( 'NONE',  ( 22.58557477378146316, 31.05564078667080707, 11.75265632114186154 ) ) ;
#2827 = CARTESIAN_POINT ( 'NONE',  ( 29.84999999999999787, 2.449293598294712331E-16, 19.99999999999998934 ) ) ;
#2828 = CARTESIAN_POINT ( 'NONE',  ( -25.94999999999999574, 2.449293598294712331E-16, 19.99999999999998934 ) ) ;
#2829 = ADVANCED_FACE ( 'NONE', ( #1731 ), #539, .F. ) ;
#2830 = EDGE_CURVE ( 'NONE', #1793, #2085, #2176, .T. ) ;
#2831 = VERTEX_POINT ( 'NONE', #358 ) ;
#2832 = CARTESIAN_POINT ( 'NONE',  ( -22.49678803309450714, 31.12005766151334996, 12.58565697430724484 ) ) ;
#2833 = CARTESIAN_POINT ( 'NONE',  ( 9.233969302766153575, 34.03880844888951174, 25.25520121874728829 ) ) ;
#2834 = EDGE_CURVE ( 'NONE', #2879, #1870, #1289, .T. ) ;
#2835 = CARTESIAN_POINT ( 'NONE',  ( -18.94999999999999929, 20.00000000000000355, 0.000000000000000000 ) ) ;
#2836 = CARTESIAN_POINT ( 'NONE',  ( 9.233969302766135812, 34.03880844888951174, 5.255201218747270531 ) ) ;
#2837 = EDGE_CURVE ( 'NONE', #1113, #276, #1261, .T. ) ;
#2838 = VECTOR ( 'NONE', #591, 1000.000000000000000 ) ;
#2839 = CARTESIAN_POINT ( 'NONE',  ( -18.94999999999999929, 20.00000000000000355, 18.29999999999999716 ) ) ;
#2840 = PLANE ( 'NONE',  #81 ) ;
#2841 = EDGE_LOOP ( 'NONE', ( #2444, #678 ) ) ;
#2842 = CARTESIAN_POINT ( 'NONE',  ( 29.84999999999999787, -3.851859888774471706E-31, 22.00000000000000000 ) ) ;
#2843 = CARTESIAN_POINT ( 'NONE',  ( 22.60092758854417383, 31.04445318394541786, 12.23283703300551828 ) ) ;
#2844 = PRODUCT_DEFINITION ( 'UNKNOWN', '', #2270, #11 ) ;
#2845 = CARTESIAN_POINT ( 'NONE',  ( -17.36413843249664168, 34.24976929491390365, 24.07019632589508618 ) ) ;
#2846 = CARTESIAN_POINT ( 'NONE',  ( 29.84999999999999787, 20.00000000000000000, 24.00000000000000355 ) ) ;
#2847 = VERTEX_POINT ( 'NONE', #1025 ) ;
#2848 = DIRECTION ( 'NONE',  ( 1.038804297299761123E-16, 1.000000000000000000, 8.164128814687859094E-31 ) ) ;
#2849 = ADVANCED_FACE ( 'NONE', ( #1942 ), #1693, .T. ) ;
#2850 = VECTOR ( 'NONE', #782, 1000.000000000000000 ) ;
#2851 = ORIENTED_EDGE ( 'NONE', *, *, #2630, .F. ) ;
#2852 = DIRECTION ( 'NONE',  ( 1.000000000000000000, 0.000000000000000000, 0.000000000000000000 ) ) ;
#2853 = VECTOR ( 'NONE', #1508, 1000.000000000000000 ) ;
#2854 = CARTESIAN_POINT ( 'NONE',  ( 12.75879218134095261, 32.14340586399428190, 2.050000000000085532 ) ) ;
#2855 = EDGE_LOOP ( 'NONE', ( #2821, #1342 ) ) ;
#2856 = ORIENTED_EDGE ( 'NONE', *, *, #282, .F. ) ;
#2857 = CARTESIAN_POINT ( 'NONE',  ( 0.000000000000000000, 0.000000000000000000, 0.000000000000000000 ) ) ;
#2858 = VERTEX_POINT ( 'NONE', #2895 ) ;
#2859 = CARTESIAN_POINT ( 'NONE',  ( 18.09720998662513125, 33.86859520219901043, 3.035931408848776769 ) ) ;
#2860 = CARTESIAN_POINT ( 'NONE',  ( 22.54795154630491538, 31.08317329038415622, 12.47140878872321679 ) ) ;
#2861 = CARTESIAN_POINT ( 'NONE',  ( -21.22639865827423833, 32.00000000000020606, 26.55000000000010729 ) ) ;
#2862 = CARTESIAN_POINT ( 'NONE',  ( 16.94999999999998863, 49.56639969244290711, 25.69999999999999574 ) ) ;
#2863 = AXIS2_PLACEMENT_3D ( 'NONE', #2775, #693, #8 ) ;
#2864 = DIRECTION ( 'NONE',  ( 1.000000000000000000, -0.000000000000000000, -0.000000000000000000 ) ) ;
#2865 = CARTESIAN_POINT ( 'NONE',  ( 8.760809514780460105, 34.20770320932718533, 24.74786719435461180 ) ) ;
#2866 = EDGE_CURVE ( 'NONE', #1277, #206, #1452, .T. ) ;
#2867 = ORIENTED_EDGE ( 'NONE', *, *, #1989, .F. ) ;
#2868 = EDGE_LOOP ( 'NONE', ( #1618, #614, #2439, #2391 ) ) ;
#2869 = CARTESIAN_POINT ( 'NONE',  ( 23.28628471791438059, 30.53429275150170596, 2.587220115612657079 ) ) ;
#2870 = ORIENTED_EDGE ( 'NONE', *, *, #806, .F. ) ;
#2871 = DIRECTION ( 'NONE',  ( 1.038804297299761123E-16, -1.000000000000000000, 0.000000000000000000 ) ) ;
#2872 = CARTESIAN_POINT ( 'NONE',  ( 14.07518418542849936, 31.07306060164783545, 6.365455704409906268 ) ) ;
#2873 = CARTESIAN_POINT ( 'NONE',  ( -15.32999692315974727, 29.77236158450430636, 23.93475562033269100 ) ) ;
#2874 = VECTOR ( 'NONE', #2490, 1000.000000000000000 ) ;
#2875 = DIRECTION ( 'NONE',  ( -0.000000000000000000, 0.000000000000000000, 1.000000000000000000 ) ) ;
#2876 = DIRECTION ( 'NONE',  ( 1.000000000000000000, 0.000000000000000000, 3.700743415417188731E-15 ) ) ;
#2877 = VECTOR ( 'NONE', #2979, 1000.000000000000000 ) ;
#2878 = ADVANCED_FACE ( 'NONE', ( #2669 ), #784, .F. ) ;
#2879 = VERTEX_POINT ( 'NONE', #1773 ) ;
#2880 = LINE ( 'NONE', #2203, #624 ) ;
#2881 = ORIENTED_EDGE ( 'NONE', *, *, #2297, .T. ) ;
#2882 = DIRECTION ( 'NONE',  ( 1.000000000000000000, 0.000000000000000000, -0.000000000000000000 ) ) ;
#2883 = CARTESIAN_POINT ( 'NONE',  ( -21.22639865827422767, 32.00000000000021316, 6.550000000000091305 ) ) ;
#2884 = VERTEX_POINT ( 'NONE', #1111 ) ;
#2885 = VERTEX_POINT ( 'NONE', #2713 ) ;
#2886 = VECTOR ( 'NONE', #1076, 1000.000000000000000 ) ;
#2887 = CARTESIAN_POINT ( 'NONE',  ( -21.22639865827423833, 32.00000000000020606, 22.05000000000010374 ) ) ;
#2888 = CARTESIAN_POINT ( 'NONE',  ( -22.40133308870135664, 31.18883993531907706, 32.79320840673790372 ) ) ;
#2889 = VECTOR ( 'NONE', #896, 1000.000000000000000 ) ;
#2890 = VECTOR ( 'NONE', #1683, 1000.000000000000000 ) ;
#2891 = CARTESIAN_POINT ( 'NONE',  ( 22.13686535809302214, 31.37719408196611326, 30.84891929340659900 ) ) ;
#2892 = CARTESIAN_POINT ( 'NONE',  ( -18.94999999999999929, -13.00000000000000178, 44.00000000000000000 ) ) ;
#2893 = CARTESIAN_POINT ( 'NONE',  ( 14.96978591951649840, 30.17760925642154746, 25.62898531319919471 ) ) ;
#2894 = ADVANCED_FACE ( 'NONE', ( #1993 ), #2023, .F. ) ;
#2895 = CARTESIAN_POINT ( 'NONE',  ( 18.94999999999999929, -13.00000000000000355, 0.000000000000000000 ) ) ;
#2896 = ORIENTED_EDGE ( 'NONE', *, *, #1763, .T. ) ;
#2897 = LINE ( 'NONE', #817, #2072 ) ;
#2898 = CARTESIAN_POINT ( 'NONE',  ( 20.75188857948628751, 32.31060199891690132, 10.35000000000000675 ) ) ;
#2899 = EDGE_CURVE ( 'NONE', #722, #276, #1758, .T. ) ;
#2900 = AXIS2_PLACEMENT_3D ( 'NONE', #2842, #1222, #1685 ) ;
#2901 = CARTESIAN_POINT ( 'NONE',  ( -3.949999999999995293, 20.00000000000000355, 25.69999999999999218 ) ) ;
#2902 = CARTESIAN_POINT ( 'NONE',  ( 21.22639865827423833, 32.00000000000020606, 26.55000000000010729 ) ) ;
#2903 = VECTOR ( 'NONE', #2779, 1000.000000000000000 ) ;
#2904 = EDGE_CURVE ( 'NONE', #476, #2228, #2083, .T. ) ;
#2905 = DIRECTION ( 'NONE',  ( -0.000000000000000000, -0.000000000000000000, -1.000000000000000000 ) ) ;
#2906 = CARTESIAN_POINT ( 'NONE',  ( 20.94999999999998508, 27.50000000000000355, 37.15000000000001279 ) ) ;
#2907 = CARTESIAN_POINT ( 'NONE',  ( 12.94999999999972573, 32.00000000000020606, 22.05000000000010374 ) ) ;
#2908 = CARTESIAN_POINT ( 'NONE',  ( 25.94999999999999218, 49.56639969244290711, 0.000000000000000000 ) ) ;
#2909 = ORIENTED_EDGE ( 'NONE', *, *, #1223, .T. ) ;
#2910 = CARTESIAN_POINT ( 'NONE',  ( 24.24275385733972143, 29.78011966016984502, 3.885657357649760169 ) ) ;
#2911 = CARTESIAN_POINT ( 'NONE',  ( -9.062412324570539468, 34.10281223200876610, 23.47804978334030324 ) ) ;
#2912 = CARTESIAN_POINT ( 'NONE',  ( -20.94999999999999218, 38.39999999999999858, 13.64999999999999680 ) ) ;
#2913 = CARTESIAN_POINT ( 'NONE',  ( -15.25389344079238363, 29.86029279426487548, 23.58067431521191892 ) ) ;
#2914 = CARTESIAN_POINT ( 'NONE',  ( -29.85000000000000853, 32.00000000000021316, 4.300000000000088640 ) ) ;
#2915 = DIRECTION ( 'NONE',  ( 1.000000000000000000, -0.000000000000000000, -0.000000000000000000 ) ) ;
#2916 = DIRECTION ( 'NONE',  ( 0.000000000000000000, -1.000000000000000000, 0.000000000000000000 ) ) ;
#2917 = CARTESIAN_POINT ( 'NONE',  ( 15.34925181055483989, 29.74972093431177811, 24.48123404485570376 ) ) ;
#2918 = CARTESIAN_POINT ( 'NONE',  ( -10.39023531587251448, 33.54888076091887683, 2.662980388234839069 ) ) ;
#2919 = CIRCLE ( 'NONE', #2975, 15.00000000000000178 ) ;
#2920 = ORIENTED_EDGE ( 'NONE', *, *, #2417, .F. ) ;
#2921 = AXIS2_PLACEMENT_3D ( 'NONE', #2990, #2027, #396 ) ;
#2922 = CARTESIAN_POINT ( 'NONE',  ( 24.21548871392884550, 29.80220994138928603, 4.791588058633592162 ) ) ;
#2923 = CARTESIAN_POINT ( 'NONE',  ( 20.55293040296470508, 32.43744039761983800, 10.38556593859302701 ) ) ;
#2924 = ORIENTED_EDGE ( 'NONE', *, *, #1463, .T. ) ;
#2925 = EDGE_CURVE ( 'NONE', #2044, #1684, #1827, .T. ) ;
#2926 = CARTESIAN_POINT ( 'NONE',  ( 15.19630850401561872, 29.92632959442425999, 3.410027790543700199 ) ) ;
#2927 = CARTESIAN_POINT ( 'NONE',  ( -15.34925400169303877, 29.74971837258952334, 24.11777873382444071 ) ) ;
#2928 = DIRECTION ( 'NONE',  ( -0.000000000000000000, -1.000000000000000000, -0.000000000000000000 ) ) ;
#2929 = CARTESIAN_POINT ( 'NONE',  ( 18.94999999999999929, -12.99999999999999467, 44.00000000000000000 ) ) ;
#2930 = CIRCLE ( 'NONE', #1322, 38.39999999999999858 ) ;
#2931 = LINE ( 'NONE', #2003, #420 ) ;
#2932 = VECTOR ( 'NONE', #385, 1000.000000000000000 ) ;
#2933 = APPLICATION_CONTEXT ( 'automotive_design' ) ;
#2934 = ADVANCED_FACE ( 'NONE', ( #164, #2273, #196 ), #1366, .F. ) ;
#2935 = PLANE ( 'NONE',  #2342 ) ;
#2936 = AXIS2_PLACEMENT_3D ( 'NONE', #721, #2614, #982 ) ;
#2937 = CARTESIAN_POINT ( 'NONE',  ( -20.94999999999999574, 27.50000000000000355, 30.35000000000000142 ) ) ;
#2938 = ORIENTED_EDGE ( 'NONE', *, *, #599, .F. ) ;
#2939 = CARTESIAN_POINT ( 'NONE',  ( -23.81801339923802630, 30.12110069003749047, 25.54992360845534805 ) ) ;
#2940 = ADVANCED_FACE ( 'NONE', ( #2971 ), #883, .T. ) ;
#2941 = CARTESIAN_POINT ( 'NONE',  ( 23.69848208717955274, 30.21538496611164959, 5.678837183243719444 ) ) ;
#2942 = CARTESIAN_POINT ( 'NONE',  ( 18.94999999999999929, -13.00000000000000355, 44.00000000000000000 ) ) ;
#2943 = ORIENTED_EDGE ( 'NONE', *, *, #2620, .T. ) ;
#2944 = CARTESIAN_POINT ( 'NONE',  ( -16.94999999999999929, 27.48331477354788177, 0.000000000000000000 ) ) ;
#2945 = FACE_OUTER_BOUND ( 'NONE', #365, .T. ) ;
#2946 = CARTESIAN_POINT ( 'NONE',  ( -22.54654894559381617, 31.08418987283747725, 31.52450628960315626 ) ) ;
#2947 = AXIS2_PLACEMENT_3D ( 'NONE', #1941, #1226, #1907 ) ;
#2948 = DIRECTION ( 'NONE',  ( -0.000000000000000000, -1.000000000000000000, -0.000000000000000000 ) ) ;
#2949 = CARTESIAN_POINT ( 'NONE',  ( 20.94999999999998863, -12.99999999999999467, 32.00000000000000711 ) ) ;
#2950 = ORIENTED_EDGE ( 'NONE', *, *, #2747, .F. ) ;
#2951 = VERTEX_POINT ( 'NONE', #898 ) ;
#2952 = FACE_BOUND ( 'NONE', #2506, .T. ) ;
#2953 = EDGE_LOOP ( 'NONE', ( #724, #607, #336, #2196 ) ) ;
#2954 = CARTESIAN_POINT ( 'NONE',  ( -9.058502584775194322, 34.10420637542856070, 5.117993204030734766 ) ) ;
#2955 = ORIENTED_EDGE ( 'NONE', *, *, #2001, .T. ) ;
#2956 = CARTESIAN_POINT ( 'NONE',  ( -19.76024331017197611, 32.92569349417581037, 30.85179048412370051 ) ) ;
#2957 = FACE_OUTER_BOUND ( 'NONE', #1779, .T. ) ;
#2958 = EDGE_CURVE ( 'NONE', #2596, #944, #2578, .T. ) ;
#2959 = ORIENTED_EDGE ( 'NONE', *, *, #239, .F. ) ;
#2960 = DIRECTION ( 'NONE',  ( 1.407544320199961943E-16, -1.000000000000000000, 0.000000000000000000 ) ) ;
#2961 = LINE ( 'NONE', #171, #2622 ) ;
#2962 = CARTESIAN_POINT ( 'NONE',  ( -1.352835340002524229E-13, 27.50000000000000355, 37.14999999999994174 ) ) ;
#2963 = VERTEX_POINT ( 'NONE', #2937 ) ;
#2964 = CARTESIAN_POINT ( 'NONE',  ( -25.95000000000000284, 49.56639969244290711, 19.99999999999999645 ) ) ;
#2965 = CARTESIAN_POINT ( 'NONE',  ( 25.94999999999999218, 49.56639969244290711, 19.99999999999999645 ) ) ;
#2966 = CARTESIAN_POINT ( 'NONE',  ( 21.22639865827422767, 32.00000000000021316, 6.550000000000091305 ) ) ;
#2967 = EDGE_CURVE ( 'NONE', #390, #129, #2568, .T. ) ;
#2968 = ORIENTED_EDGE ( 'NONE', *, *, #1977, .F. ) ;
#2969 = CARTESIAN_POINT ( 'NONE',  ( -5.297090506515278740E-14, 49.56639969244290711, 26.84999999999996945 ) ) ;
#2970 = ADVANCED_FACE ( 'NONE', ( #1640 ), #1672, .F. ) ;
#2971 = FACE_OUTER_BOUND ( 'NONE', #2637, .T. ) ;
#2972 = LINE ( 'NONE', #2520, #1302 ) ;
#2973 = ORIENTED_EDGE ( 'NONE', *, *, #2005, .F. ) ;
#2974 = CARTESIAN_POINT ( 'NONE',  ( 18.94999999999999929, 20.00000000000000355, 0.000000000000000000 ) ) ;
#2975 = AXIS2_PLACEMENT_3D ( 'NONE', #2126, #1636, #485 ) ;
#2976 = CYLINDRICAL_SURFACE ( 'NONE', #590, 2.000000000000005329 ) ;
#2977 = ORIENTED_EDGE ( 'NONE', *, *, #1244, .F. ) ;
#2978 = CARTESIAN_POINT ( 'NONE',  ( -0.000000000000000000, 35.00000000000000000, 44.00000000000000000 ) ) ;
#2979 = DIRECTION ( 'NONE',  ( -0.000000000000000000, -0.000000000000000000, 1.000000000000000000 ) ) ;
#2980 = DIRECTION ( 'NONE',  ( -1.000000000000000000, -1.452867232811396221E-16, 0.000000000000000000 ) ) ;
#2981 = CARTESIAN_POINT ( 'NONE',  ( 18.94999999999999929, -12.99999999999999467, 44.00000000000000000 ) ) ;
#2982 = EDGE_CURVE ( 'NONE', #476, #2951, #2814, .T. ) ;
#2983 = LINE ( 'NONE', #2070, #1307 ) ;
#2984 = CARTESIAN_POINT ( 'NONE',  ( 25.94999999999999574, -12.99999999999999467, 18.30000000000000426 ) ) ;
#2985 = ORIENTED_EDGE ( 'NONE', *, *, #2239, .F. ) ;
#2986 = ORIENTED_EDGE ( 'NONE', *, *, #2048, .T. ) ;
#2987 = DIRECTION ( 'NONE',  ( 1.000000000000000000, 1.407544320199961943E-16, 3.854941057726237604E-16 ) ) ;
#2988 = AXIS2_PLACEMENT_3D ( 'NONE', #1479, #2875, #104 ) ;
#2989 = CARTESIAN_POINT ( 'NONE',  ( -16.94999999999999929, 27.50000000000000355, 0.000000000000000000 ) ) ;
#2990 = CARTESIAN_POINT ( 'NONE',  ( -3.949999999999995293, 20.00000000000000355, 0.000000000000000000 ) ) ;
#2991 = DIRECTION ( 'NONE',  ( 1.000000000000000000, 0.000000000000000000, 0.000000000000000000 ) ) ;
#2992 = DIRECTION ( 'NONE',  ( -1.038804297299761123E-16, -1.000000000000000000, 0.000000000000000000 ) ) ;
#2993 = ORIENTED_EDGE ( 'NONE', *, *, #2707, .F. ) ;
#2994 = ADVANCED_FACE ( 'NONE', ( #742 ), #945, .F. ) ;
#2995 = CARTESIAN_POINT ( 'NONE',  ( 19.15906637579581684, 33.27963824959845596, 22.44463997396600874 ) ) ;
#2996 = CARTESIAN_POINT ( 'NONE',  ( 29.84999999999999787, 20.00000000000000000, 22.00000000000000000 ) ) ;
#2997 = ADVANCED_BREP_SHAPE_REPRESENTATION ( 'external_A4_housing', ( #821, #2863 ), #2766 ) ;
#2998 = LINE ( 'NONE', #2566, #508 ) ;
#2999 = ORIENTED_EDGE ( 'NONE', *, *, #1407, .F. ) ;
#3000 = EDGE_LOOP ( 'NONE', ( #1446, #799, #935, #193 ) ) ;
#3001 = FACE_OUTER_BOUND ( 'NONE', #76, .T. ) ;
#3002 = CARTESIAN_POINT ( 'NONE',  ( -20.94999999999999574, 38.39999999999999858, 32.00000000000000000 ) ) ;
#3003 = ORIENTED_EDGE ( 'NONE', *, *, #325, .T. ) ;
#3004 = LINE ( 'NONE', #1356, #1031 ) ;
#3005 = CARTESIAN_POINT ( 'NONE',  ( 12.75879218134096860, 32.14340586399428901, 22.05000000000010729 ) ) ;
ENDSEC;
END-ISO-10303-21;
