ISO-10303-21;
HEADER;
FILE_DESCRIPTION (( 'STEP AP214' ),
    '1' );
FILE_NAME ('PDB board.STEP',
    '2026-08-02T19:16:04',
    ( '' ),
    ( '' ),
    'SwSTEP 2.0',
    'SolidWorks 2025',
    '' );
FILE_SCHEMA (( 'AUTOMOTIVE_DESIGN' ));
ENDSEC;

DATA;
#1 = CIRCLE ( 'NONE', #199, 1.300000000000002487 ) ;
#2 = ADVANCED_FACE ( 'NONE', ( #297 ), #1506, .T. ) ;
#3 = VECTOR ( 'NONE', #2816, 1000.000000000000000 ) ;
#4 = ORIENTED_EDGE ( 'NONE', *, *, #2234, .T. ) ;
#5 = PLANE ( 'NONE',  #202 ) ;
#6 = CARTESIAN_POINT ( 'NONE',  ( 25.39999999999999858, 1.500000000000000000, -5.000000000000000000 ) ) ;
#7 = LINE ( 'NONE', #1124, #1158 ) ;
#8 = CARTESIAN_POINT ( 'NONE',  ( -38.80000000000000426, 1.500000000000000000, 15.00000000000000000 ) ) ;
#9 = ORIENTED_EDGE ( 'NONE', *, *, #901, .F. ) ;
#10 = ORIENTED_EDGE ( 'NONE', *, *, #1556, .T. ) ;
#11 = DIRECTION ( 'NONE',  ( 1.000000000000000000, 0.000000000000000000, -6.938893903907230350E-16 ) ) ;
#12 = FACE_OUTER_BOUND ( 'NONE', #1766, .T. ) ;
#13 = DIRECTION ( 'NONE',  ( -0.7071067811865451302, 0.000000000000000000, 0.7071067811865499042 ) ) ;
#14 = ORIENTED_EDGE ( 'NONE', *, *, #168, .T. ) ;
#15 = ORIENTED_EDGE ( 'NONE', *, *, #2838, .T. ) ;
#16 = DIRECTION ( 'NONE',  ( 0.7071067811865330288, 0.000000000000000000, 0.7071067811865621167 ) ) ;
#17 = ORIENTED_EDGE ( 'NONE', *, *, #2888, .F. ) ;
#18 = DIRECTION ( 'NONE',  ( -1.000000000000000000, 0.000000000000000000, 0.000000000000000000 ) ) ;
#19 = CARTESIAN_POINT ( 'NONE',  ( -35.69999999999999574, 1.500000000000000000, -22.00000000000000000 ) ) ;
#20 = CARTESIAN_POINT ( 'NONE',  ( -37.00000000000000000, 0.000000000000000000, -22.00000000000000000 ) ) ;
#21 = FACE_BOUND ( 'NONE', #2069, .T. ) ;
#22 = EDGE_CURVE ( 'NONE', #2109, #2582, #325, .T. ) ;
#23 = ORIENTED_EDGE ( 'NONE', *, *, #1201, .T. ) ;
#24 = CARTESIAN_POINT ( 'NONE',  ( 38.60000000000000142, 11.00000000000000000, -17.00000000000000000 ) ) ;
#25 = CARTESIAN_POINT ( 'NONE',  ( 33.39999999999999858, 1.500000000000000000, -5.000000000000000000 ) ) ;
#26 = CARTESIAN_POINT ( 'NONE',  ( 39.12132034355963128, 0.000000000000000000, -24.12132034355964905 ) ) ;
#27 = ORIENTED_EDGE ( 'NONE', *, *, #1690, .T. ) ;
#28 = ADVANCED_FACE ( 'NONE', ( #314 ), #2885, .T. ) ;
#29 = ORIENTED_EDGE ( 'NONE', *, *, #1578, .T. ) ;
#30 = LINE ( 'NONE', #2780, #197 ) ;
#31 = ADVANCED_FACE ( 'NONE', ( #2160 ), #806, .T. ) ;
#32 = VERTEX_POINT ( 'NONE', #1909 ) ;
#33 = DIRECTION ( 'NONE',  ( -1.000000000000000000, 0.000000000000000000, 0.000000000000000000 ) ) ;
#34 = LINE ( 'NONE', #19, #162 ) ;
#35 = VECTOR ( 'NONE', #2548, 1000.000000000000000 ) ;
#36 = PLANE ( 'NONE',  #526 ) ;
#37 = DIRECTION ( 'NONE',  ( -1.000000000000000000, 0.000000000000000000, 0.000000000000000000 ) ) ;
#38 = ORIENTED_EDGE ( 'NONE', *, *, #1275, .F. ) ;
#39 = VECTOR ( 'NONE', #2813, 1000.000000000000000 ) ;
#40 = ORIENTED_EDGE ( 'NONE', *, *, #998, .T. ) ;
#41 = ORIENTED_EDGE ( 'NONE', *, *, #1091, .T. ) ;
#42 = EDGE_CURVE ( 'NONE', #950, #1681, #231, .T. ) ;
#43 = DIRECTION ( 'NONE',  ( 0.000000000000000000, 1.000000000000000000, 0.000000000000000000 ) ) ;
#44 = LINE ( 'NONE', #976, #537 ) ;
#45 = LINE ( 'NONE', #2959, #1748 ) ;
#46 = ORIENTED_EDGE ( 'NONE', *, *, #2909, .T. ) ;
#47 = ORIENTED_EDGE ( 'NONE', *, *, #1317, .F. ) ;
#48 = ORIENTED_EDGE ( 'NONE', *, *, #2452, .T. ) ;
#49 = CARTESIAN_POINT ( 'NONE',  ( -40.00000000000000000, 0.000000000000000000, 25.00000000000000000 ) ) ;
#50 = VECTOR ( 'NONE', #1310, 1000.000000000000000 ) ;
#51 = ORIENTED_EDGE ( 'NONE', *, *, #473, .T. ) ;
#52 = CIRCLE ( 'NONE', #2319, 2.999999999999999112 ) ;
#53 = APPLICATION_CONTEXT ( 'automotive_design' ) ;
#54 = CARTESIAN_POINT ( 'NONE',  ( -30.20000000000000284, 1.500000000000000000, 5.000000000000000000 ) ) ;
#55 = ADVANCED_FACE ( 'NONE', ( #2825 ), #2149, .T. ) ;
#56 = VECTOR ( 'NONE', #2657, 1000.000000000000000 ) ;
#57 = DIRECTION ( 'NONE',  ( 1.000000000000000000, 0.000000000000000000, -6.938893903907230350E-16 ) ) ;
#58 = CYLINDRICAL_SURFACE ( 'NONE', #1259, 1.300000000000002487 ) ;
#59 = FACE_OUTER_BOUND ( 'NONE', #1580, .T. ) ;
#60 = AXIS2_PLACEMENT_3D ( 'NONE', #1221, #413, #13 ) ;
#61 = DIRECTION ( 'NONE',  ( 1.000000000000000000, 0.000000000000000000, 0.000000000000000000 ) ) ;
#62 = CARTESIAN_POINT ( 'NONE',  ( -37.00000000000000000, 0.000000000000000000, -22.00000000000000000 ) ) ;
#63 = DIRECTION ( 'NONE',  ( 0.000000000000000000, 1.000000000000000000, 0.000000000000000000 ) ) ;
#64 = AXIS2_PLACEMENT_3D ( 'NONE', #1229, #768, #1688 ) ;
#65 = ORIENTED_EDGE ( 'NONE', *, *, #632, .F. ) ;
#66 = CARTESIAN_POINT ( 'NONE',  ( 38.60000000000000142, 1.500000000000000000, 4.000000000000000000 ) ) ;
#67 = LINE ( 'NONE', #1877, #1349 ) ;
#68 = EDGE_CURVE ( 'NONE', #2063, #455, #1922, .T. ) ;
#69 = EDGE_CURVE ( 'NONE', #1365, #2444, #181, .T. ) ;
#70 = VERTEX_POINT ( 'NONE', #1085 ) ;
#71 = FACE_OUTER_BOUND ( 'NONE', #1777, .T. ) ;
#72 = LINE ( 'NONE', #1642, #313 ) ;
#73 = EDGE_CURVE ( 'NONE', #2379, #2465, #169, .T. ) ;
#74 = DIRECTION ( 'NONE',  ( 1.000000000000000000, 0.000000000000000000, -6.938893903907230350E-16 ) ) ;
#75 = EDGE_CURVE ( 'NONE', #32, #1859, #2252, .T. ) ;
#76 = FACE_OUTER_BOUND ( 'NONE', #2956, .T. ) ;
#77 = CARTESIAN_POINT ( 'NONE',  ( 26.45000000000000284, 1.500000000000000000, 20.15000000000000213 ) ) ;
#78 = CARTESIAN_POINT ( 'NONE',  ( -25.19999999999999929, 8.500000000000000000, 5.000000000000000000 ) ) ;
#79 = ORIENTED_EDGE ( 'NONE', *, *, #1776, .F. ) ;
#80 = ORIENTED_EDGE ( 'NONE', *, *, #1928, .T. ) ;
#81 = FILL_AREA_STYLE ('',( #1268 ) ) ;
#82 = ADVANCED_FACE ( 'NONE', ( #2903 ), #378, .T. ) ;
#83 = VERTEX_POINT ( 'NONE', #2664 ) ;
#84 = EDGE_CURVE ( 'NONE', #156, #542, #419, .T. ) ;
#85 = PLANE ( 'NONE',  #2752 ) ;
#86 = AXIS2_PLACEMENT_3D ( 'NONE', #395, #2221, #1979 ) ;
#87 = LINE ( 'NONE', #545, #1599 ) ;
#88 = VECTOR ( 'NONE', #2614, 999.9999999999998863 ) ;
#89 = VERTEX_POINT ( 'NONE', #593 ) ;
#90 = CARTESIAN_POINT ( 'NONE',  ( 30.59999999999999787, 1.500000000000000000, 7.000000000000000000 ) ) ;
#91 = DIRECTION ( 'NONE',  ( -1.000000000000000000, 0.000000000000000000, 4.440892098500630106E-16 ) ) ;
#92 = DIRECTION ( 'NONE',  ( 0.000000000000000000, 0.000000000000000000, 1.000000000000000000 ) ) ;
#93 = EDGE_CURVE ( 'NONE', #934, #2856, #853, .T. ) ;
#94 = VERTEX_POINT ( 'NONE', #1519 ) ;
#95 = ORIENTED_EDGE ( 'NONE', *, *, #2503, .T. ) ;
#96 = DIRECTION ( 'NONE',  ( -1.000000000000000000, 0.000000000000000000, 0.000000000000000000 ) ) ;
#97 = ORIENTED_EDGE ( 'NONE', *, *, #294, .F. ) ;
#98 = ORIENTED_EDGE ( 'NONE', *, *, #2870, .T. ) ;
#99 = CARTESIAN_POINT ( 'NONE',  ( 26.39999999999999858, 1.500000000000000000, -7.000000000000000000 ) ) ;
#100 = AXIS2_PLACEMENT_3D ( 'NONE', #723, #1155, #1630 ) ;
#101 = EDGE_CURVE ( 'NONE', #1144, #2148, #1763, .T. ) ;
#102 = VECTOR ( 'NONE', #1035, 1000.000000000000000 ) ;
#103 =( LENGTH_UNIT ( ) NAMED_UNIT ( * ) SI_UNIT ( .MILLI., .METRE. ) );
#104 = LINE ( 'NONE', #1002, #102 ) ;
#105 = CIRCLE ( 'NONE', #346, 2.999999999999999112 ) ;
#106 = EDGE_CURVE ( 'NONE', #2907, #703, #1919, .T. ) ;
#107 = CIRCLE ( 'NONE', #1789, 2.999999999999999112 ) ;
#108 = FACE_OUTER_BOUND ( 'NONE', #2773, .T. ) ;
#109 = DIRECTION ( 'NONE',  ( -0.7071067811865621167, 0.000000000000000000, 0.7071067811865330288 ) ) ;
#110 = DIRECTION ( 'NONE',  ( 0.000000000000000000, 0.000000000000000000, 1.000000000000000000 ) ) ;
#111 = ORIENTED_EDGE ( 'NONE', *, *, #388, .F. ) ;
#112 = EDGE_LOOP ( 'NONE', ( #2945, #1803, #2812, #1196 ) ) ;
#113 = CARTESIAN_POINT ( 'NONE',  ( -37.00000000000000000, 0.000000000000000000, 25.00000000000000000 ) ) ;
#114 = VECTOR ( 'NONE', #2882, 1000.000000000000000 ) ;
#115 = VERTEX_POINT ( 'NONE', #2461 ) ;
#116 = LINE ( 'NONE', #2125, #2942 ) ;
#117 = LINE ( 'NONE', #1047, #732 ) ;
#118 = ORIENTED_EDGE ( 'NONE', *, *, #466, .T. ) ;
#119 = ORIENTED_EDGE ( 'NONE', *, *, #2297, .F. ) ;
#120 = EDGE_CURVE ( 'NONE', #1592, #1353, #2716, .T. ) ;
#121 = CARTESIAN_POINT ( 'NONE',  ( 25.39999999999999858, 1.500000000000000000, 7.000000000000000000 ) ) ;
#122 = LINE ( 'NONE', #643, #1209 ) ;
#123 = LINE ( 'NONE', #2640, #1554 ) ;
#124 = ADVANCED_FACE ( 'NONE', ( #2006 ), #2474, .T. ) ;
#125 = DIRECTION ( 'NONE',  ( -1.000000000000000000, 0.000000000000000000, 0.000000000000000000 ) ) ;
#126 = ORIENTED_EDGE ( 'NONE', *, *, #2621, .T. ) ;
#127 = DIRECTION ( 'NONE',  ( 0.000000000000000000, 0.000000000000000000, 1.000000000000000000 ) ) ;
#128 = ORIENTED_EDGE ( 'NONE', *, *, #258, .T. ) ;
#129 = CARTESIAN_POINT ( 'NONE',  ( -40.00000000000000000, 1.500000000000000000, -14.90000000000000036 ) ) ;
#130 = DIRECTION ( 'NONE',  ( 0.7071067811865451302, 0.000000000000000000, 0.7071067811865499042 ) ) ;
#131 = EDGE_CURVE ( 'NONE', #1097, #1073, #1348, .T. ) ;
#132 = FACE_OUTER_BOUND ( 'NONE', #1059, .T. ) ;
#133 = PLANE ( 'NONE',  #2510 ) ;
#134 = AXIS2_PLACEMENT_3D ( 'NONE', #823, #1722, #127 ) ;
#135 = CARTESIAN_POINT ( 'NONE',  ( 39.12132034355963128, 0.000000000000000000, 24.12132034355964905 ) ) ;
#136 = CARTESIAN_POINT ( 'NONE',  ( 35.69999999999999574, 1.500000000000000000, 22.00000000000000000 ) ) ;
#137 = VECTOR ( 'NONE', #1532, 1000.000000000000000 ) ;
#138 = VERTEX_POINT ( 'NONE', #2953 ) ;
#139 = ADVANCED_FACE ( 'NONE', ( #885 ), #1129, .T. ) ;
#140 = CARTESIAN_POINT ( 'NONE',  ( 38.60000000000000142, 1.500000000000000000, 7.000000000000000000 ) ) ;
#141 = CIRCLE ( 'NONE', #1499, 1.300000000000002487 ) ;
#142 = FACE_OUTER_BOUND ( 'NONE', #1709, .T. ) ;
#143 = ORIENTED_EDGE ( 'NONE', *, *, #696, .F. ) ;
#144 = ORIENTED_EDGE ( 'NONE', *, *, #2466, .T. ) ;
#145 = CARTESIAN_POINT ( 'NONE',  ( 30.59999999999999787, 11.00000000000000000, 7.000000000000000000 ) ) ;
#146 = DIRECTION ( 'NONE',  ( 0.000000000000000000, 1.000000000000000000, 0.000000000000000000 ) ) ;
#147 = ORIENTED_EDGE ( 'NONE', *, *, #131, .F. ) ;
#148 = CARTESIAN_POINT ( 'NONE',  ( 25.39999999999999858, 1.500000000000000000, -17.00000000000000000 ) ) ;
#149 = AXIS2_PLACEMENT_3D ( 'NONE', #2299, #2068, #2995 ) ;
#150 = CARTESIAN_POINT ( 'NONE',  ( 30.59999999999999787, 1.500000000000000000, -17.00000000000000000 ) ) ;
#151 = DIRECTION ( 'NONE',  ( -1.000000000000000000, 0.000000000000000000, 0.000000000000000000 ) ) ;
#152 = AXIS2_PLACEMENT_3D ( 'NONE', #820, #91, #293 ) ;
#153 = ORIENTED_EDGE ( 'NONE', *, *, #270, .F. ) ;
#154 = CARTESIAN_POINT ( 'NONE',  ( 25.39999999999999858, 11.00000000000000000, 4.000000000000000000 ) ) ;
#155 = LINE ( 'NONE', #1350, #1165 ) ;
#156 = VERTEX_POINT ( 'NONE', #1573 ) ;
#157 = VERTEX_POINT ( 'NONE', #2486 ) ;
#158 = DIRECTION ( 'NONE',  ( 0.000000000000000000, -1.000000000000000000, 0.000000000000000000 ) ) ;
#159 = DIRECTION ( 'NONE',  ( 0.000000000000000000, 1.000000000000000000, 0.000000000000000000 ) ) ;
#160 = ADVANCED_FACE ( 'NONE', ( #2445 ), #1309, .T. ) ;
#161 = ORIENTED_EDGE ( 'NONE', *, *, #990, .T. ) ;
#162 = VECTOR ( 'NONE', #2091, 1000.000000000000000 ) ;
#163 = CARTESIAN_POINT ( 'NONE',  ( 26.39999999999999858, 1.500000000000000000, -7.000000000000000000 ) ) ;
#164 = EDGE_CURVE ( 'NONE', #1620, #2843, #1795, .T. ) ;
#165 = FACE_OUTER_BOUND ( 'NONE', #2983, .T. ) ;
#166 = CARTESIAN_POINT ( 'NONE',  ( 26.39999999999999858, 11.00000000000000000, -7.000000000000000000 ) ) ;
#167 = ORIENTED_EDGE ( 'NONE', *, *, #2849, .T. ) ;
#168 = EDGE_CURVE ( 'NONE', #1093, #1575, #1323, .T. ) ;
#169 = LINE ( 'NONE', #1560, #2108 ) ;
#170 = CARTESIAN_POINT ( 'NONE',  ( -37.00000000000000000, 0.000000000000000000, 22.00000000000000000 ) ) ;
#171 = ORIENTED_EDGE ( 'NONE', *, *, #2888, .T. ) ;
#172 = ORIENTED_EDGE ( 'NONE', *, *, #1328, .F. ) ;
#173 = DIRECTION ( 'NONE',  ( -0.7071067811865451302, 0.000000000000000000, 0.7071067811865499042 ) ) ;
#174 = CARTESIAN_POINT ( 'NONE',  ( 34.39999999999999858, 11.00000000000000000, -7.000000000000000000 ) ) ;
#175 = EDGE_CURVE ( 'NONE', #1202, #457, #1753, .T. ) ;
#176 = ORIENTED_EDGE ( 'NONE', *, *, #1294, .T. ) ;
#177 = LINE ( 'NONE', #816, #2801 ) ;
#178 = CARTESIAN_POINT ( 'NONE',  ( 38.60000000000000142, 1.500000000000000000, -8.000000000000000000 ) ) ;
#179 = LINE ( 'NONE', #1976, #1741 ) ;
#180 = VERTEX_POINT ( 'NONE', #437 ) ;
#181 = LINE ( 'NONE', #647, #2879 ) ;
#182 = LINE ( 'NONE', #1086, #876 ) ;
#183 = ADVANCED_FACE ( 'NONE', ( #215 ), #2311, .T. ) ;
#184 = ORIENTED_EDGE ( 'NONE', *, *, #1185, .T. ) ;
#185 = ORIENTED_EDGE ( 'NONE', *, *, #1071, .T. ) ;
#186 = CARTESIAN_POINT ( 'NONE',  ( -14.00000000000000000, 1.500000000000000000, -14.90000000000000036 ) ) ;
#187 = ORIENTED_EDGE ( 'NONE', *, *, #1458, .F. ) ;
#188 = CARTESIAN_POINT ( 'NONE',  ( 33.39999999999999858, 11.00000000000000000, 4.000000000000000000 ) ) ;
#189 = VECTOR ( 'NONE', #2693, 1000.000000000000000 ) ;
#190 = ORIENTED_EDGE ( 'NONE', *, *, #847, .T. ) ;
#191 = LINE ( 'NONE', #415, #1031 ) ;
#192 = EDGE_CURVE ( 'NONE', #1669, #217, #2081, .T. ) ;
#193 = FACE_OUTER_BOUND ( 'NONE', #2237, .T. ) ;
#194 = LINE ( 'NONE', #1344, #436 ) ;
#195 = ORIENTED_EDGE ( 'NONE', *, *, #2555, .F. ) ;
#196 = EDGE_CURVE ( 'NONE', #365, #2009, #463, .T. ) ;
#197 = VECTOR ( 'NONE', #468, 1000.000000000000000 ) ;
#198 = ORIENTED_EDGE ( 'NONE', *, *, #2625, .F. ) ;
#199 = AXIS2_PLACEMENT_3D ( 'NONE', #2864, #2371, #1017 ) ;
#200 = CARTESIAN_POINT ( 'NONE',  ( 33.39999999999999858, 1.500000000000000000, 16.00000000000000000 ) ) ;
#201 = DIRECTION ( 'NONE',  ( 1.000000000000000000, 0.000000000000000000, 2.664535259100380036E-15 ) ) ;
#202 = AXIS2_PLACEMENT_3D ( 'NONE', #714, #2961, #2512 ) ;
#203 = ORIENTED_EDGE ( 'NONE', *, *, #2079, .T. ) ;
#204 = ORIENTED_EDGE ( 'NONE', *, *, #2897, .T. ) ;
#205 = CARTESIAN_POINT ( 'NONE',  ( -37.00000000000000000, 0.000000000000000000, 22.00000000000000000 ) ) ;
#206 = CARTESIAN_POINT ( 'NONE',  ( -37.00000000000000000, 0.000000000000000000, -25.00000000000000000 ) ) ;
#207 = ORIENTED_EDGE ( 'NONE', *, *, #1121, .T. ) ;
#208 = CYLINDRICAL_SURFACE ( 'NONE', #543, 1.300000000000002487 ) ;
#209 = VECTOR ( 'NONE', #2146, 1000.000000000000000 ) ;
#210 = LINE ( 'NONE', #2092, #1772 ) ;
#211 = DIRECTION ( 'NONE',  ( -2.664535259100380036E-15, 0.000000000000000000, 1.000000000000000000 ) ) ;
#212 = ORIENTED_EDGE ( 'NONE', *, *, #2352, .T. ) ;
#213 = EDGE_LOOP ( 'NONE', ( #595, #1157, #1368, #981 ) ) ;
#214 = EDGE_CURVE ( 'NONE', #290, #1325, #1056, .T. ) ;
#215 = FACE_OUTER_BOUND ( 'NONE', #2599, .T. ) ;
#216 = CARTESIAN_POINT ( 'NONE',  ( 30.59999999999999787, 1.500000000000000000, -5.000000000000000000 ) ) ;
#217 = VERTEX_POINT ( 'NONE', #451 ) ;
#218 = VERTEX_POINT ( 'NONE', #2341 ) ;
#219 = DIRECTION ( 'NONE',  ( 0.000000000000000000, 0.000000000000000000, -1.000000000000000000 ) ) ;
#220 = ORIENTED_EDGE ( 'NONE', *, *, #332, .F. ) ;
#221 = LINE ( 'NONE', #2495, #1937 ) ;
#222 = EDGE_CURVE ( 'NONE', #484, #1132, #910, .T. ) ;
#223 = DIRECTION ( 'NONE',  ( 0.000000000000000000, 1.000000000000000000, 0.000000000000000000 ) ) ;
#224 = FACE_BOUND ( 'NONE', #682, .T. ) ;
#225 = VERTEX_POINT ( 'NONE', #2990 ) ;
#226 = FACE_OUTER_BOUND ( 'NONE', #2012, .T. ) ;
#227 = LINE ( 'NONE', #216, #1120 ) ;
#228 = ADVANCED_FACE ( 'NONE', ( #226 ), #261, .T. ) ;
#229 = ORIENTED_EDGE ( 'NONE', *, *, #1568, .F. ) ;
#230 = VERTEX_POINT ( 'NONE', #2566 ) ;
#231 = CIRCLE ( 'NONE', #1867, 1.300000000000002487 ) ;
#232 = DIRECTION ( 'NONE',  ( -1.000000000000000000, 0.000000000000000000, 0.000000000000000000 ) ) ;
#233 = CIRCLE ( 'NONE', #1923, 2.999999999999999112 ) ;
#234 = ORIENTED_EDGE ( 'NONE', *, *, #453, .T. ) ;
#235 = VECTOR ( 'NONE', #2477, 1000.000000000000000 ) ;
#236 = CARTESIAN_POINT ( 'NONE',  ( -11.40000000000000036, 1.500000000000000000, -24.50000000000000000 ) ) ;
#237 = DIRECTION ( 'NONE',  ( 0.000000000000000000, 1.000000000000000000, 0.000000000000000000 ) ) ;
#238 = EDGE_CURVE ( 'NONE', #1463, #1711, #2293, .T. ) ;
#239 = CYLINDRICAL_SURFACE ( 'NONE', #2546, 2.999999999999999112 ) ;
#240 = DIRECTION ( 'NONE',  ( -0.000000000000000000, 1.000000000000000000, 0.000000000000000000 ) ) ;
#241 = VERTEX_POINT ( 'NONE', #1629 ) ;
#242 = VERTEX_POINT ( 'NONE', #2533 ) ;
#243 = CARTESIAN_POINT ( 'NONE',  ( -40.00000000000000000, 11.00000000000000000, 2.899999999999999911 ) ) ;
#244 = LINE ( 'NONE', #928, #1459 ) ;
#245 = AXIS2_PLACEMENT_3D ( 'NONE', #62, #1735, #2188 ) ;
#246 = VERTEX_POINT ( 'NONE', #2731 ) ;
#247 = AXIS2_PLACEMENT_3D ( 'NONE', #2917, #2004, #851 ) ;
#248 = VERTEX_POINT ( 'NONE', #1618 ) ;
#249 = CARTESIAN_POINT ( 'NONE',  ( 26.39999999999999858, 11.00000000000000000, 5.000000000000000000 ) ) ;
#250 = VECTOR ( 'NONE', #2844, 1000.000000000000000 ) ;
#251 = VECTOR ( 'NONE', #1848, 1000.000000000000000 ) ;
#252 = ORIENTED_EDGE ( 'NONE', *, *, #1568, .T. ) ;
#253 = EDGE_CURVE ( 'NONE', #542, #2489, #927, .T. ) ;
#254 = LINE ( 'NONE', #2985, #2705 ) ;
#255 = CARTESIAN_POINT ( 'NONE',  ( -25.19999999999999929, 8.500000000000000000, 15.00000000000000000 ) ) ;
#256 = CARTESIAN_POINT ( 'NONE',  ( -40.00000000000000000, 1.500000000000000000, 4.400000000000000355 ) ) ;
#257 = FACE_OUTER_BOUND ( 'NONE', #534, .T. ) ;
#258 = EDGE_CURVE ( 'NONE', #241, #1376, #1203, .T. ) ;
#259 = VECTOR ( 'NONE', #1736, 1000.000000000000000 ) ;
#260 = ORIENTED_EDGE ( 'NONE', *, *, #1351, .T. ) ;
#261 = PLANE ( 'NONE',  #2883 ) ;
#262 = CARTESIAN_POINT ( 'NONE',  ( 3.550000000000000266, 8.650000000000000355, 24.89999999999999858 ) ) ;
#263 = CARTESIAN_POINT ( 'NONE',  ( -10.34999999999999964, 8.650000000000000355, 19.90000000000000213 ) ) ;
#264 = EDGE_CURVE ( 'NONE', #2485, #882, #2886, .T. ) ;
#265 = ORIENTED_EDGE ( 'NONE', *, *, #2684, .F. ) ;
#266 = EDGE_LOOP ( 'NONE', ( #2066, #1942, #171, #444, #2526, #465 ) ) ;
#267 = DIRECTION ( 'NONE',  ( 0.000000000000000000, 1.000000000000000000, 0.000000000000000000 ) ) ;
#268 = ORIENTED_EDGE ( 'NONE', *, *, #1321, .F. ) ;
#269 = LINE ( 'NONE', #317, #489 ) ;
#270 = EDGE_CURVE ( 'NONE', #115, #1007, #1392, .T. ) ;
#271 = CARTESIAN_POINT ( 'NONE',  ( 15.29999999999999893, 1.500000000000000000, -5.000000000000000000 ) ) ;
#272 = DIRECTION ( 'NONE',  ( 0.000000000000000000, -1.000000000000000000, 0.000000000000000000 ) ) ;
#273 = DIRECTION ( 'NONE',  ( 0.000000000000000000, 1.000000000000000000, 0.000000000000000000 ) ) ;
#274 = ORIENTED_EDGE ( 'NONE', *, *, #120, .F. ) ;
#275 = DIRECTION ( 'NONE',  ( 0.000000000000000000, 0.000000000000000000, -1.000000000000000000 ) ) ;
#276 = DIRECTION ( 'NONE',  ( 0.000000000000000000, 1.000000000000000000, 0.000000000000000000 ) ) ;
#277 = CARTESIAN_POINT ( 'NONE',  ( 26.39999999999999858, 1.500000000000000000, 17.00000000000000000 ) ) ;
#278 = VERTEX_POINT ( 'NONE', #2501 ) ;
#279 = EDGE_LOOP ( 'NONE', ( #2499, #1968, #351, #1822 ) ) ;
#280 = CARTESIAN_POINT ( 'NONE',  ( 37.60000000000000142, 1.500000000000000000, 17.00000000000000000 ) ) ;
#281 = EDGE_CURVE ( 'NONE', #2557, #115, #1142, .T. ) ;
#282 = ORIENTED_EDGE ( 'NONE', *, *, #1656, .F. ) ;
#283 = LINE ( 'NONE', #2624, #630 ) ;
#284 = VECTOR ( 'NONE', #1959, 1000.000000000000000 ) ;
#285 = VERTEX_POINT ( 'NONE', #2774 ) ;
#286 = LINE ( 'NONE', #1423, #2138 ) ;
#287 = VECTOR ( 'NONE', #1845, 999.9999999999998863 ) ;
#288 = CARTESIAN_POINT ( 'NONE',  ( -40.00000000000000000, 11.00000000000000000, 2.899999999999999911 ) ) ;
#289 = FACE_OUTER_BOUND ( 'NONE', #592, .T. ) ;
#290 = VERTEX_POINT ( 'NONE', #2050 ) ;
#291 = ORIENTED_EDGE ( 'NONE', *, *, #2362, .F. ) ;
#292 = CARTESIAN_POINT ( 'NONE',  ( 38.60000000000000142, 1.500000000000000000, -8.000000000000000000 ) ) ;
#293 = DIRECTION ( 'NONE',  ( 0.000000000000000000, 1.000000000000000000, 0.000000000000000000 ) ) ;
#294 = EDGE_CURVE ( 'NONE', #246, #457, #524, .T. ) ;
#295 = PLANE ( 'NONE',  #2133 ) ;
#296 = EDGE_LOOP ( 'NONE', ( #576, #10, #813, #1504, #915, #2926 ) ) ;
#297 = FACE_OUTER_BOUND ( 'NONE', #2390, .T. ) ;
#298 = LINE ( 'NONE', #982, #2309 ) ;
#299 = VECTOR ( 'NONE', #1605, 1000.000000000000000 ) ;
#300 = ORIENTED_EDGE ( 'NONE', *, *, #696, .T. ) ;
#301 = AXIS2_PLACEMENT_3D ( 'NONE', #2545, #755, #1260 ) ;
#302 = DIRECTION ( 'NONE',  ( -1.000000000000000000, 0.000000000000000000, 0.000000000000000000 ) ) ;
#303 = VECTOR ( 'NONE', #2539, 1000.000000000000000 ) ;
#304 = CARTESIAN_POINT ( 'NONE',  ( 20.44999999999969731, 1.500000000000000000, 2.149999999999920419 ) ) ;
#305 = CARTESIAN_POINT ( 'NONE',  ( 25.39999999999999858, 11.00000000000000000, -17.00000000000000000 ) ) ;
#306 = DIRECTION ( 'NONE',  ( 1.000000000000000000, 0.000000000000000000, 0.000000000000000000 ) ) ;
#307 = VERTEX_POINT ( 'NONE', #1154 ) ;
#308 = FACE_OUTER_BOUND ( 'NONE', #2779, .T. ) ;
#309 = CARTESIAN_POINT ( 'NONE',  ( -11.59999999999999964, 1.500000000000000000, 12.44999999999999929 ) ) ;
#310 = CARTESIAN_POINT ( 'NONE',  ( 37.60000000000000142, 11.00000000000000000, 5.000000000000000000 ) ) ;
#311 = EDGE_LOOP ( 'NONE', ( #1595, #4, #1434, #2901 ) ) ;
#312 = ADVANCED_FACE ( 'NONE', ( #2976 ), #2745, .T. ) ;
#313 = VECTOR ( 'NONE', #1452, 1000.000000000000000 ) ;
#314 = FACE_OUTER_BOUND ( 'NONE', #311, .T. ) ;
#315 = DIRECTION ( 'NONE',  ( 0.000000000000000000, 0.000000000000000000, 1.000000000000000000 ) ) ;
#316 = VERTEX_POINT ( 'NONE', #24 ) ;
#317 = CARTESIAN_POINT ( 'NONE',  ( -40.00000000000000000, 1.500000000000000000, 25.00000000000000000 ) ) ;
#318 = LINE ( 'NONE', #1676, #728 ) ;
#319 = EDGE_CURVE ( 'NONE', #1697, #2285, #2327, .T. ) ;
#320 = ORIENTED_EDGE ( 'NONE', *, *, #1341, .F. ) ;
#321 = DIRECTION ( 'NONE',  ( 1.000000000000000000, 0.000000000000000000, 0.000000000000000000 ) ) ;
#322 = DIRECTION ( 'NONE',  ( 0.000000000000000000, -1.000000000000000000, 0.000000000000000000 ) ) ;
#323 = DIRECTION ( 'NONE',  ( -1.000000000000000000, 0.000000000000000000, 0.000000000000000000 ) ) ;
#324 = ORIENTED_EDGE ( 'NONE', *, *, #1476, .T. ) ;
#325 = LINE ( 'NONE', #2423, #2831 ) ;
#326 = ADVANCED_FACE ( 'NONE', ( #1456 ), #1678, .T. ) ;
#327 = EDGE_LOOP ( 'NONE', ( #2424, #791 ) ) ;
#328 = LINE ( 'NONE', #99, #2321 ) ;
#329 = EDGE_CURVE ( 'NONE', #457, #2938, #2187, .T. ) ;
#330 = DIRECTION ( 'NONE',  ( 0.000000000000000000, 1.000000000000000000, 2.337311630789800155E-16 ) ) ;
#331 = VECTOR ( 'NONE', #839, 1000.000000000000000 ) ;
#332 = EDGE_CURVE ( 'NONE', #2744, #2485, #1345, .T. ) ;
#333 = CARTESIAN_POINT ( 'NONE',  ( -11.59999999999999964, 8.500000000000000000, 24.89999999999999858 ) ) ;
#334 = CARTESIAN_POINT ( 'NONE',  ( -11.40000000000000036, 8.500000000000000000, -19.50000000000000000 ) ) ;
#335 = CIRCLE ( 'NONE', #2118, 2.999999999999999112 ) ;
#336 = CARTESIAN_POINT ( 'NONE',  ( 25.39999999999999858, 1.500000000000000000, -17.00000000000000000 ) ) ;
#337 = ORIENTED_EDGE ( 'NONE', *, *, #1116, .F. ) ;
#338 = ORIENTED_EDGE ( 'NONE', *, *, #329, .F. ) ;
#339 = DIRECTION ( 'NONE',  ( 0.000000000000000000, 1.000000000000000000, 0.000000000000000000 ) ) ;
#340 = ORIENTED_EDGE ( 'NONE', *, *, #1385, .F. ) ;
#341 = ORIENTED_EDGE ( 'NONE', *, *, #253, .T. ) ;
#342 = CARTESIAN_POINT ( 'NONE',  ( -33.79999999999999716, 8.500000000000000000, 5.000000000000000000 ) ) ;
#343 = ADVANCED_FACE ( 'NONE', ( #76 ), #1004, .T. ) ;
#344 = AXIS2_PLACEMENT_3D ( 'NONE', #163, #1291, #2013 ) ;
#345 = LINE ( 'NONE', #1245, #1785 ) ;
#346 = AXIS2_PLACEMENT_3D ( 'NONE', #1327, #1985, #829 ) ;
#347 = DIRECTION ( 'NONE',  ( -0.000000000000000000, 1.000000000000000000, 0.000000000000000000 ) ) ;
#348 = DIRECTION ( 'NONE',  ( 0.7071067811865621167, 0.000000000000000000, -0.7071067811865330288 ) ) ;
#349 = FACE_BOUND ( 'NONE', #1398, .T. ) ;
#350 = VECTOR ( 'NONE', #1205, 1000.000000000000000 ) ;
#351 = ORIENTED_EDGE ( 'NONE', *, *, #2243, .T. ) ;
#352 = DIRECTION ( 'NONE',  ( 0.000000000000000000, 1.000000000000000000, 0.000000000000000000 ) ) ;
#353 = CARTESIAN_POINT ( 'NONE',  ( 25.39999999999999858, 11.00000000000000000, 7.000000000000000000 ) ) ;
#354 = VECTOR ( 'NONE', #92, 1000.000000000000000 ) ;
#355 = VERTEX_POINT ( 'NONE', #1718 ) ;
#356 = DIRECTION ( 'NONE',  ( 0.000000000000000000, 1.000000000000000000, 0.000000000000000000 ) ) ;
#357 = LINE ( 'NONE', #1512, #2031 ) ;
#358 = CARTESIAN_POINT ( 'NONE',  ( -11.59999999999999964, 1.500000000000000000, 24.89999999999999858 ) ) ;
#359 = ADVANCED_FACE ( 'NONE', ( #1473 ), #2171, .T. ) ;
#360 = CARTESIAN_POINT ( 'NONE',  ( 34.39999999999999858, 1.500000000000000000, -7.000000000000000000 ) ) ;
#361 = FACE_OUTER_BOUND ( 'NONE', #1648, .T. ) ;
#362 = ORIENTED_EDGE ( 'NONE', *, *, #1478, .F. ) ;
#363 = CARTESIAN_POINT ( 'NONE',  ( 30.59999999999999787, 1.500000000000000000, 16.00000000000000000 ) ) ;
#364 = CARTESIAN_POINT ( 'NONE',  ( -37.00000000000000000, 1.500000000000000000, 25.00000000000000000 ) ) ;
#365 = VERTEX_POINT ( 'NONE', #1248 ) ;
#366 = VERTEX_POINT ( 'NONE', #2639 ) ;
#367 = EDGE_CURVE ( 'NONE', #366, #115, #1441, .T. ) ;
#368 = ORIENTED_EDGE ( 'NONE', *, *, #1776, .T. ) ;
#369 = FACE_OUTER_BOUND ( 'NONE', #2874, .T. ) ;
#370 = FACE_OUTER_BOUND ( 'NONE', #966, .T. ) ;
#371 =( NAMED_UNIT ( * ) PLANE_ANGLE_UNIT ( ) SI_UNIT ( $, .RADIAN. ) );
#372 = CARTESIAN_POINT ( 'NONE',  ( 26.39999999999999858, 1.500000000000000000, 17.00000000000000000 ) ) ;
#373 = DIRECTION ( 'NONE',  ( 0.7071067811865330288, 0.000000000000000000, 0.7071067811865621167 ) ) ;
#374 = DIRECTION ( 'NONE',  ( 0.000000000000000000, -1.000000000000000000, 0.000000000000000000 ) ) ;
#375 = VECTOR ( 'NONE', #1760, 1000.000000000000000 ) ;
#376 = EDGE_LOOP ( 'NONE', ( #29, #2587, #1140, #1876 ) ) ;
#377 = ADVANCED_FACE ( 'NONE', ( #771 ), #786, .T. ) ;
#378 = PLANE ( 'NONE',  #1253 ) ;
#379 = AXIS2_PLACEMENT_3D ( 'NONE', #1199, #2875, #356 ) ;
#380 = CARTESIAN_POINT ( 'NONE',  ( 25.39999999999999858, 11.00000000000000000, 16.00000000000000000 ) ) ;
#381 = ORIENTED_EDGE ( 'NONE', *, *, #2654, .F. ) ;
#382 = VERTEX_POINT ( 'NONE', #1234 ) ;
#383 = DIRECTION ( 'NONE',  ( 0.000000000000000000, 1.000000000000000000, 0.000000000000000000 ) ) ;
#384 = DIRECTION ( 'NONE',  ( 1.000000000000000000, 0.000000000000000000, 0.000000000000000000 ) ) ;
#385 = ADVANCED_FACE ( 'NONE', ( #2156 ), #2357, .F. ) ;
#386 = ORIENTED_EDGE ( 'NONE', *, *, #624, .F. ) ;
#387 = LINE ( 'NONE', #2696, #2852 ) ;
#388 = EDGE_CURVE ( 'NONE', #1711, #1669, #992, .T. ) ;
#389 = AXIS2_PLACEMENT_3D ( 'NONE', #1707, #1052, #2417 ) ;
#390 = DIRECTION ( 'NONE',  ( -1.000000000000000000, 0.000000000000000000, 0.000000000000000000 ) ) ;
#391 = CARTESIAN_POINT ( 'NONE',  ( 0.5999999999999999778, 1.500000000000000000, -24.50000000000000000 ) ) ;
#392 = VECTOR ( 'NONE', #374, 1000.000000000000000 ) ;
#393 = ORIENTED_EDGE ( 'NONE', *, *, #1036, .T. ) ;
#394 = AXIS2_PLACEMENT_3D ( 'NONE', #2166, #1879, #1435 ) ;
#395 = CARTESIAN_POINT ( 'NONE',  ( 3.550000000000000266, 1.500000000000000000, 19.90000000000000213 ) ) ;
#396 = DIRECTION ( 'NONE',  ( 0.000000000000000000, 1.000000000000000000, 0.000000000000000000 ) ) ;
#397 = ADVANCED_FACE ( 'NONE', ( #308 ), #2807, .T. ) ;
#398 = VECTOR ( 'NONE', #2329, 1000.000000000000000 ) ;
#399 = ORIENTED_EDGE ( 'NONE', *, *, #731, .F. ) ;
#400 = DIRECTION ( 'NONE',  ( 1.000000000000000000, 0.000000000000000000, 0.000000000000000000 ) ) ;
#401 = EDGE_LOOP ( 'NONE', ( #2921, #1467, #2520, #1419 ) ) ;
#402 = DIRECTION ( 'NONE',  ( 0.7071067811865451302, 0.000000000000000000, -0.7071067811865499042 ) ) ;
#403 = FACE_OUTER_BOUND ( 'NONE', #1531, .T. ) ;
#404 = EDGE_CURVE ( 'NONE', #180, #1566, #2144, .T. ) ;
#405 = DIRECTION ( 'NONE',  ( 0.000000000000000000, 0.000000000000000000, 1.000000000000000000 ) ) ;
#406 = CARTESIAN_POINT ( 'NONE',  ( 38.60000000000000142, 1.500000000000000000, -8.000000000000000000 ) ) ;
#407 = ORIENTED_EDGE ( 'NONE', *, *, #2503, .F. ) ;
#408 = DIRECTION ( 'NONE',  ( 0.000000000000000000, -1.000000000000000000, 0.000000000000000000 ) ) ;
#409 = FACE_BOUND ( 'NONE', #2325, .T. ) ;
#410 = ORIENTED_EDGE ( 'NONE', *, *, #797, .F. ) ;
#411 = DIRECTION ( 'NONE',  ( 0.000000000000000000, 1.000000000000000000, 0.000000000000000000 ) ) ;
#412 = ADVANCED_FACE ( 'NONE', ( #2853 ), #1916, .T. ) ;
#413 = DIRECTION ( 'NONE',  ( 0.000000000000000000, 1.000000000000000000, 0.000000000000000000 ) ) ;
#414 = EDGE_CURVE ( 'NONE', #785, #248, #2628, .T. ) ;
#415 = CARTESIAN_POINT ( 'NONE',  ( -23.59999999999999787, 1.500000000000000000, 9.950000000000001066 ) ) ;
#416 = DIRECTION ( 'NONE',  ( 1.000000000000000000, 0.000000000000000000, 0.000000000000000000 ) ) ;
#417 = DIRECTION ( 'NONE',  ( 0.000000000000000000, 1.000000000000000000, 0.000000000000000000 ) ) ;
#418 = ORIENTED_EDGE ( 'NONE', *, *, #2939, .F. ) ;
#419 = LINE ( 'NONE', #1110, #963 ) ;
#420 = DIRECTION ( 'NONE',  ( 1.000000000000000000, 0.000000000000000000, 0.000000000000000000 ) ) ;
#421 = VECTOR ( 'NONE', #1938, 1000.000000000000000 ) ;
#422 = VERTEX_POINT ( 'NONE', #333 ) ;
#423 = VECTOR ( 'NONE', #1870, 1000.000000000000000 ) ;
#424 = ORIENTED_EDGE ( 'NONE', *, *, #2622, .T. ) ;
#425 = FACE_OUTER_BOUND ( 'NONE', #1114, .T. ) ;
#426 = DIRECTION ( 'NONE',  ( 0.7071067811865621167, 0.000000000000000000, -0.7071067811865330288 ) ) ;
#427 = AXIS2_PLACEMENT_3D ( 'NONE', #20, #223, #2962 ) ;
#428 = ORIENTED_EDGE ( 'NONE', *, *, #2794, .T. ) ;
#429 = DIRECTION ( 'NONE',  ( -0.7071067811865621167, 0.000000000000000000, 0.7071067811865330288 ) ) ;
#430 = ADVANCED_FACE ( 'NONE', ( #108 ), #1037, .T. ) ;
#431 = DIRECTION ( 'NONE',  ( 0.000000000000000000, -1.000000000000000000, 0.000000000000000000 ) ) ;
#432 = FACE_OUTER_BOUND ( 'NONE', #2932, .T. ) ;
#433 = ORIENTED_EDGE ( 'NONE', *, *, #1321, .T. ) ;
#434 = VECTOR ( 'NONE', #2381, 1000.000000000000000 ) ;
#435 = ORIENTED_EDGE ( 'NONE', *, *, #760, .T. ) ;
#436 = VECTOR ( 'NONE', #2264, 1000.000000000000000 ) ;
#437 = CARTESIAN_POINT ( 'NONE',  ( -11.40000000000000036, 1.500000000000000000, -19.50000000000000000 ) ) ;
#438 = DIRECTION ( 'NONE',  ( -1.000000000000000000, 0.000000000000000000, 0.000000000000000000 ) ) ;
#439 = VECTOR ( 'NONE', #1757, 1000.000000000000000 ) ;
#440 = ORIENTED_EDGE ( 'NONE', *, *, #1172, .T. ) ;
#441 = ORIENTED_EDGE ( 'NONE', *, *, #2316, .T. ) ;
#442 = LINE ( 'NONE', #1133, #2496 ) ;
#443 = EDGE_CURVE ( 'NONE', #218, #596, #801, .T. ) ;
#444 = ORIENTED_EDGE ( 'NONE', *, *, #2435, .T. ) ;
#445 = CARTESIAN_POINT ( 'NONE',  ( 37.00000000000000000, 0.000000000000000000, -22.00000000000000000 ) ) ;
#446 = VECTOR ( 'NONE', #237, 1000.000000000000000 ) ;
#447 = DIRECTION ( 'NONE',  ( -1.000000000000000000, 0.000000000000000000, 0.000000000000000000 ) ) ;
#448 = FACE_BOUND ( 'NONE', #467, .T. ) ;
#449 = EDGE_CURVE ( 'NONE', #748, #1207, #1750, .T. ) ;
#450 = ORIENTED_EDGE ( 'NONE', *, *, #214, .F. ) ;
#451 = CARTESIAN_POINT ( 'NONE',  ( -30.20000000000000284, 8.500000000000000000, 5.000000000000000000 ) ) ;
#452 = CARTESIAN_POINT ( 'NONE',  ( -33.79999999999999716, 1.500000000000000000, 15.00000000000000000 ) ) ;
#453 = EDGE_CURVE ( 'NONE', #1363, #1365, #850, .T. ) ;
#454 = ORIENTED_EDGE ( 'NONE', *, *, #1528, .F. ) ;
#455 = VERTEX_POINT ( 'NONE', #2235 ) ;
#456 = CARTESIAN_POINT ( 'NONE',  ( -37.00000000000000000, 0.000000000000000000, 25.00000000000000000 ) ) ;
#457 = VERTEX_POINT ( 'NONE', #1990 ) ;
#458 = CARTESIAN_POINT ( 'NONE',  ( 33.39999999999999858, 1.500000000000000000, -17.00000000000000000 ) ) ;
#459 = PLANE ( 'NONE',  #1749 ) ;
#460 = CARTESIAN_POINT ( 'NONE',  ( -38.29999999999999716, 1.500000000000000000, 22.00000000000000000 ) ) ;
#461 = CARTESIAN_POINT ( 'NONE',  ( 38.60000000000000142, 1.500000000000000000, -5.000000000000000000 ) ) ;
#462 = VERTEX_POINT ( 'NONE', #1515 ) ;
#463 = LINE ( 'NONE', #1810, #965 ) ;
#464 = CARTESIAN_POINT ( 'NONE',  ( 38.60000000000000142, 1.500000000000000000, -17.00000000000000000 ) ) ;
#465 = ORIENTED_EDGE ( 'NONE', *, *, #2709, .T. ) ;
#466 = EDGE_CURVE ( 'NONE', #157, #1007, #2455, .T. ) ;
#467 = EDGE_LOOP ( 'NONE', ( #844, #578, #1647, #2648, #665, #2476 ) ) ;
#468 = DIRECTION ( 'NONE',  ( 0.000000000000000000, 0.000000000000000000, 1.000000000000000000 ) ) ;
#469 = CIRCLE ( 'NONE', #427, 2.999999999999999112 ) ;
#470 = EDGE_LOOP ( 'NONE', ( #1617, #2256, #1148, #1824 ) ) ;
#471 = AXIS2_PLACEMENT_3D ( 'NONE', #1727, #2596, #2681 ) ;
#472 = LINE ( 'NONE', #1402, #1273 ) ;
#473 = EDGE_CURVE ( 'NONE', #2793, #897, #711, .T. ) ;
#474 = LINE ( 'NONE', #2074, #2516 ) ;
#475 = CARTESIAN_POINT ( 'NONE',  ( -13.00000000000000000, 12.50000000000000000, 4.400000000000000355 ) ) ;
#476 = EDGE_CURVE ( 'NONE', #2789, #1603, #122, .T. ) ;
#477 = CARTESIAN_POINT ( 'NONE',  ( 29.60000000000000142, 1.500000000000000000, -7.000000000000000000 ) ) ;
#478 = ORIENTED_EDGE ( 'NONE', *, *, #1469, .T. ) ;
#479 = ORIENTED_EDGE ( 'NONE', *, *, #1724, .F. ) ;
#480 = DIRECTION ( 'NONE',  ( 0.000000000000000000, -1.000000000000000000, 0.000000000000000000 ) ) ;
#481 = PLANE ( 'NONE',  #100 ) ;
#482 = VECTOR ( 'NONE', #1324, 1000.000000000000000 ) ;
#483 = DIRECTION ( 'NONE',  ( 0.000000000000000000, 1.000000000000000000, 0.000000000000000000 ) ) ;
#484 = VERTEX_POINT ( 'NONE', #2003 ) ;
#485 = VECTOR ( 'NONE', #1719, 1000.000000000000000 ) ;
#486 = EDGE_LOOP ( 'NONE', ( #2747, #871, #268, #1793 ) ) ;
#487 = DIRECTION ( 'NONE',  ( 2.220446049250309876E-16, 0.000000000000000000, -1.000000000000000000 ) ) ;
#488 = ADVANCED_FACE ( 'NONE', ( #628 ), #1051, .T. ) ;
#489 = VECTOR ( 'NONE', #2395, 1000.000000000000000 ) ;
#490 = ORIENTED_EDGE ( 'NONE', *, *, #1733, .F. ) ;
#491 = VERTEX_POINT ( 'NONE', #613 ) ;
#492 = DIRECTION ( 'NONE',  ( -1.000000000000000000, 0.000000000000000000, -2.664535259100380036E-15 ) ) ;
#493 = LINE ( 'NONE', #952, #2762 ) ;
#494 = CARTESIAN_POINT ( 'NONE',  ( 40.00000000000000000, 1.500000000000000000, 22.00000000000000000 ) ) ;
#495 = PLANE ( 'NONE',  #1223 ) ;
#496 = VECTOR ( 'NONE', #2769, 1000.000000000000000 ) ;
#497 = EDGE_LOOP ( 'NONE', ( #1713, #2300, #2094, #808 ) ) ;
#498 = ADVANCED_FACE ( 'NONE', ( #1529 ), #1790, .T. ) ;
#499 = CARTESIAN_POINT ( 'NONE',  ( -13.00000000000000000, 1.500000000000000000, 2.200000000000000178 ) ) ;
#500 = CARTESIAN_POINT ( 'NONE',  ( 38.60000000000000142, 1.500000000000000000, 2.000000000000000000 ) ) ;
#501 = AXIS2_PLACEMENT_3D ( 'NONE', #1290, #2215, #1243 ) ;
#502 = DIRECTION ( 'NONE',  ( 1.000000000000000000, 0.000000000000000000, 0.000000000000000000 ) ) ;
#503 = ORIENTED_EDGE ( 'NONE', *, *, #2842, .F. ) ;
#504 = ORIENTED_EDGE ( 'NONE', *, *, #2354, .T. ) ;
#505 = CARTESIAN_POINT ( 'NONE',  ( -40.00000000000000000, 12.50000000000000000, 4.400000000000000355 ) ) ;
#506 = ORIENTED_EDGE ( 'NONE', *, *, #2397, .T. ) ;
#507 = UNCERTAINTY_MEASURE_WITH_UNIT (LENGTH_MEASURE( 1.000000000000000082E-05 ), #1507, 'distance_accuracy_value', 'NONE');
#508 = CARTESIAN_POINT ( 'NONE',  ( -11.59999999999999964, 1.500000000000000000, 24.89999999999999858 ) ) ;
#509 = EDGE_CURVE ( 'NONE', #1356, #1780, #1540, .T. ) ;
#510 = CARTESIAN_POINT ( 'NONE',  ( -40.00000000000000000, 0.000000000000000000, -25.00000000000000000 ) ) ;
#511 = DIRECTION ( 'NONE',  ( 0.000000000000000000, -1.000000000000000000, 0.000000000000000000 ) ) ;
#512 = LINE ( 'NONE', #568, #1646 ) ;
#513 = ORIENTED_EDGE ( 'NONE', *, *, #1759, .T. ) ;
#514 = ORIENTED_EDGE ( 'NONE', *, *, #582, .T. ) ;
#515 = DIRECTION ( 'NONE',  ( 0.000000000000000000, 1.000000000000000000, 0.000000000000000000 ) ) ;
#516 = DIRECTION ( 'NONE',  ( 0.000000000000000000, -1.000000000000000000, 0.000000000000000000 ) ) ;
#517 = CARTESIAN_POINT ( 'NONE',  ( 38.60000000000000142, 1.500000000000000000, 7.000000000000000000 ) ) ;
#518 = PRODUCT_RELATED_PRODUCT_CATEGORY ( 'part', '', ( #2110 ) ) ;
#519 = ORIENTED_EDGE ( 'NONE', *, *, #654, .F. ) ;
#520 = ORIENTED_EDGE ( 'NONE', *, *, #2817, .F. ) ;
#521 = CARTESIAN_POINT ( 'NONE',  ( -38.80000000000000426, 8.500000000000000000, 5.000000000000000000 ) ) ;
#522 = ORIENTED_EDGE ( 'NONE', *, *, #2000, .T. ) ;
#523 = DIRECTION ( 'NONE',  ( 0.000000000000000000, -1.000000000000000000, 0.000000000000000000 ) ) ;
#524 = CIRCLE ( 'NONE', #2785, 2.999999999999999112 ) ;
#525 = LINE ( 'NONE', #304, #892 ) ;
#526 = AXIS2_PLACEMENT_3D ( 'NONE', #738, #845, #1424 ) ;
#527 = CARTESIAN_POINT ( 'NONE',  ( 29.60000000000000142, 11.00000000000000000, 17.00000000000000000 ) ) ;
#528 = CARTESIAN_POINT ( 'NONE',  ( -13.00000000000000000, 1.500000000000000000, -16.40000000000000213 ) ) ;
#529 = ADVANCED_FACE ( 'NONE', ( #2916 ), #1734, .T. ) ;
#530 = EDGE_LOOP ( 'NONE', ( #867, #1809, #1189, #1211 ) ) ;
#531 = CARTESIAN_POINT ( 'NONE',  ( -23.59999999999999787, 1.500000000000000000, 24.89999999999999858 ) ) ;
#532 = DIRECTION ( 'NONE',  ( 0.7071067811865621167, 0.000000000000000000, -0.7071067811865330288 ) ) ;
#533 = DIRECTION ( 'NONE',  ( 0.000000000000000000, 0.000000000000000000, 1.000000000000000000 ) ) ;
#534 = EDGE_LOOP ( 'NONE', ( #1563, #2049, #893, #902 ) ) ;
#535 = ORIENTED_EDGE ( 'NONE', *, *, #2922, .T. ) ;
#536 =( NAMED_UNIT ( * ) PLANE_ANGLE_UNIT ( ) SI_UNIT ( $, .RADIAN. ) );
#537 = VECTOR ( 'NONE', #1892, 1000.000000000000114 ) ;
#538 = EDGE_CURVE ( 'NONE', #1798, #1389, #2482, .T. ) ;
#539 = ORIENTED_EDGE ( 'NONE', *, *, #1201, .F. ) ;
#540 = VECTOR ( 'NONE', #2757, 1000.000000000000000 ) ;
#541 = CARTESIAN_POINT ( 'NONE',  ( 17.19999999999999929, 1.500000000000000000, 17.00000000000000000 ) ) ;
#542 = VERTEX_POINT ( 'NONE', #2441 ) ;
#543 = AXIS2_PLACEMENT_3D ( 'NONE', #920, #1137, #2971 ) ;
#544 = CARTESIAN_POINT ( 'NONE',  ( 39.12132034355963128, 1.500000000000000000, 24.12132034355964905 ) ) ;
#545 = CARTESIAN_POINT ( 'NONE',  ( 33.39999999999999858, 11.00000000000000000, -8.000000000000000000 ) ) ;
#546 = ADVANCED_FACE ( 'NONE', ( #165 ), #1095, .T. ) ;
#547 = DIRECTION ( 'NONE',  ( 0.000000000000000000, 1.000000000000000000, 0.000000000000000000 ) ) ;
#548 = DIRECTION ( 'NONE',  ( 0.000000000000000000, 1.000000000000000000, 0.000000000000000000 ) ) ;
#549 = PLANE ( 'NONE',  #2233 ) ;
#550 = ORIENTED_EDGE ( 'NONE', *, *, #661, .T. ) ;
#551 = VERTEX_POINT ( 'NONE', #360 ) ;
#552 = LINE ( 'NONE', #1043, #1781 ) ;
#553 = ORIENTED_EDGE ( 'NONE', *, *, #1786, .T. ) ;
#554 = CARTESIAN_POINT ( 'NONE',  ( -10.34999999999999964, 8.650000000000000355, 24.89999999999999858 ) ) ;
#555 = CARTESIAN_POINT ( 'NONE',  ( 34.39999999999999858, 11.00000000000000000, -7.000000000000000000 ) ) ;
#556 = CARTESIAN_POINT ( 'NONE',  ( -40.00000000000000000, 0.000000000000000000, 22.00000000000000000 ) ) ;
#557 = DIRECTION ( 'NONE',  ( 0.000000000000000000, 1.000000000000000000, 0.000000000000000000 ) ) ;
#558 = DIRECTION ( 'NONE',  ( 0.000000000000000000, -1.000000000000000000, 0.000000000000000000 ) ) ;
#559 = ORIENTED_EDGE ( 'NONE', *, *, #1330, .F. ) ;
#560 = VERTEX_POINT ( 'NONE', #2898 ) ;
#561 = PLANE ( 'NONE',  #1881 ) ;
#562 = VERTEX_POINT ( 'NONE', #1332 ) ;
#563 = EDGE_CURVE ( 'NONE', #1737, #2258, #2248, .T. ) ;
#564 = ORIENTED_EDGE ( 'NONE', *, *, #1044, .T. ) ;
#565 = CARTESIAN_POINT ( 'NONE',  ( 40.00000000000000000, 1.500000000000000000, 25.00000000000000000 ) ) ;
#566 = DIRECTION ( 'NONE',  ( 0.000000000000000000, 1.000000000000000000, 0.000000000000000000 ) ) ;
#567 = EDGE_CURVE ( 'NONE', #1566, #1073, #2016, .T. ) ;
#568 = CARTESIAN_POINT ( 'NONE',  ( -39.12132034355963128, 0.000000000000000000, 24.12132034355964905 ) ) ;
#569 = VECTOR ( 'NONE', #1366, 1000.000000000000000 ) ;
#570 = EDGE_CURVE ( 'NONE', #83, #138, #233, .T. ) ;
#571 = DIRECTION ( 'NONE',  ( 0.000000000000000000, 1.000000000000000000, 0.000000000000000000 ) ) ;
#572 = PLANE ( 'NONE',  #152 ) ;
#573 = AXIS2_PLACEMENT_3D ( 'NONE', #1600, #953, #2727 ) ;
#574 = CARTESIAN_POINT ( 'NONE',  ( -40.00000000000000000, 1.500000000000000000, -14.90000000000000036 ) ) ;
#575 = ORIENTED_EDGE ( 'NONE', *, *, #120, .T. ) ;
#576 = ORIENTED_EDGE ( 'NONE', *, *, #1673, .T. ) ;
#577 = LINE ( 'NONE', #2858, #1596 ) ;
#578 = ORIENTED_EDGE ( 'NONE', *, *, #414, .T. ) ;
#579 = ORIENTED_EDGE ( 'NONE', *, *, #1476, .F. ) ;
#580 = ORIENTED_EDGE ( 'NONE', *, *, #1492, .F. ) ;
#581 = CARTESIAN_POINT ( 'NONE',  ( 39.12132034355963128, 1.500000000000000000, -24.12132034355964905 ) ) ;
#582 = EDGE_CURVE ( 'NONE', #2485, #2949, #2713, .T. ) ;
#583 = LINE ( 'NONE', #2925, #1787 ) ;
#584 = AXIS2_PLACEMENT_3D ( 'NONE', #1464, #96, #315 ) ;
#585 = VECTOR ( 'NONE', #1567, 1000.000000000000000 ) ;
#586 = CARTESIAN_POINT ( 'NONE',  ( -37.00000000000000000, 1.500000000000000000, -22.00000000000000000 ) ) ;
#587 = FACE_OUTER_BOUND ( 'NONE', #2458, .T. ) ;
#588 = VECTOR ( 'NONE', #2527, 1000.000000000000000 ) ;
#589 = DIRECTION ( 'NONE',  ( 1.000000000000000000, 0.000000000000000000, 0.000000000000000000 ) ) ;
#590 = DIRECTION ( 'NONE',  ( 0.000000000000000000, 0.000000000000000000, -1.000000000000000000 ) ) ;
#591 = ADVANCED_FACE ( 'NONE', ( #2263 ), #921, .T. ) ;
#592 = EDGE_LOOP ( 'NONE', ( #1241, #995, #1808, #2152 ) ) ;
#593 = CARTESIAN_POINT ( 'NONE',  ( 0.5999999999999999778, 8.500000000000000000, -24.50000000000000000 ) ) ;
#594 = FACE_OUTER_BOUND ( 'NONE', #1686, .T. ) ;
#595 = ORIENTED_EDGE ( 'NONE', *, *, #1610, .T. ) ;
#596 = VERTEX_POINT ( 'NONE', #717 ) ;
#597 = PLANE ( 'NONE',  #379 ) ;
#598 = LINE ( 'NONE', #2011, #883 ) ;
#600 = VERTEX_POINT ( 'NONE', #494 ) ;
#599 = CARTESIAN_POINT ( 'NONE',  ( 40.00000000000000000, 1.500000000000000000, -22.00000000000000000 ) ) ;
#601 = DIRECTION ( 'NONE',  ( 1.000000000000000000, 0.000000000000000000, 0.000000000000000000 ) ) ;
#602 = ADVANCED_FACE ( 'NONE', ( #193 ), #1151, .F. ) ;
#603 = DIRECTION ( 'NONE',  ( 0.000000000000000000, 1.000000000000000000, 0.000000000000000000 ) ) ;
#604 = CARTESIAN_POINT ( 'NONE',  ( -37.00000000000000000, 0.000000000000000000, -22.00000000000000000 ) ) ;
#605 = EDGE_LOOP ( 'NONE', ( #2511, #575, #2604, #898, #252, #925 ) ) ;
#606 = DIRECTION ( 'NONE',  ( 0.000000000000000000, 1.000000000000000000, 0.000000000000000000 ) ) ;
#607 = LINE ( 'NONE', #2039, #50 ) ;
#608 = ORIENTED_EDGE ( 'NONE', *, *, #2114, .T. ) ;
#609 = DIRECTION ( 'NONE',  ( 0.000000000000000000, 1.000000000000000000, 0.000000000000000000 ) ) ;
#610 = DIRECTION ( 'NONE',  ( -1.000000000000000000, 0.000000000000000000, 0.000000000000000000 ) ) ;
#611 = APPLICATION_CONTEXT ( 'automotive_design' ) ;
#612 = DIRECTION ( 'NONE',  ( 0.7071067811865330288, 0.000000000000000000, 0.7071067811865621167 ) ) ;
#613 = CARTESIAN_POINT ( 'NONE',  ( 30.59999999999999787, 1.500000000000000000, 4.000000000000000000 ) ) ;
#614 = DIRECTION ( 'NONE',  ( 0.000000000000000000, 1.000000000000000000, 0.000000000000000000 ) ) ;
#615 = EDGE_CURVE ( 'NONE', #2856, #748, #700, .T. ) ;
#616 = VECTOR ( 'NONE', #1975, 1000.000000000000000 ) ;
#617 = ORIENTED_EDGE ( 'NONE', *, *, #2794, .F. ) ;
#618 = DIRECTION ( 'NONE',  ( 0.000000000000000000, -1.000000000000000000, 0.000000000000000000 ) ) ;
#619 = CIRCLE ( 'NONE', #2602, 1.300000000000002487 ) ;
#620 = PLANE ( 'NONE',  #2658 ) ;
#621 = EDGE_LOOP ( 'NONE', ( #1372, #1628, #1153, #410 ) ) ;
#622 = CARTESIAN_POINT ( 'NONE',  ( 30.59999999999999787, 1.500000000000000000, 16.00000000000000000 ) ) ;
#623 = DIRECTION ( 'NONE',  ( 0.000000000000000000, 0.000000000000000000, -1.000000000000000000 ) ) ;
#624 = EDGE_CURVE ( 'NONE', #1202, #242, #1836, .T. ) ;
#625 = AXIS2_PLACEMENT_3D ( 'NONE', #1917, #1487, #557 ) ;
#626 = FACE_OUTER_BOUND ( 'NONE', #2553, .T. ) ;
#627 = VECTOR ( 'NONE', #532, 999.9999999999998863 ) ;
#628 = FACE_OUTER_BOUND ( 'NONE', #2310, .T. ) ;
#629 = CARTESIAN_POINT ( 'NONE',  ( -40.00000000000000000, 1.500000000000000000, -16.40000000000000213 ) ) ;
#630 = VECTOR ( 'NONE', #1900, 1000.000000000000114 ) ;
#631 = EDGE_LOOP ( 'NONE', ( #1949, #2276, #2088, #1844 ) ) ;
#632 = EDGE_CURVE ( 'NONE', #242, #1347, #2059, .T. ) ;
#633 = DIRECTION ( 'NONE',  ( -1.000000000000000000, 0.000000000000000000, 0.000000000000000000 ) ) ;
#634 = CARTESIAN_POINT ( 'NONE',  ( -13.00000000000000000, 1.500000000000000000, 4.400000000000000355 ) ) ;
#635 = EDGE_CURVE ( 'NONE', #1725, #290, #210, .T. ) ;
#636 = ORIENTED_EDGE ( 'NONE', *, *, #2524, .T. ) ;
#637 = DIRECTION ( 'NONE',  ( 0.000000000000000000, -1.000000000000000000, 0.000000000000000000 ) ) ;
#638 = CARTESIAN_POINT ( 'NONE',  ( -3.399999999999999911, 8.650000000000000355, 22.39999999999999858 ) ) ;
#639 = VECTOR ( 'NONE', #803, 1000.000000000000000 ) ;
#640 = ORIENTED_EDGE ( 'NONE', *, *, #2928, .F. ) ;
#641 = VECTOR ( 'NONE', #1186, 1000.000000000000000 ) ;
#642 = FACE_OUTER_BOUND ( 'NONE', #2504, .T. ) ;
#643 = CARTESIAN_POINT ( 'NONE',  ( -38.80000000000000426, 1.500000000000000000, 2.500000000000000000 ) ) ;
#644 = DIRECTION ( 'NONE',  ( 1.000000000000000000, 0.000000000000000000, -6.938893903907230350E-16 ) ) ;
#645 = VERTEX_POINT ( 'NONE', #1585 ) ;
#646 = ORIENTED_EDGE ( 'NONE', *, *, #1071, .F. ) ;
#647 = CARTESIAN_POINT ( 'NONE',  ( 3.550000000000000266, 1.500000000000000000, 12.44999999999999929 ) ) ;
#648 = FACE_OUTER_BOUND ( 'NONE', #1839, .T. ) ;
#649 = EDGE_LOOP ( 'NONE', ( #450, #1611, #1494, #399 ) ) ;
#650 = EDGE_LOOP ( 'NONE', ( #1921, #1546, #1653, #1089 ) ) ;
#651 = DIRECTION ( 'NONE',  ( -0.7071067811865621167, 0.000000000000000000, 0.7071067811865330288 ) ) ;
#652 = ORIENTED_EDGE ( 'NONE', *, *, #1485, .F. ) ;
#653 = LINE ( 'NONE', #1134, #350 ) ;
#654 = EDGE_CURVE ( 'NONE', #2552, #2811, #2561, .T. ) ;
#655 = ORIENTED_EDGE ( 'NONE', *, *, #563, .F. ) ;
#656 = DIRECTION ( 'NONE',  ( -1.000000000000000000, 0.000000000000000000, 6.938893903907230350E-16 ) ) ;
#657 = DIRECTION ( 'NONE',  ( -0.000000000000000000, 1.000000000000000000, 0.000000000000000000 ) ) ;
#658 = CARTESIAN_POINT ( 'NONE',  ( 33.39999999999999858, 1.500000000000000000, -5.000000000000000000 ) ) ;
#659 = AXIS2_PLACEMENT_3D ( 'NONE', #2020, #2434, #633 ) ;
#660 = ORIENTED_EDGE ( 'NONE', *, *, #1478, .T. ) ;
#661 = EDGE_CURVE ( 'NONE', #1941, #218, #469, .T. ) ;
#662 = DIRECTION ( 'NONE',  ( 1.000000000000000000, 0.000000000000000000, 0.000000000000000000 ) ) ;
#663 = FACE_BOUND ( 'NONE', #2910, .T. ) ;
#664 = AXIS2_PLACEMENT_3D ( 'NONE', #757, #547, #1691 ) ;
#665 = ORIENTED_EDGE ( 'NONE', *, *, #704, .T. ) ;
#666 = VECTOR ( 'NONE', #2537, 1000.000000000000000 ) ;
#667 = EDGE_LOOP ( 'NONE', ( #825, #827, #1109, #2347 ) ) ;
#668 = CARTESIAN_POINT ( 'NONE',  ( 30.59999999999999787, 11.00000000000000000, -17.00000000000000000 ) ) ;
#669 = EDGE_CURVE ( 'NONE', #1723, #89, #7, .T. ) ;
#670 = LINE ( 'NONE', #1582, #881 ) ;
#671 = DIRECTION ( 'NONE',  ( 1.000000000000000000, 0.000000000000000000, 0.000000000000000000 ) ) ;
#672 = CARTESIAN_POINT ( 'NONE',  ( 28.00000000000000000, 11.00000000000000000, -6.661338147750940031E-15 ) ) ;
#673 = AXIS2_PLACEMENT_3D ( 'NONE', #1367, #2284, #1980 ) ;
#674 = ORIENTED_EDGE ( 'NONE', *, *, #2909, .F. ) ;
#675 = AXIS2_PLACEMENT_3D ( 'NONE', #837, #1541, #2930 ) ;
#676 = CARTESIAN_POINT ( 'NONE',  ( 37.60000000000000142, 1.500000000000000000, 5.000000000000000000 ) ) ;
#677 = CARTESIAN_POINT ( 'NONE',  ( 3.550000000000000266, 1.500000000000000000, 19.90000000000000213 ) ) ;
#678 = VECTOR ( 'NONE', #1000, 1000.000000000000000 ) ;
#679 = ORIENTED_EDGE ( 'NONE', *, *, #414, .F. ) ;
#680 = VERTEX_POINT ( 'NONE', #2290 ) ;
#681 = CARTESIAN_POINT ( 'NONE',  ( 0.5999999999999999778, 8.500000000000000000, -19.50000000000000000 ) ) ;
#683 = EDGE_LOOP ( 'NONE', ( #2405, #513, #2080, #2410 ) ) ;
#682 = EDGE_LOOP ( 'NONE', ( #300, #80 ) ) ;
#684 = FACE_OUTER_BOUND ( 'NONE', #1490, .T. ) ;
#685 = VECTOR ( 'NONE', #2124, 1000.000000000000000 ) ;
#686 = FACE_OUTER_BOUND ( 'NONE', #1886, .T. ) ;
#687 = FACE_BOUND ( 'NONE', #327, .T. ) ;
#688 = EDGE_CURVE ( 'NONE', #1603, #1144, #2513, .T. ) ;
#689 = EDGE_LOOP ( 'NONE', ( #764, #2408, #1118, #2764 ) ) ;
#690 = CARTESIAN_POINT ( 'NONE',  ( -12.59999999999999964, 1.500000000000000000, 5.000000000000000000 ) ) ;
#691 = CARTESIAN_POINT ( 'NONE',  ( 38.60000000000000142, 11.00000000000000000, 16.00000000000000000 ) ) ;
#692 = ORIENTED_EDGE ( 'NONE', *, *, #2250, .T. ) ;
#693 = ADVANCED_FACE ( 'NONE', ( #939 ), #1643, .T. ) ;
#694 = ORIENTED_EDGE ( 'NONE', *, *, #2776, .T. ) ;
#695 = CARTESIAN_POINT ( 'NONE',  ( 15.29999999999999893, 1.500000000000000000, -17.00000000000000000 ) ) ;
#696 = EDGE_CURVE ( 'NONE', #2552, #1697, #1016, .T. ) ;
#697 = ORIENTED_EDGE ( 'NONE', *, *, #2333, .T. ) ;
#698 = LINE ( 'NONE', #1421, #251 ) ;
#699 = CARTESIAN_POINT ( 'NONE',  ( 25.39999999999999858, 11.00000000000000000, -8.000000000000000000 ) ) ;
#700 = LINE ( 'NONE', #1167, #2691 ) ;
#701 = PLANE ( 'NONE',  #2900 ) ;
#702 = ORIENTED_EDGE ( 'NONE', *, *, #1145, .F. ) ;
#703 = VERTEX_POINT ( 'NONE', #1865 ) ;
#704 = EDGE_CURVE ( 'NONE', #1737, #2292, #2986, .T. ) ;
#705 = CARTESIAN_POINT ( 'NONE',  ( 36.00000000000000000, 11.00000000000000000, 12.00000000000000000 ) ) ;
#706 = PLANE ( 'NONE',  #2896 ) ;
#707 = LINE ( 'NONE', #1579, #1278 ) ;
#708 = EDGE_LOOP ( 'NONE', ( #40, #1847, #1128, #144, #2191, #2700 ) ) ;
#709 = ORIENTED_EDGE ( 'NONE', *, *, #1105, .F. ) ;
#710 = LINE ( 'NONE', #249, #2071 ) ;
#711 = CIRCLE ( 'NONE', #1156, 1.300000000000002487 ) ;
#712 = ORIENTED_EDGE ( 'NONE', *, *, #2046, .F. ) ;
#713 = VECTOR ( 'NONE', #651, 999.9999999999998863 ) ;
#714 = CARTESIAN_POINT ( 'NONE',  ( 30.59999999999999787, 1.500000000000000000, -8.000000000000000000 ) ) ;
#715 = ADVANCED_FACE ( 'NONE', ( #686 ), #2278, .F. ) ;
#716 = DIRECTION ( 'NONE',  ( 1.000000000000000000, 0.000000000000000000, 0.000000000000000000 ) ) ;
#717 = CARTESIAN_POINT ( 'NONE',  ( -40.00000000000000000, 1.500000000000000000, -22.00000000000000000 ) ) ;
#718 = DIRECTION ( 'NONE',  ( -1.000000000000000000, 0.000000000000000000, 0.000000000000000000 ) ) ;
#719 = VERTEX_POINT ( 'NONE', #2544 ) ;
#720 = ORIENTED_EDGE ( 'NONE', *, *, #2586, .T. ) ;
#721 = EDGE_LOOP ( 'NONE', ( #2111, #1146, #1045, #2345 ) ) ;
#722 = CARTESIAN_POINT ( 'NONE',  ( 30.59999999999999787, 11.00000000000000000, -17.00000000000000000 ) ) ;
#723 = CARTESIAN_POINT ( 'NONE',  ( 38.60000000000000142, 1.500000000000000000, -5.000000000000000000 ) ) ;
#724 = VECTOR ( 'NONE', #2021, 1000.000000000000000 ) ;
#725 = DIRECTION ( 'NONE',  ( 1.000000000000000000, 0.000000000000000000, -6.938893903907230350E-16 ) ) ;
#726 = EDGE_CURVE ( 'NONE', #1723, #1097, #1405, .T. ) ;
#727 = ORIENTED_EDGE ( 'NONE', *, *, #1880, .T. ) ;
#728 = VECTOR ( 'NONE', #2154, 1000.000000000000000 ) ;
#729 = ORIENTED_EDGE ( 'NONE', *, *, #1581, .F. ) ;
#730 = LINE ( 'NONE', #792, #1170 ) ;
#731 = EDGE_CURVE ( 'NONE', #1325, #1347, #1387, .T. ) ;
#732 = VECTOR ( 'NONE', #2360, 1000.000000000000000 ) ;
#733 = ORIENTED_EDGE ( 'NONE', *, *, #1673, .F. ) ;
#734 = DIRECTION ( 'NONE',  ( 0.7071067811865330288, 0.000000000000000000, 0.7071067811865621167 ) ) ;
#735 = DIRECTION ( 'NONE',  ( -0.000000000000000000, 1.000000000000000000, 0.000000000000000000 ) ) ;
#736 = ADVANCED_FACE ( 'NONE', ( #2305 ), #239, .T. ) ;
#737 = VECTOR ( 'NONE', #2419, 999.9999999999998863 ) ;
#738 = CARTESIAN_POINT ( 'NONE',  ( 40.00000000000000000, 0.000000000000000000, -25.00000000000000000 ) ) ;
#739 = PLANE ( 'NONE',  #1408 ) ;
#740 = EDGE_LOOP ( 'NONE', ( #2969, #2706, #195, #1899 ) ) ;
#741 = VERTEX_POINT ( 'NONE', #129 ) ;
#742 = CARTESIAN_POINT ( 'NONE',  ( 37.00000000000000000, 0.000000000000000000, 22.00000000000000000 ) ) ;
#743 = CARTESIAN_POINT ( 'NONE',  ( 25.39999999999999858, 1.500000000000000000, 7.000000000000000000 ) ) ;
#744 = FACE_OUTER_BOUND ( 'NONE', #1559, .T. ) ;
#745 = VERTEX_POINT ( 'NONE', #1756 ) ;
#746 = ORIENTED_EDGE ( 'NONE', *, *, #22, .F. ) ;
#747 = LINE ( 'NONE', #1447, #1212 ) ;
#748 = VERTEX_POINT ( 'NONE', #145 ) ;
#749 = ADVANCED_FACE ( 'NONE', ( #2105 ), #2438, .F. ) ;
#750 = UNCERTAINTY_MEASURE_WITH_UNIT (LENGTH_MEASURE( 1.000000000000000082E-05 ), #103, 'distance_accuracy_value', 'NONE');
#751 = CARTESIAN_POINT ( 'NONE',  ( -38.80000000000000426, 1.500000000000000000, 15.00000000000000000 ) ) ;
#752 = EDGE_LOOP ( 'NONE', ( #1894, #126, #579, #79 ) ) ;
#753 = CARTESIAN_POINT ( 'NONE',  ( 34.39999999999999858, 11.00000000000000000, 17.00000000000000000 ) ) ;
#754 = DIRECTION ( 'NONE',  ( -1.000000000000000000, 0.000000000000000000, 0.000000000000000000 ) ) ;
#755 = DIRECTION ( 'NONE',  ( -0.000000000000000000, 1.000000000000000000, 0.000000000000000000 ) ) ;
#756 = ORIENTED_EDGE ( 'NONE', *, *, #1247, .T. ) ;
#757 = CARTESIAN_POINT ( 'NONE',  ( -37.00000000000000000, 0.000000000000000000, -22.00000000000000000 ) ) ;
#758 = LINE ( 'NONE', #2835, #627 ) ;
#759 = DIRECTION ( 'NONE',  ( 0.000000000000000000, 0.000000000000000000, -1.000000000000000000 ) ) ;
#760 = EDGE_CURVE ( 'NONE', #2489, #2356, #2338, .T. ) ;
#761 = EDGE_LOOP ( 'NONE', ( #2163, #1030, #1843, #712 ) ) ;
#762 = DIRECTION ( 'NONE',  ( 1.000000000000000000, 0.000000000000000000, 0.000000000000000000 ) ) ;
#763 = PLANE ( 'NONE',  #584 ) ;
#764 = ORIENTED_EDGE ( 'NONE', *, *, #2776, .F. ) ;
#765 = CARTESIAN_POINT ( 'NONE',  ( -10.34999999999999964, 8.650000000000000355, 19.90000000000000213 ) ) ;
#766 = AXIS2_PLACEMENT_3D ( 'NONE', #742, #2130, #2600 ) ;
#767 = EDGE_CURVE ( 'NONE', #2282, #32, #141, .T. ) ;
#768 = DIRECTION ( 'NONE',  ( 0.000000000000000000, 1.000000000000000000, 0.000000000000000000 ) ) ;
#769 = AXIS2_PLACEMENT_3D ( 'NONE', #1147, #158, #1998 ) ;
#770 = CARTESIAN_POINT ( 'NONE',  ( -40.00000000000000000, 1.500000000000000000, -14.90000000000000036 ) ) ;
#771 = FACE_OUTER_BOUND ( 'NONE', #2574, .T. ) ;
#772 = DIRECTION ( 'NONE',  ( 1.000000000000000000, 0.000000000000000000, -6.938893903907230350E-16 ) ) ;
#773 = CARTESIAN_POINT ( 'NONE',  ( -38.80000000000000426, 1.500000000000000000, 5.000000000000000000 ) ) ;
#774 = ORIENTED_EDGE ( 'NONE', *, *, #654, .T. ) ;
#775 = ORIENTED_EDGE ( 'NONE', *, *, #979, .F. ) ;
#776 = LINE ( 'NONE', #1939, #2170 ) ;
#777 = EDGE_CURVE ( 'NONE', #2363, #2719, #1272, .T. ) ;
#778 = EDGE_LOOP ( 'NONE', ( #17, #1572, #2056, #931 ) ) ;
#779 = AXIS2_PLACEMENT_3D ( 'NONE', #121, #784, #2627 ) ;
#780 = LINE ( 'NONE', #1256, #250 ) ;
#781 = AXIS2_PLACEMENT_3D ( 'NONE', #508, #1687, #1242 ) ;
#783 = ORIENTED_EDGE ( 'NONE', *, *, #1610, .F. ) ;
#782 = PRODUCT_CONTEXT ( 'NONE', #53, 'mechanical' ) ;
#784 = DIRECTION ( 'NONE',  ( -1.000000000000000000, 0.000000000000000000, 0.000000000000000000 ) ) ;
#785 = VERTEX_POINT ( 'NONE', #1525 ) ;
#786 = PLANE ( 'NONE',  #1819 ) ;
#787 = CARTESIAN_POINT ( 'NONE',  ( -33.79999999999999716, 1.500000000000000000, 5.000000000000000000 ) ) ;
#788 = EDGE_CURVE ( 'NONE', #745, #2063, #1074, .T. ) ;
#789 = FACE_OUTER_BOUND ( 'NONE', #621, .T. ) ;
#790 = VERTEX_POINT ( 'NONE', #581 ) ;
#791 = ORIENTED_EDGE ( 'NONE', *, *, #42, .T. ) ;
#792 = CARTESIAN_POINT ( 'NONE',  ( -16.89999999999999858, 1.500000000000000000, 5.000000000000000000 ) ) ;
#793 = ORIENTED_EDGE ( 'NONE', *, *, #101, .F. ) ;
#794 = ADVANCED_FACE ( 'NONE', ( #1510 ), #36, .T. ) ;
#795 = ORIENTED_EDGE ( 'NONE', *, *, #901, .T. ) ;
#796 = LINE ( 'NONE', #54, #2228 ) ;
#797 = EDGE_CURVE ( 'NONE', #156, #2165, #2891, .T. ) ;
#798 = SHAPE_DEFINITION_REPRESENTATION ( #1818, #2147 ) ;
#799 = LINE ( 'NONE', #2169, #2463 ) ;
#800 = ADVANCED_FACE ( 'NONE', ( #2579 ), #58, .F. ) ;
#801 = LINE ( 'NONE', #1082, #1683 ) ;
#802 = CARTESIAN_POINT ( 'NONE',  ( 25.39999999999999858, 1.500000000000000000, 16.00000000000000000 ) ) ;
#803 = DIRECTION ( 'NONE',  ( -1.000000000000000000, 0.000000000000000000, 6.938893903907230350E-16 ) ) ;
#804 = ORIENTED_EDGE ( 'NONE', *, *, #2354, .F. ) ;
#805 = ADVANCED_FACE ( 'NONE', ( #2350 ), #597, .T. ) ;
#806 = PLANE ( 'NONE',  #134 ) ;
#807 = CARTESIAN_POINT ( 'NONE',  ( -11.59999999999999964, 8.500000000000000000, 19.90000000000000213 ) ) ;
#808 = ORIENTED_EDGE ( 'NONE', *, *, #2234, .F. ) ;
#809 = VERTEX_POINT ( 'NONE', #1969 ) ;
#810 = ORIENTED_EDGE ( 'NONE', *, *, #2336, .F. ) ;
#811 = CARTESIAN_POINT ( 'NONE',  ( -37.00000000000000000, 0.000000000000000000, 22.00000000000000000 ) ) ;
#812 = CARTESIAN_POINT ( 'NONE',  ( 33.39999999999999858, 11.00000000000000000, 7.000000000000000000 ) ) ;
#813 = ORIENTED_EDGE ( 'NONE', *, *, #367, .T. ) ;
#814 = PLANE ( 'NONE',  #1797 ) ;
#815 = AXIS2_PLACEMENT_3D ( 'NONE', #66, #762, #352 ) ;
#816 = CARTESIAN_POINT ( 'NONE',  ( -39.12132034355963128, 0.000000000000000000, -24.12132034355964905 ) ) ;
#817 = EDGE_CURVE ( 'NONE', #1363, #2643, #116, .T. ) ;
#818 = AXIS2_PLACEMENT_3D ( 'NONE', #2790, #2095, #1826 ) ;
#819 = DIRECTION ( 'NONE',  ( 1.000000000000000000, 0.000000000000000000, 0.000000000000000000 ) ) ;
#820 = CARTESIAN_POINT ( 'NONE',  ( -11.40000000000000036, 1.500000000000000000, -24.50000000000000000 ) ) ;
#821 = CARTESIAN_POINT ( 'NONE',  ( 37.00000000000000000, 0.000000000000000000, 25.00000000000000000 ) ) ;
#822 = ORIENTED_EDGE ( 'NONE', *, *, #2306, .T. ) ;
#823 = CARTESIAN_POINT ( 'NONE',  ( 33.39999999999999858, 1.500000000000000000, -17.00000000000000000 ) ) ;
#824 = DIRECTION ( 'NONE',  ( 1.000000000000000000, 0.000000000000000000, 0.000000000000000000 ) ) ;
#825 = ORIENTED_EDGE ( 'NONE', *, *, #2772, .F. ) ;
#826 = ORIENTED_EDGE ( 'NONE', *, *, #2452, .F. ) ;
#827 = ORIENTED_EDGE ( 'NONE', *, *, #388, .T. ) ;
#828 = DIRECTION ( 'NONE',  ( -0.7071067811865621167, 0.000000000000000000, 0.7071067811865330288 ) ) ;
#829 = DIRECTION ( 'NONE',  ( -0.7071067811865451302, 0.000000000000000000, 0.7071067811865499042 ) ) ;
#830 = ADVANCED_FACE ( 'NONE', ( #369 ), #2182, .F. ) ;
#831 = VECTOR ( 'NONE', #109, 999.9999999999998863 ) ;
#832 = APPLICATION_PROTOCOL_DEFINITION ( 'draft international standard', 'automotive_design', 1998, #611 ) ;
#833 = CARTESIAN_POINT ( 'NONE',  ( 25.39999999999999858, 1.500000000000000000, 4.000000000000000000 ) ) ;
#834 = AXIS2_PLACEMENT_3D ( 'NONE', #859, #2653, #384 ) ;
#835 = CIRCLE ( 'NONE', #60, 2.999999999999999112 ) ;
#836 = CARTESIAN_POINT ( 'NONE',  ( 25.39999999999999858, 11.00000000000000000, 7.000000000000000000 ) ) ;
#837 = CARTESIAN_POINT ( 'NONE',  ( 37.00000000000000000, 1.500000000000000000, -22.00000000000000000 ) ) ;
#838 = ORIENTED_EDGE ( 'NONE', *, *, #2194, .T. ) ;
#839 = DIRECTION ( 'NONE',  ( 0.000000000000000000, 1.000000000000000000, 0.000000000000000000 ) ) ;
#840 = DIRECTION ( 'NONE',  ( 0.000000000000000000, 1.000000000000000000, 0.000000000000000000 ) ) ;
#841 = VECTOR ( 'NONE', #57, 1000.000000000000000 ) ;
#842 = ORIENTED_EDGE ( 'NONE', *, *, #443, .F. ) ;
#843 = ORIENTED_EDGE ( 'NONE', *, *, #1113, .T. ) ;
#844 = ORIENTED_EDGE ( 'NONE', *, *, #2861, .T. ) ;
#845 = DIRECTION ( 'NONE',  ( 0.000000000000000000, 0.000000000000000000, -1.000000000000000000 ) ) ;
#846 = DIRECTION ( 'NONE',  ( 0.000000000000000000, 1.000000000000000000, 0.000000000000000000 ) ) ;
#847 = EDGE_CURVE ( 'NONE', #462, #1087, #1288, .T. ) ;
#848 = LINE ( 'NONE', #2656, #1232 ) ;
#849 = PLANE ( 'NONE',  #930 ) ;
#850 = LINE ( 'NONE', #1343, #2494 ) ;
#851 = DIRECTION ( 'NONE',  ( 1.000000000000000000, 0.000000000000000000, -6.938893903907230350E-16 ) ) ;
#852 = ORIENTED_EDGE ( 'NONE', *, *, #704, .F. ) ;
#853 = LINE ( 'NONE', #363, #1966 ) ;
#854 = DIRECTION ( 'NONE',  ( -0.000000000000000000, 1.000000000000000000, 0.000000000000000000 ) ) ;
#855 = ADVANCED_FACE ( 'NONE', ( #1743 ), #2196, .T. ) ;
#856 = VERTEX_POINT ( 'NONE', #305 ) ;
#857 = ORIENTED_EDGE ( 'NONE', *, *, #2046, .T. ) ;
#858 = LINE ( 'NONE', #1535, #914 ) ;
#859 = CARTESIAN_POINT ( 'NONE',  ( -26.50000000000000000, 12.50000000000000000, -6.000000000000000000 ) ) ;
#860 = ORIENTED_EDGE ( 'NONE', *, *, #1055, .T. ) ;
#861 = CARTESIAN_POINT ( 'NONE',  ( -23.59999999999999787, 1.500000000000000000, 19.90000000000000213 ) ) ;
#862 = EDGE_CURVE ( 'NONE', #1620, #355, #1903, .T. ) ;
#863 = DIRECTION ( 'NONE',  ( 0.000000000000000000, 1.000000000000000000, 0.000000000000000000 ) ) ;
#864 = LINE ( 'NONE', #1775, #392 ) ;
#865 = EDGE_CURVE ( 'NONE', #2938, #946, #335, .T. ) ;
#866 = AXIS2_PLACEMENT_3D ( 'NONE', #1174, #2064, #11 ) ;
#867 = ORIENTED_EDGE ( 'NONE', *, *, #1513, .F. ) ;
#868 = CARTESIAN_POINT ( 'NONE',  ( -38.80000000000000426, 8.500000000000000000, 15.00000000000000000 ) ) ;
#869 = VECTOR ( 'NONE', #1768, 1000.000000000000000 ) ;
#870 = CARTESIAN_POINT ( 'NONE',  ( -11.59999999999999964, 1.500000000000000000, 19.90000000000000213 ) ) ;
#871 = ORIENTED_EDGE ( 'NONE', *, *, #2532, .T. ) ;
#872 = EDGE_LOOP ( 'NONE', ( #2190, #234, #1182, #1853 ) ) ;
#873 = CYLINDRICAL_SURFACE ( 'NONE', #1635, 2.999999999999999112 ) ;
#874 = DIRECTION ( 'NONE',  ( 0.000000000000000000, -1.000000000000000000, 0.000000000000000000 ) ) ;
#875 = ORIENTED_EDGE ( 'NONE', *, *, #2968, .T. ) ;
#876 = VECTOR ( 'NONE', #201, 1000.000000000000000 ) ;
#877 = FACE_OUTER_BOUND ( 'NONE', #1334, .T. ) ;
#878 = VECTOR ( 'NONE', #74, 1000.000000000000000 ) ;
#879 = DIRECTION ( 'NONE',  ( 0.000000000000000000, 1.000000000000000000, 0.000000000000000000 ) ) ;
#880 = PLANE ( 'NONE',  #1934 ) ;
#881 = VECTOR ( 'NONE', #2320, 1000.000000000000000 ) ;
#882 = VERTEX_POINT ( 'NONE', #2255 ) ;
#883 = VECTOR ( 'NONE', #874, 1000.000000000000000 ) ;
#884 = EDGE_CURVE ( 'NONE', #2270, #422, #916, .T. ) ;
#885 = FACE_OUTER_BOUND ( 'NONE', #1548, .T. ) ;
#886 = PLANE ( 'NONE',  #2415 ) ;
#887 = EDGE_LOOP ( 'NONE', ( #1742, #1908, #1048, #2964 ) ) ;
#888 = ORIENTED_EDGE ( 'NONE', *, *, #75, .T. ) ;
#889 = LINE ( 'NONE', #1090, #2213 ) ;
#890 = VERTEX_POINT ( 'NONE', #186 ) ;
#891 = DIRECTION ( 'NONE',  ( -0.000000000000000000, 1.000000000000000000, 0.000000000000000000 ) ) ;
#892 = VECTOR ( 'NONE', #1437, 999.9999999999998863 ) ;
#893 = ORIENTED_EDGE ( 'NONE', *, *, #567, .F. ) ;
#894 = CARTESIAN_POINT ( 'NONE',  ( -19.40000000000000213, 1.500000000000000000, 15.00000000000000000 ) ) ;
#895 = DIRECTION ( 'NONE',  ( 0.000000000000000000, 1.000000000000000000, 0.000000000000000000 ) ) ;
#896 = CARTESIAN_POINT ( 'NONE',  ( 28.00000000000000000, 11.00000000000000000, -12.00000000000000000 ) ) ;
#897 = VERTEX_POINT ( 'NONE', #2980 ) ;
#898 = ORIENTED_EDGE ( 'NONE', *, *, #1598, .T. ) ;
#899 = DIRECTION ( 'NONE',  ( 0.000000000000000000, 0.000000000000000000, 1.000000000000000000 ) ) ;
#900 = CARTESIAN_POINT ( 'NONE',  ( 25.39999999999999858, 1.500000000000000000, 7.000000000000000000 ) ) ;
#901 = EDGE_CURVE ( 'NONE', #2623, #790, #2015, .T. ) ;
#902 = ORIENTED_EDGE ( 'NONE', *, *, #404, .F. ) ;
#903 = ORIENTED_EDGE ( 'NONE', *, *, #509, .F. ) ;
#904 = DIRECTION ( 'NONE',  ( 0.7071067811865451302, 0.000000000000000000, 0.7071067811865499042 ) ) ;
#905 = CARTESIAN_POINT ( 'NONE',  ( -35.69999999999999574, 1.500000000000000000, -22.00000000000000000 ) ) ;
#906 = CARTESIAN_POINT ( 'NONE',  ( -13.00000000000000000, 1.500000000000000000, 4.400000000000000355 ) ) ;
#907 = FACE_BOUND ( 'NONE', #1950, .T. ) ;
#908 = ORIENTED_EDGE ( 'NONE', *, *, #1825, .T. ) ;
#909 = ORIENTED_EDGE ( 'NONE', *, *, #509, .T. ) ;
#910 = LINE ( 'NONE', #1378, #2304 ) ;
#911 = DIRECTION ( 'NONE',  ( -1.000000000000000000, 0.000000000000000000, 0.000000000000000000 ) ) ;
#912 = AXIS2_PLACEMENT_3D ( 'NONE', #1218, #347, #1279 ) ;
#913 = ORIENTED_EDGE ( 'NONE', *, *, #75, .F. ) ;
#914 = VECTOR ( 'NONE', #2287, 1000.000000000000000 ) ;
#915 = ORIENTED_EDGE ( 'NONE', *, *, #1664, .T. ) ;
#916 = LINE ( 'NONE', #1801, #869 ) ;
#918 = VERTEX_POINT ( 'NONE', #2242 ) ;
#917 = ORIENTED_EDGE ( 'NONE', *, *, #2000, .F. ) ;
#919 = ADVANCED_FACE ( 'NONE', ( #2042 ), #873, .T. ) ;
#920 = CARTESIAN_POINT ( 'NONE',  ( -37.00000000000000000, 1.500000000000000000, 22.00000000000000000 ) ) ;
#921 = PLANE ( 'NONE',  #2259 ) ;
#922 = DIRECTION ( 'NONE',  ( 1.000000000000000000, 0.000000000000000000, 0.000000000000000000 ) ) ;
#923 = VECTOR ( 'NONE', #2660, 1000.000000000000000 ) ;
#924 = EDGE_CURVE ( 'NONE', #2778, #2019, #2721, .T. ) ;
#925 = ORIENTED_EDGE ( 'NONE', *, *, #2107, .T. ) ;
#926 = VECTOR ( 'NONE', #590, 1000.000000000000000 ) ;
#927 = LINE ( 'NONE', #243, #1063 ) ;
#928 = CARTESIAN_POINT ( 'NONE',  ( 33.39999999999999858, 1.500000000000000000, -2.500000000000000000 ) ) ;
#929 = EDGE_CURVE ( 'NONE', #1287, #285, #889, .T. ) ;
#930 = AXIS2_PLACEMENT_3D ( 'NONE', #372, #2944, #1514 ) ;
#931 = ORIENTED_EDGE ( 'NONE', *, *, #1395, .F. ) ;
#932 = ORIENTED_EDGE ( 'NONE', *, *, #937, .F. ) ;
#933 = DIRECTION ( 'NONE',  ( 0.000000000000000000, 0.000000000000000000, -1.000000000000000000 ) ) ;
#934 = VERTEX_POINT ( 'NONE', #622 ) ;
#935 = CARTESIAN_POINT ( 'NONE',  ( 29.60000000000000142, 11.00000000000000000, 5.000000000000000000 ) ) ;
#936 = VECTOR ( 'NONE', #2273, 1000.000000000000000 ) ;
#937 = EDGE_CURVE ( 'NONE', #2102, #2859, #1326, .T. ) ;
#938 = LINE ( 'NONE', #1914, #446 ) ;
#939 = FACE_OUTER_BOUND ( 'NONE', #401, .T. ) ;
#940 = CARTESIAN_POINT ( 'NONE',  ( -11.40000000000000036, 1.500000000000000000, -19.50000000000000000 ) ) ;
#941 = ORIENTED_EDGE ( 'NONE', *, *, #2671, .T. ) ;
#942 = CARTESIAN_POINT ( 'NONE',  ( -30.20000000000000284, 8.500000000000000000, 5.000000000000000000 ) ) ;
#943 = DIRECTION ( 'NONE',  ( 0.000000000000000000, 1.000000000000000000, 0.000000000000000000 ) ) ;
#944 = DIRECTION ( 'NONE',  ( 0.000000000000000000, -1.000000000000000000, 0.000000000000000000 ) ) ;
#945 = EDGE_CURVE ( 'NONE', #1103, #2270, #1549, .T. ) ;
#946 = VERTEX_POINT ( 'NONE', #1577 ) ;
#947 = ORIENTED_EDGE ( 'NONE', *, *, #1556, .F. ) ;
#948 = LINE ( 'NONE', #2589, #2359 ) ;
#949 = EDGE_CURVE ( 'NONE', #2292, #551, #858, .T. ) ;
#950 = VERTEX_POINT ( 'NONE', #2940 ) ;
#951 = CARTESIAN_POINT ( 'NONE',  ( -23.59999999999999787, 8.500000000000000000, 24.89999999999999858 ) ) ;
#952 = CARTESIAN_POINT ( 'NONE',  ( -13.00000000000000000, 1.500000000000000000, -16.40000000000000213 ) ) ;
#953 = DIRECTION ( 'NONE',  ( 0.000000000000000000, -1.000000000000000000, 0.000000000000000000 ) ) ;
#954 = FACE_BOUND ( 'NONE', #872, .T. ) ;
#955 = ADVANCED_FACE ( 'NONE', ( #425 ), #2490, .T. ) ;
#956 = EDGE_LOOP ( 'NONE', ( #2195, #1828, #490, #2265 ) ) ;
#957 = DIRECTION ( 'NONE',  ( 0.000000000000000000, -1.000000000000000000, 0.000000000000000000 ) ) ;
#958 = DIRECTION ( 'NONE',  ( 0.000000000000000000, 0.000000000000000000, -1.000000000000000000 ) ) ;
#959 = ADVANCED_FACE ( 'NONE', ( #1117 ), #1354, .T. ) ;
#960 = CARTESIAN_POINT ( 'NONE',  ( 40.00000000000000000, 0.000000000000000000, -22.00000000000000000 ) ) ;
#961 = ORIENTED_EDGE ( 'NONE', *, *, #2555, .T. ) ;
#962 = ORIENTED_EDGE ( 'NONE', *, *, #1989, .T. ) ;
#963 = VECTOR ( 'NONE', #899, 1000.000000000000000 ) ;
#964 = DIRECTION ( 'NONE',  ( 0.000000000000000000, -1.000000000000000000, 0.000000000000000000 ) ) ;
#965 = VECTOR ( 'NONE', #43, 1000.000000000000000 ) ;
#966 = EDGE_LOOP ( 'NONE', ( #1518, #2931, #23, #2680 ) ) ;
#967 = VECTOR ( 'NONE', #997, 1000.000000000000000 ) ;
#968 = CARTESIAN_POINT ( 'NONE',  ( -14.00000000000000000, 1.500000000000000000, 2.899999999999999911 ) ) ;
#969 = CARTESIAN_POINT ( 'NONE',  ( -17.60000000000000142, 8.500000000000000000, 22.39999999999999858 ) ) ;
#970 = DIRECTION ( 'NONE',  ( 1.000000000000000000, 0.000000000000000000, 0.000000000000000000 ) ) ;
#971 = CARTESIAN_POINT ( 'NONE',  ( 30.59999999999999787, 11.00000000000000000, 4.000000000000000000 ) ) ;
#972 = ORIENTED_EDGE ( 'NONE', *, *, #2052, .F. ) ;
#973 = EDGE_LOOP ( 'NONE', ( #842, #709, #338, #1283, #2061, #2530, #2334, #2286 ) ) ;
#974 = ORIENTED_EDGE ( 'NONE', *, *, #847, .F. ) ;
#975 = CARTESIAN_POINT ( 'NONE',  ( -25.19999999999999929, 1.500000000000000000, 5.000000000000000000 ) ) ;
#976 = CARTESIAN_POINT ( 'NONE',  ( 26.39999999999999858, 11.00000000000000000, 17.00000000000000000 ) ) ;
#977 = CARTESIAN_POINT ( 'NONE',  ( 3.550000000000000266, 1.500000000000000000, 24.89999999999999858 ) ) ;
#978 = ORIENTED_EDGE ( 'NONE', *, *, #2621, .F. ) ;
#979 = EDGE_CURVE ( 'NONE', #809, #2719, #442, .T. ) ;
#980 = VECTOR ( 'NONE', #2483, 1000.000000000000000 ) ;
#981 = ORIENTED_EDGE ( 'NONE', *, *, #2374, .T. ) ;
#982 = CARTESIAN_POINT ( 'NONE',  ( -40.00000000000000000, 12.50000000000000000, -16.40000000000000213 ) ) ;
#983 = VECTOR ( 'NONE', #1183, 1000.000000000000000 ) ;
#984 = ORIENTED_EDGE ( 'NONE', *, *, #1091, .F. ) ;
#985 = CARTESIAN_POINT ( 'NONE',  ( -37.00000000000000000, 0.000000000000000000, -25.00000000000000000 ) ) ;
#986 = LINE ( 'NONE', #1198, #2384 ) ;
#987 = AXIS2_PLACEMENT_3D ( 'NONE', #1893, #2116, #994 ) ;
#988 = DIRECTION ( 'NONE',  ( 0.000000000000000000, -1.000000000000000000, 0.000000000000000000 ) ) ;
#989 = DIRECTION ( 'NONE',  ( 0.000000000000000000, 0.000000000000000000, -1.000000000000000000 ) ) ;
#990 = EDGE_CURVE ( 'NONE', #1636, #1287, #1830, .T. ) ;
#991 = ORIENTED_EDGE ( 'NONE', *, *, #1247, .F. ) ;
#992 = LINE ( 'NONE', #975, #1631 ) ;
#993 = CARTESIAN_POINT ( 'NONE',  ( 34.39999999999999858, 1.500000000000000000, 5.000000000000000000 ) ) ;
#994 = DIRECTION ( 'NONE',  ( -0.7071067811865451302, 0.000000000000000000, -0.7071067811865499042 ) ) ;
#995 = ORIENTED_EDGE ( 'NONE', *, *, #2204, .T. ) ;
#996 = ORIENTED_EDGE ( 'NONE', *, *, #1861, .F. ) ;
#997 = DIRECTION ( 'NONE',  ( 0.000000000000000000, 1.000000000000000000, 0.000000000000000000 ) ) ;
#998 = EDGE_CURVE ( 'NONE', #2517, #719, #2970, .T. ) ;
#999 = EDGE_LOOP ( 'NONE', ( #2245, #440, #1251, #1401 ) ) ;
#1000 = DIRECTION ( 'NONE',  ( 0.000000000000000000, 0.000000000000000000, 1.000000000000000000 ) ) ;
#1001 = PLANE ( 'NONE',  #2810 ) ;
#1002 = CARTESIAN_POINT ( 'NONE',  ( 40.00000000000000000, 0.000000000000000000, 22.00000000000000000 ) ) ;
#1003 = EDGE_CURVE ( 'NONE', #138, #2623, #2735, .T. ) ;
#1004 = PLANE ( 'NONE',  #2736 ) ;
#1005 = CARTESIAN_POINT ( 'NONE',  ( 40.00000000000000000, 1.500000000000000000, -25.00000000000000000 ) ) ;
#1006 = LINE ( 'NONE', #1460, #2569 ) ;
#1007 = VERTEX_POINT ( 'NONE', #668 ) ;
#1008 = EDGE_LOOP ( 'NONE', ( #2053, #1426, #2967, #1952 ) ) ;
#1009 = CARTESIAN_POINT ( 'NONE',  ( 37.00000000000000000, 1.500000000000000000, -22.00000000000000000 ) ) ;
#1010 = ORIENTED_EDGE ( 'NONE', *, *, #1294, .F. ) ;
#1011 = CARTESIAN_POINT ( 'NONE',  ( 29.60000000000000142, 1.500000000000000000, 17.00000000000000000 ) ) ;
#1012 = AXIS2_PLACEMENT_3D ( 'NONE', #2323, #2741, #2786 ) ;
#1013 = EDGE_LOOP ( 'NONE', ( #1396, #2749, #1338, #1163 ) ) ;
#1014 = EDGE_CURVE ( 'NONE', #2811, #2285, #619, .T. ) ;
#1015 = LINE ( 'NONE', #1049, #1472 ) ;
#1016 = CIRCLE ( 'NONE', #573, 1.300000000000002487 ) ;
#1017 = DIRECTION ( 'NONE',  ( -1.000000000000000000, 0.000000000000000000, 0.000000000000000000 ) ) ;
#1018 = ORIENTED_EDGE ( 'NONE', *, *, #2326, .T. ) ;
#1019 = DIRECTION ( 'NONE',  ( 0.000000000000000000, -1.000000000000000000, 0.000000000000000000 ) ) ;
#1020 = FACE_OUTER_BOUND ( 'NONE', #752, .T. ) ;
#1021 = LINE ( 'NONE', #1935, #639 ) ;
#1022 = ADVANCED_FACE ( 'NONE', ( #2227 ), #2025, .T. ) ;
#1023 = EDGE_LOOP ( 'NONE', ( #1695, #424, #2806, #2577 ) ) ;
#1024 = VECTOR ( 'NONE', #1480, 1000.000000000000000 ) ;
#1025 = DIRECTION ( 'NONE',  ( -1.000000000000000000, 0.000000000000000000, 0.000000000000000000 ) ) ;
#1026 = CARTESIAN_POINT ( 'NONE',  ( 19.30000000000000071, 1.500000000000000000, -17.00000000000000000 ) ) ;
#1027 = EDGE_CURVE ( 'NONE', #1380, #1258, #298, .T. ) ;
#1028 = ORIENTED_EDGE ( 'NONE', *, *, #2430, .T. ) ;
#1029 = VECTOR ( 'NONE', #37, 1000.000000000000000 ) ;
#1030 = ORIENTED_EDGE ( 'NONE', *, *, #2870, .F. ) ;
#1031 = VECTOR ( 'NONE', #1788, 1000.000000000000000 ) ;
#1032 = FACE_OUTER_BOUND ( 'NONE', #2857, .T. ) ;
#1033 = AXIS2_PLACEMENT_3D ( 'NONE', #1289, #2198, #2669 ) ;
#1034 = CARTESIAN_POINT ( 'NONE',  ( 33.39999999999999858, 1.500000000000000000, 3.500000000000000000 ) ) ;
#1035 = DIRECTION ( 'NONE',  ( 0.000000000000000000, 1.000000000000000000, 0.000000000000000000 ) ) ;
#1036 = EDGE_CURVE ( 'NONE', #2715, #2024, #1416, .T. ) ;
#1037 = CYLINDRICAL_SURFACE ( 'NONE', #1303, 2.999999999999999112 ) ;
#1038 = LINE ( 'NONE', #1457, #2661 ) ;
#1039 = CARTESIAN_POINT ( 'NONE',  ( 25.39999999999999858, 1.500000000000000000, -8.000000000000000000 ) ) ;
#1040 = VECTOR ( 'NONE', #2026, 1000.000000000000000 ) ;
#1041 = ORIENTED_EDGE ( 'NONE', *, *, #635, .F. ) ;
#1042 = ORIENTED_EDGE ( 'NONE', *, *, #2194, .F. ) ;
#1043 = CARTESIAN_POINT ( 'NONE',  ( 38.60000000000000142, 1.500000000000000000, -17.00000000000000000 ) ) ;
#1044 = EDGE_CURVE ( 'NONE', #2366, #2465, #2364, .T. ) ;
#1045 = ORIENTED_EDGE ( 'NONE', *, *, #1901, .F. ) ;
#1046 = DIRECTION ( 'NONE',  ( -0.7071067811865588970, 0.000000000000000000, -0.7071067811865360264 ) ) ;
#1047 = CARTESIAN_POINT ( 'NONE',  ( 0.5999999999999999778, 8.500000000000000000, -24.50000000000000000 ) ) ;
#1048 = ORIENTED_EDGE ( 'NONE', *, *, #1135, .F. ) ;
#1049 = CARTESIAN_POINT ( 'NONE',  ( 37.00000000000000000, 0.000000000000000000, 25.00000000000000000 ) ) ;
#1050 = CARTESIAN_POINT ( 'NONE',  ( -38.29999999999999716, 0.000000000000000000, -22.00000000000000000 ) ) ;
#1051 = PLANE ( 'NONE',  #1394 ) ;
#1052 = DIRECTION ( 'NONE',  ( 0.000000000000000000, 1.000000000000000000, 0.000000000000000000 ) ) ;
#1053 = LINE ( 'NONE', #2837, #209 ) ;
#1054 = ORIENTED_EDGE ( 'NONE', *, *, #101, .T. ) ;
#1055 = EDGE_CURVE ( 'NONE', #1895, #225, #67, .T. ) ;
#1056 = LINE ( 'NONE', #499, #423 ) ;
#1057 = PLANE ( 'NONE',  #1547 ) ;
#1058 = EDGE_LOOP ( 'NONE', ( #1391, #2710, #2041, #1131 ) ) ;
#1059 = EDGE_LOOP ( 'NONE', ( #674, #1576, #888, #520 ) ) ;
#1060 = CARTESIAN_POINT ( 'NONE',  ( 18.05000000000000071, 1.500000000000000000, -3.349999999999950351 ) ) ;
#1061 = DIRECTION ( 'NONE',  ( 0.000000000000000000, 0.000000000000000000, 1.000000000000000000 ) ) ;
#1062 = DIRECTION ( 'NONE',  ( 0.000000000000000000, -1.000000000000000000, 0.000000000000000000 ) ) ;
#1063 = VECTOR ( 'NONE', #1590, 1000.000000000000000 ) ;
#1064 = DIRECTION ( 'NONE',  ( -0.7071067811865451302, 0.000000000000000000, 0.7071067811865499042 ) ) ;
#1065 = VECTOR ( 'NONE', #2523, 1000.000000000000000 ) ;
#1066 = DIRECTION ( 'NONE',  ( 0.7071067811865451302, 0.000000000000000000, -0.7071067811865499042 ) ) ;
#1067 = DIRECTION ( 'NONE',  ( -0.7071067811865451302, 0.000000000000000000, -0.7071067811865499042 ) ) ;
#1068 = ORIENTED_EDGE ( 'NONE', *, *, #2272, .F. ) ;
#1069 = DIRECTION ( 'NONE',  ( 0.000000000000000000, 0.000000000000000000, -1.000000000000000000 ) ) ;
#1070 = DIRECTION ( 'NONE',  ( -0.7071067811865350272, 0.000000000000000000, 0.7071067811865600072 ) ) ;
#1071 = EDGE_CURVE ( 'NONE', #1222, #1193, #1179, .T. ) ;
#1072 = ORIENTED_EDGE ( 'NONE', *, *, #865, .F. ) ;
#1073 = VERTEX_POINT ( 'NONE', #681 ) ;
#1074 = LINE ( 'NONE', #1060, #1925 ) ;
#1075 = CYLINDRICAL_SURFACE ( 'NONE', #2177, 2.999999999999999112 ) ;
#1076 = AXIS2_PLACEMENT_3D ( 'NONE', #464, #958, #516 ) ;
#1077 = AXIS2_PLACEMENT_3D ( 'NONE', #672, #240, #2771 ) ;
#1078 = LINE ( 'NONE', #2429, #56 ) ;
#1079 = VECTOR ( 'NONE', #2941, 1000.000000000000000 ) ;
#1080 = EDGE_CURVE ( 'NONE', #1807, #366, #747, .T. ) ;
#1081 = VECTOR ( 'NONE', #1274, 1000.000000000000000 ) ;
#1082 = CARTESIAN_POINT ( 'NONE',  ( -40.00000000000000000, 0.000000000000000000, -22.00000000000000000 ) ) ;
#1083 = CARTESIAN_POINT ( 'NONE',  ( 37.60000000000000142, 11.00000000000000000, 17.00000000000000000 ) ) ;
#1084 = ORIENTED_EDGE ( 'NONE', *, *, #1145, .T. ) ;
#1085 = CARTESIAN_POINT ( 'NONE',  ( 33.39999999999999858, 1.500000000000000000, 4.000000000000000000 ) ) ;
#1086 = CARTESIAN_POINT ( 'NONE',  ( -33.79999999999999716, 8.500000000000000000, 15.00000000000000000 ) ) ;
#1087 = VERTEX_POINT ( 'NONE', #280 ) ;
#1088 = VECTOR ( 'NONE', #2542, 1000.000000000000000 ) ;
#1089 = ORIENTED_EDGE ( 'NONE', *, *, #2625, .T. ) ;
#1090 = CARTESIAN_POINT ( 'NONE',  ( -11.59999999999999964, 1.500000000000000000, 19.90000000000000213 ) ) ;
#1091 = EDGE_CURVE ( 'NONE', #1132, #1833, #1670, .T. ) ;
#1092 = FACE_OUTER_BOUND ( 'NONE', #2988, .T. ) ;
#1093 = VERTEX_POINT ( 'NONE', #1399 ) ;
#1094 = CARTESIAN_POINT ( 'NONE',  ( -37.00000000000000000, 0.000000000000000000, 22.00000000000000000 ) ) ;
#1095 = PLANE ( 'NONE',  #2833 ) ;
#1096 = LINE ( 'NONE', #166, #980 ) ;
#1097 = VERTEX_POINT ( 'NONE', #2137 ) ;
#1098 = DIRECTION ( 'NONE',  ( 0.000000000000000000, 1.000000000000000000, 0.000000000000000000 ) ) ;
#1099 = DIRECTION ( 'NONE',  ( 0.000000000000000000, 1.000000000000000000, 0.000000000000000000 ) ) ;
#1100 = ORIENTED_EDGE ( 'NONE', *, *, #979, .T. ) ;
#1101 = CARTESIAN_POINT ( 'NONE',  ( 25.39999999999999858, 1.500000000000000000, -8.500000000000000000 ) ) ;
#1102 = CARTESIAN_POINT ( 'NONE',  ( 37.00000000000000000, 0.000000000000000000, -22.00000000000000000 ) ) ;
#1103 = VERTEX_POINT ( 'NONE', #2573 ) ;
#1104 = DIRECTION ( 'NONE',  ( 0.000000000000000000, 0.000000000000000000, 1.000000000000000000 ) ) ;
#1105 = EDGE_CURVE ( 'NONE', #2938, #218, #2120, .T. ) ;
#1106 = DIRECTION ( 'NONE',  ( 0.000000000000000000, 0.000000000000000000, -1.000000000000000000 ) ) ;
#1107 = CARTESIAN_POINT ( 'NONE',  ( 38.60000000000000142, 11.00000000000000000, 7.000000000000000000 ) ) ;
#1108 = VECTOR ( 'NONE', #2400, 1000.000000000000000 ) ;
#1109 = ORIENTED_EDGE ( 'NONE', *, *, #2766, .F. ) ;
#1110 = CARTESIAN_POINT ( 'NONE',  ( -40.00000000000000000, 11.00000000000000000, -19.94999999999999929 ) ) ;
#1111 = AXIS2_PLACEMENT_3D ( 'NONE', #1783, #219, #637 ) ;
#1112 = DIRECTION ( 'NONE',  ( 0.000000000000000000, 1.000000000000000000, 0.000000000000000000 ) ) ;
#1113 = EDGE_CURVE ( 'NONE', #1258, #242, #1896, .T. ) ;
#1114 = EDGE_LOOP ( 'NONE', ( #167, #2178, #184, #128, #535, #2085 ) ) ;
#1115 = ORIENTED_EDGE ( 'NONE', *, *, #258, .F. ) ;
#1116 = EDGE_CURVE ( 'NONE', #2379, #2421, #948, .T. ) ;
#1117 = FACE_OUTER_BOUND ( 'NONE', #2029, .T. ) ;
#1118 = ORIENTED_EDGE ( 'NONE', *, *, #2814, .T. ) ;
#1119 = CARTESIAN_POINT ( 'NONE',  ( 25.39999999999999858, 11.00000000000000000, -5.000000000000000000 ) ) ;
#1120 = VECTOR ( 'NONE', #2082, 1000.000000000000000 ) ;
#1121 = EDGE_CURVE ( 'NONE', #491, #1833, #1195, .T. ) ;
#1122 = CARTESIAN_POINT ( 'NONE',  ( -38.80000000000000426, 8.500000000000000000, 15.00000000000000000 ) ) ;
#1123 = VECTOR ( 'NONE', #273, 1000.000000000000000 ) ;
#1124 = CARTESIAN_POINT ( 'NONE',  ( 0.5999999999999999778, 1.500000000000000000, -24.50000000000000000 ) ) ;
#1125 = CYLINDRICAL_SURFACE ( 'NONE', #675, 1.300000000000002487 ) ;
#1126 = ADVANCED_FACE ( 'NONE', ( #1860 ), #1382, .T. ) ;
#1127 = AXIS2_PLACEMENT_3D ( 'NONE', #1316, #612, #2335 ) ;
#1128 = ORIENTED_EDGE ( 'NONE', *, *, #2515, .T. ) ;
#1129 = PLANE ( 'NONE',  #1390 ) ;
#1130 = CARTESIAN_POINT ( 'NONE',  ( -13.00000000000000000, 1.500000000000000000, 4.400000000000000355 ) ) ;
#1131 = ORIENTED_EDGE ( 'NONE', *, *, #2972, .F. ) ;
#1132 = VERTEX_POINT ( 'NONE', #1208 ) ;
#1133 = CARTESIAN_POINT ( 'NONE',  ( 29.60000000000000142, 1.500000000000000000, 17.00000000000000000 ) ) ;
#1134 = CARTESIAN_POINT ( 'NONE',  ( -11.40000000000000036, 8.500000000000000000, -19.50000000000000000 ) ) ;
#1135 = EDGE_CURVE ( 'NONE', #1575, #1493, #710, .T. ) ;
#1136 = VERTEX_POINT ( 'NONE', #2087 ) ;
#1137 = DIRECTION ( 'NONE',  ( 0.000000000000000000, -1.000000000000000000, 0.000000000000000000 ) ) ;
#1138 = DIRECTION ( 'NONE',  ( -1.000000000000000000, 0.000000000000000000, 0.000000000000000000 ) ) ;
#1139 = FACE_BOUND ( 'NONE', #2763, .T. ) ;
#1140 = ORIENTED_EDGE ( 'NONE', *, *, #2772, .T. ) ;
#1141 = ORIENTED_EDGE ( 'NONE', *, *, #329, .T. ) ;
#1142 = LINE ( 'NONE', #1650, #2543 ) ;
#1143 = FACE_OUTER_BOUND ( 'NONE', #1657, .T. ) ;
#1144 = VERTEX_POINT ( 'NONE', #521 ) ;
#1145 = EDGE_CURVE ( 'NONE', #2019, #157, #2765, .T. ) ;
#1146 = ORIENTED_EDGE ( 'NONE', *, *, #2151, .T. ) ;
#1147 = CARTESIAN_POINT ( 'NONE',  ( 37.00000000000000000, 1.500000000000000000, -22.00000000000000000 ) ) ;
#1148 = ORIENTED_EDGE ( 'NONE', *, *, #1185, .F. ) ;
#1149 = LINE ( 'NONE', #2768, #2422 ) ;
#1150 = EDGE_CURVE ( 'NONE', #217, #2024, #30, .T. ) ;
#1151 = PLANE ( 'NONE',  #1012 ) ;
#1152 = FACE_BOUND ( 'NONE', #213, .T. ) ;
#1153 = ORIENTED_EDGE ( 'NONE', *, *, #2336, .T. ) ;
#1154 = CARTESIAN_POINT ( 'NONE',  ( -35.69999999999999574, 0.000000000000000000, -22.00000000000000000 ) ) ;
#1155 = DIRECTION ( 'NONE',  ( 0.000000000000000000, 0.000000000000000000, -1.000000000000000000 ) ) ;
#1156 = AXIS2_PLACEMENT_3D ( 'NONE', #2697, #2673, #390 ) ;
#1157 = ORIENTED_EDGE ( 'NONE', *, *, #2726, .T. ) ;
#1158 = VECTOR ( 'NONE', #895, 1000.000000000000000 ) ;
#1159 = ORIENTED_EDGE ( 'NONE', *, *, #998, .F. ) ;
#1160 = DIRECTION ( 'NONE',  ( -1.000000000000000000, 0.000000000000000000, 0.000000000000000000 ) ) ;
#1161 = ADVANCED_FACE ( 'NONE', ( #1655 ), #2796, .T. ) ;
#1162 = MANIFOLD_SOLID_BREP ( 'Body1[1]', #2540 ) ;
#1163 = ORIENTED_EDGE ( 'NONE', *, *, #929, .F. ) ;
#1164 = CARTESIAN_POINT ( 'NONE',  ( -25.19999999999999929, 8.500000000000000000, 15.00000000000000000 ) ) ;
#1165 = VECTOR ( 'NONE', #840, 1000.000000000000000 ) ;
#1166 = CARTESIAN_POINT ( 'NONE',  ( 37.60000000000000142, 1.500000000000000000, 5.000000000000000000 ) ) ;
#1167 = CARTESIAN_POINT ( 'NONE',  ( 30.59999999999999787, 11.00000000000000000, 7.000000000000000000 ) ) ;
#1168 = PLANE ( 'NONE',  #2612 ) ;
#1169 = ORIENTED_EDGE ( 'NONE', *, *, #2607, .T. ) ;
#1170 = VECTOR ( 'NONE', #1712, 1000.000000000000000 ) ;
#1171 = ORIENTED_EDGE ( 'NONE', *, *, #1724, .T. ) ;
#1172 = EDGE_CURVE ( 'NONE', #1603, #1798, #730, .T. ) ;
#1173 = CIRCLE ( 'NONE', #1981, 1.300000000000002487 ) ;
#1174 = CARTESIAN_POINT ( 'NONE',  ( 26.39999999999999858, 1.500000000000000000, 5.000000000000000000 ) ) ;
#1175 = DIRECTION ( 'NONE',  ( 0.000000000000000000, 0.000000000000000000, -1.000000000000000000 ) ) ;
#1176 = VECTOR ( 'NONE', #1747, 1000.000000000000000 ) ;
#1177 = ORIENTED_EDGE ( 'NONE', *, *, #767, .T. ) ;
#1178 = ORIENTED_EDGE ( 'NONE', *, *, #1562, .F. ) ;
#1179 = LINE ( 'NONE', #456, #39 ) ;
#1180 = VECTOR ( 'NONE', #159, 1000.000000000000000 ) ;
#1181 = ADVANCED_FACE ( 'NONE', ( #594 ), #2179, .T. ) ;
#1182 = ORIENTED_EDGE ( 'NONE', *, *, #69, .T. ) ;
#1183 = DIRECTION ( 'NONE',  ( -1.000000000000000000, 0.000000000000000000, 0.000000000000000000 ) ) ;
#1184 = VECTOR ( 'NONE', #944, 1000.000000000000000 ) ;
#1185 = EDGE_CURVE ( 'NONE', #2994, #241, #2646, .T. ) ;
#1186 = DIRECTION ( 'NONE',  ( 1.000000000000000000, 0.000000000000000000, 0.000000000000000000 ) ) ;
#1187 = DIRECTION ( 'NONE',  ( 1.000000000000000000, 0.000000000000000000, 0.000000000000000000 ) ) ;
#1188 = LINE ( 'NONE', #1425, #2224 ) ;
#1189 = ORIENTED_EDGE ( 'NONE', *, *, #1217, .F. ) ;
#1190 = CARTESIAN_POINT ( 'NONE',  ( -35.69999999999999574, 1.500000000000000000, 22.00000000000000000 ) ) ;
#1191 = FACE_OUTER_BOUND ( 'NONE', #1716, .T. ) ;
#1192 = DIRECTION ( 'NONE',  ( 0.000000000000000000, -1.000000000000000000, 0.000000000000000000 ) ) ;
#1193 = VERTEX_POINT ( 'NONE', #364 ) ;
#1194 = ORIENTED_EDGE ( 'NONE', *, *, #1485, .T. ) ;
#1195 = LINE ( 'NONE', #2332, #1065 ) ;
#1196 = ORIENTED_EDGE ( 'NONE', *, *, #253, .F. ) ;
#1197 = CARTESIAN_POINT ( 'NONE',  ( -11.40000000000000036, 8.500000000000000000, -24.50000000000000000 ) ) ;
#1198 = CARTESIAN_POINT ( 'NONE',  ( 25.39999999999999858, 1.500000000000000000, -17.00000000000000000 ) ) ;
#1199 = CARTESIAN_POINT ( 'NONE',  ( 33.39999999999999858, 1.500000000000000000, -8.000000000000000000 ) ) ;
#1200 = LINE ( 'NONE', #2562, #540 ) ;
#1201 = EDGE_CURVE ( 'NONE', #790, #2975, #2457, .T. ) ;
#1202 = VERTEX_POINT ( 'NONE', #1684 ) ;
#1203 = LINE ( 'NONE', #2112, #35 ) ;
#1204 = FACE_OUTER_BOUND ( 'NONE', #2210, .T. ) ;
#1205 = DIRECTION ( 'NONE',  ( 4.440892098500630106E-16, 0.000000000000000000, 1.000000000000000000 ) ) ;
#1206 = ORIENTED_EDGE ( 'NONE', *, *, #2849, .F. ) ;
#1207 = VERTEX_POINT ( 'NONE', #353 ) ;
#1208 = CARTESIAN_POINT ( 'NONE',  ( 29.60000000000000142, 11.00000000000000000, 5.000000000000000000 ) ) ;
#1209 = VECTOR ( 'NONE', #1106, 1000.000000000000000 ) ;
#1210 = ADVANCED_FACE ( 'NONE', ( #142 ), #561, .T. ) ;
#1211 = ORIENTED_EDGE ( 'NONE', *, *, #1634, .F. ) ;
#1212 = VECTOR ( 'NONE', #267, 1000.000000000000000 ) ;
#1213 = CYLINDRICAL_SURFACE ( 'NONE', #1699, 1.300000000000002487 ) ;
#1214 = LINE ( 'NONE', #271, #685 ) ;
#1215 = CARTESIAN_POINT ( 'NONE',  ( 32.44999999999959783, 1.500000000000000000, 22.14999999999999858 ) ) ;
#1216 = LINE ( 'NONE', #555, #1887 ) ;
#1217 = EDGE_CURVE ( 'NONE', #422, #285, #2192, .T. ) ;
#1218 = CARTESIAN_POINT ( 'NONE',  ( -40.00000000000000000, 11.00000000000000000, -14.90000000000000036 ) ) ;
#1219 = LINE ( 'NONE', #1005, #2846 ) ;
#1220 = CIRCLE ( 'NONE', #1357, 1.300000000000002487 ) ;
#1221 = CARTESIAN_POINT ( 'NONE',  ( -37.00000000000000000, 0.000000000000000000, 22.00000000000000000 ) ) ;
#1222 = VERTEX_POINT ( 'NONE', #113 ) ;
#1223 = AXIS2_PLACEMENT_3D ( 'NONE', #940, #1837, #1884 ) ;
#1224 = CARTESIAN_POINT ( 'NONE',  ( 37.00000000000000000, 0.000000000000000000, -22.00000000000000000 ) ) ;
#1225 = DIRECTION ( 'NONE',  ( 1.000000000000000000, 0.000000000000000000, 0.000000000000000000 ) ) ;
#1226 = VECTOR ( 'NONE', #1104, 1000.000000000000000 ) ;
#1227 = ORIENTED_EDGE ( 'NONE', *, *, #175, .T. ) ;
#1228 = DIRECTION ( 'NONE',  ( -1.000000000000000000, 0.000000000000000000, 0.000000000000000000 ) ) ;
#1229 = CARTESIAN_POINT ( 'NONE',  ( -37.00000000000000000, 0.000000000000000000, -22.00000000000000000 ) ) ;
#1230 = VECTOR ( 'NONE', #1443, 1000.000000000000000 ) ;
#1231 = LINE ( 'NONE', #2142, #878 ) ;
#1232 = VECTOR ( 'NONE', #566, 1000.000000000000000 ) ;
#1233 = ADVANCED_FACE ( 'NONE', ( #2887 ), #763, .T. ) ;
#1234 = CARTESIAN_POINT ( 'NONE',  ( 33.39999999999999858, 11.00000000000000000, -8.000000000000000000 ) ) ;
#1235 = DIRECTION ( 'NONE',  ( 0.7071067811865451302, 0.000000000000000000, 0.7071067811865499042 ) ) ;
#1236 = CARTESIAN_POINT ( 'NONE',  ( -25.19999999999999929, 1.500000000000000000, 7.500000000000000000 ) ) ;
#1237 = EDGE_LOOP ( 'NONE', ( #407, #118, #153, #1911 ) ) ;
#1238 = DIRECTION ( 'NONE',  ( 0.7071067811865451302, 0.000000000000000000, -0.7071067811865499042 ) ) ;
#1239 = DIRECTION ( 'NONE',  ( 0.000000000000000000, 1.000000000000000000, 0.000000000000000000 ) ) ;
#1240 = EDGE_CURVE ( 'NONE', #248, #560, #2150, .T. ) ;
#1241 = ORIENTED_EDGE ( 'NONE', *, *, #2726, .F. ) ;
#1242 = DIRECTION ( 'NONE',  ( 0.000000000000000000, 1.000000000000000000, 0.000000000000000000 ) ) ;
#1243 = DIRECTION ( 'NONE',  ( 1.000000000000000000, 0.000000000000000000, 0.000000000000000000 ) ) ;
#1244 = EDGE_CURVE ( 'NONE', #680, #1592, #776, .T. ) ;
#1245 = CARTESIAN_POINT ( 'NONE',  ( 24.04999999999969873, 1.500000000000000000, -5.349999999999999645 ) ) ;
#1246 = ORIENTED_EDGE ( 'NONE', *, *, #767, .F. ) ;
#1247 = EDGE_CURVE ( 'NONE', #2582, #2270, #577, .T. ) ;
#1248 = CARTESIAN_POINT ( 'NONE',  ( -10.34999999999999964, 1.500000000000000000, 24.89999999999999858 ) ) ;
#1249 = CARTESIAN_POINT ( 'NONE',  ( -11.40000000000000036, 1.500000000000000000, -12.25000000000000000 ) ) ;
#1250 = DIRECTION ( 'NONE',  ( 0.000000000000000000, 2.337311630789800155E-16, -1.000000000000000000 ) ) ;
#1251 = ORIENTED_EDGE ( 'NONE', *, *, #538, .T. ) ;
#1252 = CARTESIAN_POINT ( 'NONE',  ( 37.00000000000000000, 1.500000000000000000, 22.00000000000000000 ) ) ;
#1253 = AXIS2_PLACEMENT_3D ( 'NONE', #2038, #2919, #2933 ) ;
#1254 = ORIENTED_EDGE ( 'NONE', *, *, #2180, .F. ) ;
#1255 = EDGE_CURVE ( 'NONE', #560, #316, #552, .T. ) ;
#1256 = CARTESIAN_POINT ( 'NONE',  ( -14.00000000000000000, 1.500000000000000000, -14.90000000000000036 ) ) ;
#1257 = VECTOR ( 'NONE', #2238, 1000.000000000000000 ) ;
#1258 = VERTEX_POINT ( 'NONE', #1951 ) ;
#1259 = AXIS2_PLACEMENT_3D ( 'NONE', #2370, #511, #754 ) ;
#1260 = DIRECTION ( 'NONE',  ( 1.000000000000000000, 0.000000000000000000, 0.000000000000000000 ) ) ;
#1261 = DIRECTION ( 'NONE',  ( 1.000000000000000000, 0.000000000000000000, 0.000000000000000000 ) ) ;
#1262 = DIRECTION ( 'NONE',  ( 0.000000000000000000, 0.000000000000000000, -1.000000000000000000 ) ) ;
#1263 = DIRECTION ( 'NONE',  ( -1.000000000000000000, 0.000000000000000000, 0.000000000000000000 ) ) ;
#1264 = ADVANCED_FACE ( 'NONE', ( #2872 ), #1057, .T. ) ;
#1265 = ORIENTED_EDGE ( 'NONE', *, *, #2586, .F. ) ;
#1266 =( GEOMETRIC_REPRESENTATION_CONTEXT ( 3 ) GLOBAL_UNCERTAINTY_ASSIGNED_CONTEXT ( ( #507 ) ) GLOBAL_UNIT_ASSIGNED_CONTEXT ( ( #1507, #536, #2206 ) ) REPRESENTATION_CONTEXT ( 'NONE', 'WORKASPACE' ) );
#1267 = ORIENTED_EDGE ( 'NONE', *, *, #196, .F. ) ;
#1268 = FILL_AREA_STYLE_COLOUR ( '', #2317 ) ;
#1269 = VERTEX_POINT ( 'NONE', #2267 ) ;
#1270 = AXIS2_PLACEMENT_3D ( 'NONE', #1388, #2974, #718 ) ;
#1271 = ORIENTED_EDGE ( 'NONE', *, *, #1080, .T. ) ;
#1272 = LINE ( 'NONE', #527, #1823 ) ;
#1273 = VECTOR ( 'NONE', #2725, 1000.000000000000000 ) ;
#1274 = DIRECTION ( 'NONE',  ( 0.000000000000000000, 0.000000000000000000, -1.000000000000000000 ) ) ;
#1275 = EDGE_CURVE ( 'NONE', #2444, #365, #2487, .T. ) ;
#1276 = DIRECTION ( 'NONE',  ( -0.7071067811865600072, 0.000000000000000000, -0.7071067811865350272 ) ) ;
#1277 = ADVANCED_FACE ( 'NONE', ( #1591 ), #2239, .T. ) ;
#1278 = VECTOR ( 'NONE', #426, 999.9999999999998863 ) ;
#1279 = DIRECTION ( 'NONE',  ( 1.000000000000000000, 0.000000000000000000, 0.000000000000000000 ) ) ;
#1280 = LINE ( 'NONE', #993, #1696 ) ;
#1281 = FACE_OUTER_BOUND ( 'NONE', #973, .T. ) ;
#1282 = PRODUCT_DEFINITION_FORMATION_WITH_SPECIFIED_SOURCE ( 'ANY', '', #2110, .NOT_KNOWN. ) ;
#1283 = ORIENTED_EDGE ( 'NONE', *, *, #175, .F. ) ;
#1284 = DIRECTION ( 'NONE',  ( -1.000000000000000000, 0.000000000000000000, 0.000000000000000000 ) ) ;
#1285 = SURFACE_STYLE_USAGE ( .BOTH. , #1924 ) ;
#1286 = ADVANCED_FACE ( 'NONE', ( #2007 ), #2732, .F. ) ;
#1287 = VERTEX_POINT ( 'NONE', #870 ) ;
#1288 = LINE ( 'NONE', #1215, #1539 ) ;
#1289 = CARTESIAN_POINT ( 'NONE',  ( -40.00000000000000000, 0.000000000000000000, 25.00000000000000000 ) ) ;
#1290 = CARTESIAN_POINT ( 'NONE',  ( 0.000000000000000000, 0.000000000000000000, 0.000000000000000000 ) ) ;
#1291 = DIRECTION ( 'NONE',  ( 6.938893903907230350E-16, 0.000000000000000000, 1.000000000000000000 ) ) ;
#1292 = DIRECTION ( 'NONE',  ( 0.000000000000000000, 1.000000000000000000, 0.000000000000000000 ) ) ;
#1293 = CARTESIAN_POINT ( 'NONE',  ( 34.39999999999999858, 1.500000000000000000, 17.00000000000000000 ) ) ;
#1294 = EDGE_CURVE ( 'NONE', #2687, #2778, #2904, .T. ) ;
#1295 = ORIENTED_EDGE ( 'NONE', *, *, #1492, .T. ) ;
#1296 = DIRECTION ( 'NONE',  ( -0.7071067811865361374, 0.000000000000000000, 0.7071067811865590080 ) ) ;
#1297 = VERTEX_POINT ( 'NONE', #380 ) ;
#1298 = ORIENTED_EDGE ( 'NONE', *, *, #1036, .F. ) ;
#1299 = DIRECTION ( 'NONE',  ( 0.000000000000000000, 0.000000000000000000, 1.000000000000000000 ) ) ;
#1300 = CARTESIAN_POINT ( 'NONE',  ( 35.69999999999999574, 1.500000000000000000, 22.00000000000000000 ) ) ;
#1301 = ADVANCED_FACE ( 'NONE', ( #648 ), #886, .F. ) ;
#1302 =( NAMED_UNIT ( * ) SI_UNIT ( $, .STERADIAN. ) SOLID_ANGLE_UNIT ( ) );
#1303 = AXIS2_PLACEMENT_3D ( 'NONE', #1945, #2866, #1501 ) ;
#1304 = CARTESIAN_POINT ( 'NONE',  ( -40.00000000000000000, 1.500000000000000000, -11.05000000000000071 ) ) ;
#1305 = DIRECTION ( 'NONE',  ( -1.000000000000000000, 0.000000000000000000, 0.000000000000000000 ) ) ;
#1306 = FACE_OUTER_BOUND ( 'NONE', #689, .T. ) ;
#1307 = ORIENTED_EDGE ( 'NONE', *, *, #449, .T. ) ;
#1308 = ADVANCED_FACE ( 'NONE', ( #1779, #409, #2253, #663, #2920 ), #2502, .F. ) ;
#1309 = PLANE ( 'NONE',  #86 ) ;
#1310 = DIRECTION ( 'NONE',  ( 0.000000000000000000, 0.000000000000000000, 1.000000000000000000 ) ) ;
#1311 = ORIENTED_EDGE ( 'NONE', *, *, #2616, .T. ) ;
#1312 = CARTESIAN_POINT ( 'NONE',  ( 37.00000000000000000, 0.000000000000000000, -25.00000000000000000 ) ) ;
#1313 = CARTESIAN_POINT ( 'NONE',  ( 30.59999999999999787, 1.500000000000000000, -4.000000000000000000 ) ) ;
#1314 = AXIS2_PLACEMENT_3D ( 'NONE', #170, #1112, #2677 ) ;
#1315 = VECTOR ( 'NONE', #330, 1000.000000000000000 ) ;
#1316 = CARTESIAN_POINT ( 'NONE',  ( 29.60000000000000142, 1.500000000000000000, 5.000000000000000000 ) ) ;
#1317 = EDGE_CURVE ( 'NONE', #2444, #1895, #155, .T. ) ;
#1318 = AXIS2_PLACEMENT_3D ( 'NONE', #1943, #523, #2609 ) ;
#1319 = CARTESIAN_POINT ( 'NONE',  ( -40.00000000000000000, 1.500000000000000000, 4.400000000000000355 ) ) ;
#1320 = LINE ( 'NONE', #1516, #1508 ) ;
#1321 = EDGE_CURVE ( 'NONE', #2148, #2034, #182, .T. ) ;
#1322 = ORIENTED_EDGE ( 'NONE', *, *, #1014, .T. ) ;
#1323 = LINE ( 'NONE', #154, #1257 ) ;
#1324 = DIRECTION ( 'NONE',  ( -0.7071067811865600072, 0.000000000000000000, -0.7071067811865350272 ) ) ;
#1325 = VERTEX_POINT ( 'NONE', #1130 ) ;
#1326 = LINE ( 'NONE', #2924, #713 ) ;
#1327 = CARTESIAN_POINT ( 'NONE',  ( -37.00000000000000000, 1.500000000000000000, 22.00000000000000000 ) ) ;
#1328 = EDGE_CURVE ( 'NONE', #1269, #230, #1220, .T. ) ;
#1329 = LINE ( 'NONE', #1958, #585 ) ;
#1330 = EDGE_CURVE ( 'NONE', #1087, #1638, #1754, .T. ) ;
#1331 = EDGE_CURVE ( 'NONE', #2285, #2811, #2993, .T. ) ;
#1332 = CARTESIAN_POINT ( 'NONE',  ( -25.19999999999999929, 1.500000000000000000, 15.00000000000000000 ) ) ;
#1333 = LINE ( 'NONE', #1761, #1359 ) ;
#1334 = EDGE_LOOP ( 'NONE', ( #2219, #514, #2433, #875 ) ) ;
#1335 = ADVANCED_FACE ( 'NONE', ( #2954 ), #620, .T. ) ;
#1336 = DIRECTION ( 'NONE',  ( 0.000000000000000000, 0.000000000000000000, 1.000000000000000000 ) ) ;
#1337 = DIRECTION ( 'NONE',  ( 0.000000000000000000, 0.000000000000000000, -1.000000000000000000 ) ) ;
#1338 = ORIENTED_EDGE ( 'NONE', *, *, #2243, .F. ) ;
#1339 = DIRECTION ( 'NONE',  ( -1.000000000000000000, 0.000000000000000000, 0.000000000000000000 ) ) ;
#1340 = CARTESIAN_POINT ( 'NONE',  ( 38.29999999999999716, 1.500000000000000000, 22.00000000000000000 ) ) ;
#1341 = EDGE_CURVE ( 'NONE', #1207, #1297, #607, .T. ) ;
#1342 = CARTESIAN_POINT ( 'NONE',  ( -11.40000000000000036, 8.500000000000000000, -24.50000000000000000 ) ) ;
#1343 = CARTESIAN_POINT ( 'NONE',  ( 1.775000000000000133, 1.500000000000000000, 19.90000000000000213 ) ) ;
#1344 = CARTESIAN_POINT ( 'NONE',  ( 25.39999999999999858, 1.500000000000000000, 4.000000000000000000 ) ) ;
#1345 = CIRCLE ( 'NONE', #766, 2.999999999999999112 ) ;
#1346 = ORIENTED_EDGE ( 'NONE', *, *, #570, .F. ) ;
#1347 = VERTEX_POINT ( 'NONE', #1995 ) ;
#1348 = LINE ( 'NONE', #2688, #1771 ) ;
#1349 = VECTOR ( 'NONE', #933, 1000.000000000000000 ) ;
#1350 = CARTESIAN_POINT ( 'NONE',  ( 3.550000000000000266, 1.500000000000000000, 24.89999999999999858 ) ) ;
#1351 = EDGE_CURVE ( 'NONE', #2778, #2869, #1561, .T. ) ;
#1352 = ORIENTED_EDGE ( 'NONE', *, *, #615, .T. ) ;
#1353 = VERTEX_POINT ( 'NONE', #900 ) ;
#1354 = PLANE ( 'NONE',  #1111 ) ;
#1355 = LINE ( 'NONE', #206, #1184 ) ;
#1356 = VERTEX_POINT ( 'NONE', #25 ) ;
#1357 = AXIS2_PLACEMENT_3D ( 'NONE', #2689, #1545, #438 ) ;
#1358 = LINE ( 'NONE', #2045, #2077 ) ;
#1359 = VECTOR ( 'NONE', #151, 1000.000000000000000 ) ;
#1360 = DIRECTION ( 'NONE',  ( -0.7071067811865621167, 0.000000000000000000, 0.7071067811865330288 ) ) ;
#1361 = CARTESIAN_POINT ( 'NONE',  ( 0.5999999999999999778, 1.500000000000000000, -19.50000000000000000 ) ) ;
#1362 = VECTOR ( 'NONE', #1228, 1000.000000000000000 ) ;
#1363 = VERTEX_POINT ( 'NONE', #1412 ) ;
#1364 = EDGE_CURVE ( 'NONE', #1353, #1207, #2328, .T. ) ;
#1365 = VERTEX_POINT ( 'NONE', #2096 ) ;
#1366 = DIRECTION ( 'NONE',  ( -1.000000000000000000, 0.000000000000000000, -2.220446049250309876E-16 ) ) ;
#1367 = CARTESIAN_POINT ( 'NONE',  ( 37.00000000000000000, 1.500000000000000000, 22.00000000000000000 ) ) ;
#1368 = ORIENTED_EDGE ( 'NONE', *, *, #726, .T. ) ;
#1369 = CIRCLE ( 'NONE', #64, 1.300000000000002487 ) ;
#1370 = EDGE_LOOP ( 'NONE', ( #2344, #2914 ) ) ;
#1371 = DIRECTION ( 'NONE',  ( 0.000000000000000000, 1.000000000000000000, 0.000000000000000000 ) ) ;
#1372 = ORIENTED_EDGE ( 'NONE', *, *, #1880, .F. ) ;
#1373 = CARTESIAN_POINT ( 'NONE',  ( 37.60000000000000142, 1.500000000000000000, -7.000000000000000000 ) ) ;
#1374 = DIRECTION ( 'NONE',  ( 0.000000000000000000, 1.000000000000000000, 0.000000000000000000 ) ) ;
#1375 = FACE_BOUND ( 'NONE', #1589, .T. ) ;
#1376 = VERTEX_POINT ( 'NONE', #1666 ) ;
#1377 = EDGE_CURVE ( 'NONE', #1780, #2102, #2567, .T. ) ;
#1378 = CARTESIAN_POINT ( 'NONE',  ( 29.60000000000000142, 1.500000000000000000, 5.000000000000000000 ) ) ;
#1379 = DIRECTION ( 'NONE',  ( -0.000000000000000000, 1.000000000000000000, 0.000000000000000000 ) ) ;
#1380 = VERTEX_POINT ( 'NONE', #1841 ) ;
#1381 = ORIENTED_EDGE ( 'NONE', *, *, #2261, .T. ) ;
#1382 = PLANE ( 'NONE',  #149 ) ;
#1383 = ORIENTED_EDGE ( 'NONE', *, *, #2052, .T. ) ;
#1384 = LINE ( 'NONE', #2740, #983 ) ;
#1385 = EDGE_CURVE ( 'NONE', #2009, #1895, #2342, .T. ) ;
#1386 = DIRECTION ( 'NONE',  ( 0.000000000000000000, 0.000000000000000000, 1.000000000000000000 ) ) ;
#1387 = LINE ( 'NONE', #906, #2695 ) ;
#1388 = CARTESIAN_POINT ( 'NONE',  ( 37.00000000000000000, 1.500000000000000000, -22.00000000000000000 ) ) ;
#1389 = VERTEX_POINT ( 'NONE', #452 ) ;
#1390 = AXIS2_PLACEMENT_3D ( 'NONE', #140, #1069, #618 ) ;
#1391 = ORIENTED_EDGE ( 'NONE', *, *, #2861, .F. ) ;
#1392 = LINE ( 'NONE', #722, #2982 ) ;
#1393 = CARTESIAN_POINT ( 'NONE',  ( -30.20000000000000284, 1.500000000000000000, 5.000000000000000000 ) ) ;
#1394 = AXIS2_PLACEMENT_3D ( 'NONE', #2431, #1305, #2685 ) ;
#1395 = EDGE_CURVE ( 'NONE', #2547, #1444, #227, .T. ) ;
#1396 = ORIENTED_EDGE ( 'NONE', *, *, #990, .F. ) ;
#1397 = VECTOR ( 'NONE', #2528, 1000.000000000000000 ) ;
#1398 = EDGE_LOOP ( 'NONE', ( #636, #203, #727, #2251 ) ) ;
#1399 = CARTESIAN_POINT ( 'NONE',  ( 25.39999999999999858, 11.00000000000000000, -5.000000000000000000 ) ) ;
#1400 = ADVANCED_FACE ( 'NONE', ( #1204 ), #706, .T. ) ;
#1401 = ORIENTED_EDGE ( 'NONE', *, *, #2175, .T. ) ;
#1402 = CARTESIAN_POINT ( 'NONE',  ( -25.19999999999999929, 1.500000000000000000, 15.00000000000000000 ) ) ;
#1403 = VECTOR ( 'NONE', #1679, 1000.000000000000000 ) ;
#1404 = CARTESIAN_POINT ( 'NONE',  ( 37.60000000000000142, 11.00000000000000000, 5.000000000000000000 ) ) ;
#1405 = LINE ( 'NONE', #1613, #1397 ) ;
#1406 = FACE_BOUND ( 'NONE', #376, .T. ) ;
#1407 = ORIENTED_EDGE ( 'NONE', *, *, #945, .F. ) ;
#1408 = AXIS2_PLACEMENT_3D ( 'NONE', #1662, #989, #2820 ) ;
#1409 = EDGE_LOOP ( 'NONE', ( #2136, #2078, #804, #652 ) ) ;
#1410 = VECTOR ( 'NONE', #33, 1000.000000000000000 ) ;
#1411 = DIRECTION ( 'NONE',  ( -0.7071067811865451302, 0.000000000000000000, 0.7071067811865499042 ) ) ;
#1412 = CARTESIAN_POINT ( 'NONE',  ( -10.34999999999999964, 1.500000000000000000, 19.90000000000000213 ) ) ;
#1413 = CARTESIAN_POINT ( 'NONE',  ( 26.39999999999999858, 1.500000000000000000, -7.000000000000000000 ) ) ;
#1414 = ORIENTED_EDGE ( 'NONE', *, *, #1331, .F. ) ;
#1415 = ORIENTED_EDGE ( 'NONE', *, *, #2575, .F. ) ;
#1416 = LINE ( 'NONE', #2750, #967 ) ;
#1417 = AXIS2_PLACEMENT_3D ( 'NONE', #2868, #125, #110 ) ;
#1418 = EDGE_CURVE ( 'NONE', #562, #2715, #2549, .T. ) ;
#1419 = ORIENTED_EDGE ( 'NONE', *, *, #1150, .T. ) ;
#1420 = ADVANCED_FACE ( 'NONE', ( #2775 ), #481, .T. ) ;
#1421 = CARTESIAN_POINT ( 'NONE',  ( 33.39999999999999858, 1.500000000000000000, 16.00000000000000000 ) ) ;
#1422 = VECTOR ( 'NONE', #2189, 1000.000000000000000 ) ;
#1423 = CARTESIAN_POINT ( 'NONE',  ( -40.00000000000000000, 1.500000000000000000, 2.899999999999999911 ) ) ;
#1424 = DIRECTION ( 'NONE',  ( 0.000000000000000000, -1.000000000000000000, 0.000000000000000000 ) ) ;
#1425 = CARTESIAN_POINT ( 'NONE',  ( 17.19999999999999929, 1.500000000000000000, 5.000000000000000000 ) ) ;
#1426 = ORIENTED_EDGE ( 'NONE', *, *, #281, .T. ) ;
#1427 = EDGE_LOOP ( 'NONE', ( #2281, #2396, #908, #1227, #97, #826, #1028, #1885, #729, #2404, #539, #9, #857, #1265, #2906, #2159 ) ) ;
#1428 = DIRECTION ( 'NONE',  ( -0.000000000000000000, 1.000000000000000000, 0.000000000000000000 ) ) ;
#1429 = PLANE ( 'NONE',  #2748 ) ;
#1430 = LINE ( 'NONE', #2343, #936 ) ;
#1431 = VERTEX_POINT ( 'NONE', #691 ) ;
#1432 = ORIENTED_EDGE ( 'NONE', *, *, #319, .T. ) ;
#1433 = DIRECTION ( 'NONE',  ( 0.7071067811865600072, 0.000000000000000000, 0.7071067811865350272 ) ) ;
#1434 = ORIENTED_EDGE ( 'NONE', *, *, #2922, .F. ) ;
#1435 = DIRECTION ( 'NONE',  ( 0.7071067811865451302, 0.000000000000000000, -0.7071067811865499042 ) ) ;
#1436 = ADVANCED_FACE ( 'NONE', ( #12 ), #1619, .T. ) ;
#1437 = DIRECTION ( 'NONE',  ( -0.7071067811865621167, 0.000000000000000000, 0.7071067811865330288 ) ) ;
#1438 = CARTESIAN_POINT ( 'NONE',  ( -14.00000000000000000, 11.00000000000000000, 2.899999999999999911 ) ) ;
#1439 = PLANE ( 'NONE',  #779 ) ;
#1440 = ORIENTED_EDGE ( 'NONE', *, *, #2014, .F. ) ;
#1441 = LINE ( 'NONE', #2416, #88 ) ;
#1442 = DIRECTION ( 'NONE',  ( 0.000000000000000000, 0.000000000000000000, 1.000000000000000000 ) ) ;
#1443 = DIRECTION ( 'NONE',  ( 0.000000000000000000, 1.000000000000000000, 0.000000000000000000 ) ) ;
#1444 = VERTEX_POINT ( 'NONE', #2065 ) ;
#1445 = EDGE_LOOP ( 'NONE', ( #1450, #41, #2203, #941, #14, #2767 ) ) ;
#1446 = VECTOR ( 'NONE', #2821, 1000.000000000000000 ) ;
#1447 = CARTESIAN_POINT ( 'NONE',  ( 29.60000000000000142, 1.500000000000000000, -7.000000000000000000 ) ) ;
#1448 = ADVANCED_FACE ( 'NONE', ( #1191 ), #2584, .T. ) ;
#1449 = VECTOR ( 'NONE', #2032, 1000.000000000000000 ) ;
#1450 = ORIENTED_EDGE ( 'NONE', *, *, #2295, .T. ) ;
#1451 = LINE ( 'NONE', #765, #1410 ) ;
#1452 = DIRECTION ( 'NONE',  ( 0.000000000000000000, 0.000000000000000000, 1.000000000000000000 ) ) ;
#1453 = CARTESIAN_POINT ( 'NONE',  ( 21.04999999999969873, 1.500000000000000000, 3.650000000000150013 ) ) ;
#1454 = DIRECTION ( 'NONE',  ( 0.000000000000000000, -1.000000000000000000, 0.000000000000000000 ) ) ;
#1455 = VERTEX_POINT ( 'NONE', #1871 ) ;
#1456 = FACE_OUTER_BOUND ( 'NONE', #740, .T. ) ;
#1457 = CARTESIAN_POINT ( 'NONE',  ( 29.60000000000000142, 11.00000000000000000, -7.000000000000000000 ) ) ;
#1458 = EDGE_CURVE ( 'NONE', #1780, #241, #2791, .T. ) ;
#1459 = VECTOR ( 'NONE', #1175, 1000.000000000000000 ) ;
#1460 = CARTESIAN_POINT ( 'NONE',  ( 38.29999999999999716, 1.500000000000000000, -22.00000000000000000 ) ) ;
#1461 = EDGE_LOOP ( 'NONE', ( #1623, #1171, #1159, #119 ) ) ;
#1462 = AXIS2_PLACEMENT_3D ( 'NONE', #2414, #2637, #1915 ) ;
#1463 = VERTEX_POINT ( 'NONE', #1393 ) ;
#1464 = CARTESIAN_POINT ( 'NONE',  ( -10.34999999999999964, 1.500000000000000000, 19.90000000000000213 ) ) ;
#1465 = VECTOR ( 'NONE', #2057, 1000.000000000000000 ) ;
#1466 = ADVANCED_FACE ( 'NONE', ( #1143 ), #1429, .T. ) ;
#1467 = ORIENTED_EDGE ( 'NONE', *, *, #2766, .T. ) ;
#1468 = DIRECTION ( 'NONE',  ( 0.000000000000000000, 1.000000000000000000, 0.000000000000000000 ) ) ;
#1469 = EDGE_CURVE ( 'NONE', #70, #1356, #244, .T. ) ;
#1470 = DIRECTION ( 'NONE',  ( 0.7071067811865330288, 0.000000000000000000, 0.7071067811865621167 ) ) ;
#1471 = PLANE ( 'NONE',  #2952 ) ;
#1472 = VECTOR ( 'NONE', #2199, 1000.000000000000000 ) ;
#1473 = FACE_OUTER_BOUND ( 'NONE', #2782, .T. ) ;
#1474 = CARTESIAN_POINT ( 'NONE',  ( -38.80000000000000426, 1.500000000000000000, 5.000000000000000000 ) ) ;
#1475 = LINE ( 'NONE', #2378, #1422 ) ;
#1476 = EDGE_CURVE ( 'NONE', #1297, #2363, #44, .T. ) ;
#1477 = ORIENTED_EDGE ( 'NONE', *, *, #1825, .F. ) ;
#1478 = EDGE_CURVE ( 'NONE', #2744, #1222, #2977, .T. ) ;
#1479 = CARTESIAN_POINT ( 'NONE',  ( 33.39999999999999858, 1.500000000000000000, -5.000000000000000000 ) ) ;
#1480 = DIRECTION ( 'NONE',  ( 0.000000000000000000, 0.000000000000000000, -1.000000000000000000 ) ) ;
#1481 = EDGE_LOOP ( 'NONE', ( #2655, #2473, #1813, #2992 ) ) ;
#1482 = CARTESIAN_POINT ( 'NONE',  ( 26.39999999999999858, 11.00000000000000000, 17.00000000000000000 ) ) ;
#1483 = CARTESIAN_POINT ( 'NONE',  ( 38.60000000000000142, 11.00000000000000000, 4.000000000000000000 ) ) ;
#1484 = DIRECTION ( 'NONE',  ( 0.7071067811865600072, 0.000000000000000000, 0.7071067811865350272 ) ) ;
#1485 = EDGE_CURVE ( 'NONE', #1365, #225, #1827, .T. ) ;
#1486 = CARTESIAN_POINT ( 'NONE',  ( 33.39999999999999858, 1.500000000000000000, -8.500000000000000000 ) ) ;
#1487 = DIRECTION ( 'NONE',  ( -0.7071067811865361374, 0.000000000000000000, 0.7071067811865590080 ) ) ;
#1488 = FACE_OUTER_BOUND ( 'NONE', #2134, .T. ) ;
#1489 = VERTEX_POINT ( 'NONE', #2822 ) ;
#1490 = EDGE_LOOP ( 'NONE', ( #2453, #1432, #1542, #519 ) ) ;
#1491 = PRESENTATION_STYLE_ASSIGNMENT (( #1285 ) ) ;
#1492 = EDGE_CURVE ( 'NONE', #1859, #307, #2610, .T. ) ;
#1493 = VERTEX_POINT ( 'NONE', #2172 ) ;
#1494 = ORIENTED_EDGE ( 'NONE', *, *, #2018, .F. ) ;
#1495 = LINE ( 'NONE', #2383, #1362 ) ;
#1496 = EDGE_CURVE ( 'NONE', #703, #2907, #1693, .T. ) ;
#1497 = AXIS2_PLACEMENT_3D ( 'NONE', #1319, #2659, #589 ) ;
#1498 = ADVANCED_FACE ( 'NONE', ( #1020 ), #2629, .T. ) ;
#1499 = AXIS2_PLACEMENT_3D ( 'NONE', #2803, #2819, #1955 ) ;
#1500 = CARTESIAN_POINT ( 'NONE',  ( -40.00000000000000000, 0.7500000000000000000, -14.90000000000000036 ) ) ;
#1501 = DIRECTION ( 'NONE',  ( -0.7071067811865451302, 0.000000000000000000, -0.7071067811865499042 ) ) ;
#1502 = CARTESIAN_POINT ( 'NONE',  ( 38.60000000000000142, 11.00000000000000000, -8.000000000000000000 ) ) ;
#1503 = LINE ( 'NONE', #2603, #737 ) ;
#1504 = ORIENTED_EDGE ( 'NONE', *, *, #270, .T. ) ;
#1505 = AXIS2_PLACEMENT_3D ( 'NONE', #1520, #2634, #1239 ) ;
#1506 = CYLINDRICAL_SURFACE ( 'NONE', #2447, 2.999999999999999112 ) ;
#1507 =( LENGTH_UNIT ( ) NAMED_UNIT ( * ) SI_UNIT ( .MILLI., .METRE. ) );
#1508 = VECTOR ( 'NONE', #1991, 1000.000000000000000 ) ;
#1509 = EDGE_LOOP ( 'NONE', ( #1523, #697, #1571, #111 ) ) ;
#1510 = FACE_OUTER_BOUND ( 'NONE', #761, .T. ) ;
#1511 = AXIS2_PLACEMENT_3D ( 'NONE', #2915, #1555, #1987 ) ;
#1512 = CARTESIAN_POINT ( 'NONE',  ( 38.60000000000000142, 11.00000000000000000, -17.00000000000000000 ) ) ;
#1513 = EDGE_CURVE ( 'NONE', #1287, #2109, #1960, .T. ) ;
#1514 = DIRECTION ( 'NONE',  ( 1.000000000000000000, 0.000000000000000000, -6.938893903907230350E-16 ) ) ;
#1515 = CARTESIAN_POINT ( 'NONE',  ( 38.60000000000000142, 1.500000000000000000, 16.00000000000000000 ) ) ;
#1516 = CARTESIAN_POINT ( 'NONE',  ( -11.59999999999999964, 1.500000000000000000, 24.89999999999999858 ) ) ;
#1517 = VECTOR ( 'NONE', #2913, 1000.000000000000000 ) ;
#1518 = ORIENTED_EDGE ( 'NONE', *, *, #2362, .T. ) ;
#1519 = CARTESIAN_POINT ( 'NONE',  ( 34.39999999999999858, 11.00000000000000000, 5.000000000000000000 ) ) ;
#1520 = CARTESIAN_POINT ( 'NONE',  ( 25.39999999999999858, 1.500000000000000000, -8.000000000000000000 ) ) ;
#1521 = EDGE_CURVE ( 'NONE', #600, #2975, #1219, .T. ) ;
#1522 = ORIENTED_EDGE ( 'NONE', *, *, #2968, .F. ) ;
#1523 = ORIENTED_EDGE ( 'NONE', *, *, #238, .F. ) ;
#1524 = ORIENTED_EDGE ( 'NONE', *, *, #2679, .T. ) ;
#1525 = CARTESIAN_POINT ( 'NONE',  ( 33.39999999999999858, 1.500000000000000000, -8.000000000000000000 ) ) ;
#1526 = LINE ( 'NONE', #2428, #2375 ) ;
#1527 = CYLINDRICAL_SURFACE ( 'NONE', #2902, 2.999999999999999112 ) ;
#1528 = EDGE_CURVE ( 'NONE', #2593, #882, #123, .T. ) ;
#1529 = FACE_OUTER_BOUND ( 'NONE', #2581, .T. ) ;
#1530 = CARTESIAN_POINT ( 'NONE',  ( -23.59999999999999787, 1.500000000000000000, 19.90000000000000213 ) ) ;
#1531 = EDGE_LOOP ( 'NONE', ( #1042, #1271, #947, #2330 ) ) ;
#1532 = DIRECTION ( 'NONE',  ( 0.000000000000000000, 0.000000000000000000, 1.000000000000000000 ) ) ;
#1533 = DIRECTION ( 'NONE',  ( 1.000000000000000000, 0.000000000000000000, 0.000000000000000000 ) ) ;
#1534 = ORIENTED_EDGE ( 'NONE', *, *, #2333, .F. ) ;
#1535 = CARTESIAN_POINT ( 'NONE',  ( 17.19999999999999929, 1.500000000000000000, -7.000000000000000000 ) ) ;
#1536 = CARTESIAN_POINT ( 'NONE',  ( 39.12132034355963128, 0.000000000000000000, 24.12132034355964905 ) ) ;
#1537 = VECTOR ( 'NONE', #2946, 1000.000000000000000 ) ;
#1538 = DIRECTION ( 'NONE',  ( 0.000000000000000000, 1.000000000000000000, 0.000000000000000000 ) ) ;
#1539 = VECTOR ( 'NONE', #828, 999.9999999999998863 ) ;
#1540 = LINE ( 'NONE', #2880, #1587 ) ;
#1541 = DIRECTION ( 'NONE',  ( 0.000000000000000000, -1.000000000000000000, 0.000000000000000000 ) ) ;
#1542 = ORIENTED_EDGE ( 'NONE', *, *, #1014, .F. ) ;
#1543 = EDGE_CURVE ( 'NONE', #1638, #1431, #758, .T. ) ;
#1544 = DIRECTION ( 'NONE',  ( 0.000000000000000000, 0.000000000000000000, 1.000000000000000000 ) ) ;
#1545 = DIRECTION ( 'NONE',  ( 0.000000000000000000, 1.000000000000000000, 0.000000000000000000 ) ) ;
#1546 = ORIENTED_EDGE ( 'NONE', *, *, #2575, .T. ) ;
#1547 = AXIS2_PLACEMENT_3D ( 'NONE', #1740, #1070, #2462 ) ;
#1548 = EDGE_LOOP ( 'NONE', ( #337, #1953, #1663, #381 ) ) ;
#1549 = LINE ( 'NONE', #2010, #2409 ) ;
#1550 = DIRECTION ( 'NONE',  ( 0.000000000000000000, -1.000000000000000000, 0.000000000000000000 ) ) ;
#1551 = EDGE_CURVE ( 'NONE', #1681, #950, #1173, .T. ) ;
#1552 = VECTOR ( 'NONE', #2145, 1000.000000000000000 ) ;
#1553 = ADVANCED_FACE ( 'NONE', ( #2601 ), #572, .T. ) ;
#1554 = VECTOR ( 'NONE', #2358, 1000.000000000000000 ) ;
#1555 = DIRECTION ( 'NONE',  ( 0.000000000000000000, 1.000000000000000000, 0.000000000000000000 ) ) ;
#1556 = EDGE_CURVE ( 'NONE', #278, #366, #1038, .T. ) ;
#1557 = CARTESIAN_POINT ( 'NONE',  ( -33.79999999999999716, 1.500000000000000000, 7.500000000000000000 ) ) ;
#1558 = LINE ( 'NONE', #1107, #2558 ) ;
#1559 = EDGE_LOOP ( 'NONE', ( #1606, #1194, #1682, #47 ) ) ;
#1560 = CARTESIAN_POINT ( 'NONE',  ( 33.39999999999999858, 1.500000000000000000, 7.000000000000000000 ) ) ;
#1561 = LINE ( 'NONE', #2475, #2460 ) ;
#1562 = EDGE_CURVE ( 'NONE', #719, #2258, #1692, .T. ) ;
#1563 = ORIENTED_EDGE ( 'NONE', *, *, #2374, .F. ) ;
#1564 = CARTESIAN_POINT ( 'NONE',  ( 37.60000000000000142, 11.00000000000000000, -7.000000000000000000 ) ) ;
#1565 = FACE_OUTER_BOUND ( 'NONE', #650, .T. ) ;
#1566 = VERTEX_POINT ( 'NONE', #334 ) ;
#1567 = DIRECTION ( 'NONE',  ( 0.000000000000000000, 0.000000000000000000, 1.000000000000000000 ) ) ;
#1568 = EDGE_CURVE ( 'NONE', #934, #809, #1933, .T. ) ;
#1569 = CARTESIAN_POINT ( 'NONE',  ( 37.00000000000000000, 0.000000000000000000, -22.00000000000000000 ) ) ;
#1570 = CARTESIAN_POINT ( 'NONE',  ( -25.19999999999999929, 8.500000000000000000, 5.000000000000000000 ) ) ;
#1571 = ORIENTED_EDGE ( 'NONE', *, *, #192, .F. ) ;
#1572 = ORIENTED_EDGE ( 'NONE', *, *, #2865, .T. ) ;
#1573 = CARTESIAN_POINT ( 'NONE',  ( -40.00000000000000000, 11.00000000000000000, -14.90000000000000036 ) ) ;
#1574 = CARTESIAN_POINT ( 'NONE',  ( -40.00000000000000000, 1.500000000000000000, 2.899999999999999911 ) ) ;
#1575 = VERTEX_POINT ( 'NONE', #1946 ) ;
#1576 = ORIENTED_EDGE ( 'NONE', *, *, #2306, .F. ) ;
#1577 = CARTESIAN_POINT ( 'NONE',  ( -39.12132034355963128, 0.000000000000000000, 24.12132034355964905 ) ) ;
#1578 = EDGE_CURVE ( 'NONE', #2715, #1463, #2854, .T. ) ;
#1579 = CARTESIAN_POINT ( 'NONE',  ( 38.60000000000000142, 11.00000000000000000, 4.000000000000000000 ) ) ;
#1580 = EDGE_LOOP ( 'NONE', ( #1041, #692, #1608, #418 ) ) ;
#1581 = EDGE_CURVE ( 'NONE', #600, #2949, #2751, .T. ) ;
#1582 = CARTESIAN_POINT ( 'NONE',  ( 33.39999999999999858, 1.500000000000000000, 4.000000000000000000 ) ) ;
#1583 = VECTOR ( 'NONE', #408, 1000.000000000000000 ) ;
#1584 = AXIS2_PLACEMENT_3D ( 'NONE', #1905, #1706, #1019 ) ;
#1585 = CARTESIAN_POINT ( 'NONE',  ( -11.40000000000000036, 1.500000000000000000, -24.50000000000000000 ) ) ;
#1586 = LINE ( 'NONE', #2498, #1029 ) ;
#1587 = VECTOR ( 'NONE', #819, 1000.000000000000000 ) ;
#1588 = EDGE_CURVE ( 'NONE', #2413, #94, #1280, .T. ) ;
#1589 = EDGE_LOOP ( 'NONE', ( #2121, #2382, #2394, #2226, #190, #441 ) ) ;
#1590 = DIRECTION ( 'NONE',  ( 1.000000000000000000, 0.000000000000000000, 0.000000000000000000 ) ) ;
#1591 = FACE_OUTER_BOUND ( 'NONE', #956, .T. ) ;
#1592 = VERTEX_POINT ( 'NONE', #802 ) ;
#1593 = ORIENTED_EDGE ( 'NONE', *, *, #1027, .T. ) ;
#1594 = DIRECTION ( 'NONE',  ( 0.000000000000000000, 1.000000000000000000, 0.000000000000000000 ) ) ;
#1595 = ORIENTED_EDGE ( 'NONE', *, *, #1469, .F. ) ;
#1596 = VECTOR ( 'NONE', #2620, 1000.000000000000000 ) ;
#1597 = CARTESIAN_POINT ( 'NONE',  ( 38.60000000000000142, 11.00000000000000000, -8.000000000000000000 ) ) ;
#1598 = EDGE_CURVE ( 'NONE', #2824, #934, #1906, .T. ) ;
#1599 = VECTOR ( 'NONE', #2848, 1000.000000000000000 ) ;
#1600 = CARTESIAN_POINT ( 'NONE',  ( -37.00000000000000000, 1.500000000000000000, 22.00000000000000000 ) ) ;
#1601 = FACE_BOUND ( 'NONE', #605, .T. ) ;
#1602 = VECTOR ( 'NONE', #492, 1000.000000000000000 ) ;
#1603 = VERTEX_POINT ( 'NONE', #1474 ) ;
#1604 = DIRECTION ( 'NONE',  ( 0.000000000000000000, 1.000000000000000000, 0.000000000000000000 ) ) ;
#1605 = DIRECTION ( 'NONE',  ( -1.000000000000000000, 0.000000000000000000, 0.000000000000000000 ) ) ;
#1606 = ORIENTED_EDGE ( 'NONE', *, *, #69, .F. ) ;
#1607 = VECTOR ( 'NONE', #759, 1000.000000000000000 ) ;
#1608 = ORIENTED_EDGE ( 'NONE', *, *, #1027, .F. ) ;
#1609 = DIRECTION ( 'NONE',  ( 0.000000000000000000, 0.000000000000000000, -1.000000000000000000 ) ) ;
#1610 = EDGE_CURVE ( 'NONE', #180, #645, #2388, .T. ) ;
#1611 = ORIENTED_EDGE ( 'NONE', *, *, #2939, .T. ) ;
#1612 = FACE_OUTER_BOUND ( 'NONE', #1237, .T. ) ;
#1613 = CARTESIAN_POINT ( 'NONE',  ( 0.6000000000000089706, 1.500000000000000000, -9.750000000000000000 ) ) ;
#1614 = FACE_OUTER_BOUND ( 'NONE', #2531, .T. ) ;
#1615 = EDGE_CURVE ( 'NONE', #1798, #1977, #2157, .T. ) ;
#1616 = ORIENTED_EDGE ( 'NONE', *, *, #2638, .T. ) ;
#1617 = ORIENTED_EDGE ( 'NONE', *, *, #1377, .F. ) ;
#1618 = CARTESIAN_POINT ( 'NONE',  ( 33.39999999999999858, 1.500000000000000000, -17.00000000000000000 ) ) ;
#1619 = PLANE ( 'NONE',  #1978 ) ;
#1620 = VERTEX_POINT ( 'NONE', #1293 ) ;
#1621 = ORIENTED_EDGE ( 'NONE', *, *, #2107, .F. ) ;
#1622 = DIRECTION ( 'NONE',  ( 1.000000000000000000, 0.000000000000000000, 0.000000000000000000 ) ) ;
#1623 = ORIENTED_EDGE ( 'NONE', *, *, #949, .F. ) ;
#1624 = CARTESIAN_POINT ( 'NONE',  ( 34.39999999999999858, 11.00000000000000000, 5.000000000000000000 ) ) ;
#1625 = LINE ( 'NONE', #510, #1088 ) ;
#1626 = DIRECTION ( 'NONE',  ( 0.000000000000000000, 1.000000000000000000, 0.000000000000000000 ) ) ;
#1627 = FACE_BOUND ( 'NONE', #2241, .T. ) ;
#1628 = ORIENTED_EDGE ( 'NONE', *, *, #1861, .T. ) ;
#1629 = CARTESIAN_POINT ( 'NONE',  ( 38.60000000000000142, 11.00000000000000000, -5.000000000000000000 ) ) ;
#1630 = DIRECTION ( 'NONE',  ( 0.000000000000000000, -1.000000000000000000, 0.000000000000000000 ) ) ;
#1631 = VECTOR ( 'NONE', #2387, 1000.000000000000000 ) ;
#1632 = LINE ( 'NONE', #2550, #2860 ) ;
#1633 = ORIENTED_EDGE ( 'NONE', *, *, #2647, .T. ) ;
#1634 = EDGE_CURVE ( 'NONE', #2109, #422, #1320, .T. ) ;
#1635 = AXIS2_PLACEMENT_3D ( 'NONE', #2958, #1594, #904 ) ;
#1636 = VERTEX_POINT ( 'NONE', #1530 ) ;
#1637 = CARTESIAN_POINT ( 'NONE',  ( -25.19999999999999929, 1.500000000000000000, 5.000000000000000000 ) ) ;
#1638 = VERTEX_POINT ( 'NONE', #1083 ) ;
#1639 = DIRECTION ( 'NONE',  ( 0.000000000000000000, 1.000000000000000000, 0.000000000000000000 ) ) ;
#1640 = ADVANCED_FACE ( 'NONE', ( #361 ), #1806, .T. ) ;
#1641 = VECTOR ( 'NONE', #2761, 1000.000000000000000 ) ;
#1642 = CARTESIAN_POINT ( 'NONE',  ( 33.39999999999999858, 11.00000000000000000, 4.000000000000000000 ) ) ;
#1643 = PLANE ( 'NONE',  #2984 ) ;
#1644 = ADVANCED_FACE ( 'NONE', ( #2218 ), #2899, .T. ) ;
#1645 = DIRECTION ( 'NONE',  ( 1.000000000000000000, 0.000000000000000000, 2.664535259100380036E-15 ) ) ;
#1646 = VECTOR ( 'NONE', #1930, 1000.000000000000000 ) ;
#1647 = ORIENTED_EDGE ( 'NONE', *, *, #1240, .T. ) ;
#1648 = EDGE_LOOP ( 'NONE', ( #1997, #393, #2040, #1534 ) ) ;
#1649 = CIRCLE ( 'NONE', #1890, 1.300000000000002487 ) ;
#1650 = CARTESIAN_POINT ( 'NONE',  ( 30.59999999999999787, 1.500000000000000000, -8.000000000000000000 ) ) ;
#1651 = CARTESIAN_POINT ( 'NONE',  ( 40.00000000000000000, 0.000000000000000000, 25.00000000000000000 ) ) ;
#1652 = CARTESIAN_POINT ( 'NONE',  ( -5.400000000000000355, 8.500000000000000000, -22.00000000000000000 ) ) ;
#1653 = ORIENTED_EDGE ( 'NONE', *, *, #2393, .T. ) ;
#1654 = ORIENTED_EDGE ( 'NONE', *, *, #294, .T. ) ;
#1655 = FACE_OUTER_BOUND ( 'NONE', #1509, .T. ) ;
#1656 = EDGE_CURVE ( 'NONE', #2356, #890, #2249, .T. ) ;
#1657 = EDGE_LOOP ( 'NONE', ( #38, #1936, #340, #1267 ) ) ;
#1658 = CARTESIAN_POINT ( 'NONE',  ( -37.00000000000000000, 1.500000000000000000, 22.00000000000000000 ) ) ;
#1659 = ORIENTED_EDGE ( 'NONE', *, *, #2246, .F. ) ;
#1660 = CARTESIAN_POINT ( 'NONE',  ( -40.00000000000000000, 0.000000000000000000, -25.00000000000000000 ) ) ;
#1661 = CARTESIAN_POINT ( 'NONE',  ( -40.00000000000000000, 11.00000000000000000, -14.90000000000000036 ) ) ;
#1662 = CARTESIAN_POINT ( 'NONE',  ( 0.5999999999999999778, 1.500000000000000000, -24.50000000000000000 ) ) ;
#1663 = ORIENTED_EDGE ( 'NONE', *, *, #1044, .F. ) ;
#1664 = EDGE_CURVE ( 'NONE', #1007, #856, #1333, .T. ) ;
#1665 = DIRECTION ( 'NONE',  ( 0.000000000000000000, -1.000000000000000000, 0.000000000000000000 ) ) ;
#1666 = CARTESIAN_POINT ( 'NONE',  ( 33.39999999999999858, 11.00000000000000000, -5.000000000000000000 ) ) ;
#1667 = CARTESIAN_POINT ( 'NONE',  ( 34.39999999999999858, 1.500000000000000000, 5.000000000000000000 ) ) ;
#1668 = ORIENTED_EDGE ( 'NONE', *, *, #443, .T. ) ;
#1669 = VERTEX_POINT ( 'NONE', #1570 ) ;
#1670 = LINE ( 'NONE', #2315, #287 ) ;
#1671 = ORIENTED_EDGE ( 'NONE', *, *, #726, .F. ) ;
#1672 = CARTESIAN_POINT ( 'NONE',  ( 33.39999999999999858, 1.500000000000000000, 7.000000000000000000 ) ) ;
#1673 = EDGE_CURVE ( 'NONE', #2869, #278, #1096, .T. ) ;
#1674 = LINE ( 'NONE', #2595, #2184 ) ;
#1675 = DIRECTION ( 'NONE',  ( 0.000000000000000000, 1.000000000000000000, 0.000000000000000000 ) ) ;
#1676 = CARTESIAN_POINT ( 'NONE',  ( 33.39999999999999858, 11.00000000000000000, 16.00000000000000000 ) ) ;
#1677 = ORIENTED_EDGE ( 'NONE', *, *, #1912, .F. ) ;
#1678 = PLANE ( 'NONE',  #2058 ) ;
#1679 = DIRECTION ( 'NONE',  ( 0.000000000000000000, 0.000000000000000000, 1.000000000000000000 ) ) ;
#1680 = CARTESIAN_POINT ( 'NONE',  ( 35.69999999999999574, 1.500000000000000000, -22.00000000000000000 ) ) ;
#1681 = VERTEX_POINT ( 'NONE', #136 ) ;
#1682 = ORIENTED_EDGE ( 'NONE', *, *, #1055, .F. ) ;
#1683 = VECTOR ( 'NONE', #603, 1000.000000000000000 ) ;
#1684 = CARTESIAN_POINT ( 'NONE',  ( -40.00000000000000000, 1.500000000000000000, 4.400000000000000355 ) ) ;
#1685 = VECTOR ( 'NONE', #1360, 999.9999999999998863 ) ;
#1686 = EDGE_LOOP ( 'NONE', ( #1010, #2022, #733, #2720 ) ) ;
#1687 = DIRECTION ( 'NONE',  ( 1.000000000000000000, 0.000000000000000000, 0.000000000000000000 ) ) ;
#1688 = DIRECTION ( 'NONE',  ( -1.000000000000000000, 0.000000000000000000, 0.000000000000000000 ) ) ;
#1689 = LINE ( 'NONE', #770, #2702 ) ;
#1690 = EDGE_CURVE ( 'NONE', #2314, #1941, #52, .T. ) ;
#1691 = DIRECTION ( 'NONE',  ( -0.7071067811865451302, 0.000000000000000000, -0.7071067811865499042 ) ) ;
#1692 = LINE ( 'NONE', #1502, #2850 ) ;
#1693 = CIRCLE ( 'NONE', #389, 1.300000000000002487 ) ;
#1694 = FACE_OUTER_BOUND ( 'NONE', #683, .T. ) ;
#1695 = ORIENTED_EDGE ( 'NONE', *, *, #42, .F. ) ;
#1696 = VECTOR ( 'NONE', #548, 1000.000000000000000 ) ;
#1697 = VERTEX_POINT ( 'NONE', #2456 ) ;
#1698 = DIRECTION ( 'NONE',  ( -0.7071067811865588970, 0.000000000000000000, -0.7071067811865360264 ) ) ;
#1699 = AXIS2_PLACEMENT_3D ( 'NONE', #1658, #1927, #2828 ) ;
#1700 = EDGE_CURVE ( 'NONE', #745, #1493, #179, .T. ) ;
#1701 = ORIENTED_EDGE ( 'NONE', *, *, #1974, .T. ) ;
#1702 = DIRECTION ( 'NONE',  ( 0.000000000000000000, 1.000000000000000000, 0.000000000000000000 ) ) ;
#1703 = DIRECTION ( 'NONE',  ( 0.000000000000000000, 0.000000000000000000, 1.000000000000000000 ) ) ;
#1704 = ORIENTED_EDGE ( 'NONE', *, *, #1615, .F. ) ;
#1705 = ADVANCED_FACE ( 'NONE', ( #1306 ), #1125, .F. ) ;
#1706 = DIRECTION ( 'NONE',  ( 0.000000000000000000, 0.000000000000000000, -1.000000000000000000 ) ) ;
#1707 = CARTESIAN_POINT ( 'NONE',  ( 37.00000000000000000, 0.000000000000000000, 22.00000000000000000 ) ) ;
#1708 = DIRECTION ( 'NONE',  ( -1.000000000000000000, 0.000000000000000000, 0.000000000000000000 ) ) ;
#1709 = EDGE_LOOP ( 'NONE', ( #2979, #2484, #640, #1298 ) ) ;
#1710 = EDGE_CURVE ( 'NONE', #2975, #2593, #864, .T. ) ;
#1711 = VERTEX_POINT ( 'NONE', #1751 ) ;
#1712 = DIRECTION ( 'NONE',  ( 1.000000000000000000, 0.000000000000000000, 0.000000000000000000 ) ) ;
#1713 = ORIENTED_EDGE ( 'NONE', *, *, #1989, .F. ) ;
#1714 = ORIENTED_EDGE ( 'NONE', *, *, #1105, .T. ) ;
#1715 = CARTESIAN_POINT ( 'NONE',  ( 38.60000000000000142, 1.500000000000000000, 7.000000000000000000 ) ) ;
#1716 = EDGE_LOOP ( 'NONE', ( #1739, #2957, #2340, #1782 ) ) ;
#1717 = PLANE ( 'NONE',  #1462 ) ;
#1718 = CARTESIAN_POINT ( 'NONE',  ( 33.39999999999999858, 1.500000000000000000, 16.00000000000000000 ) ) ;
#1719 = DIRECTION ( 'NONE',  ( -4.440892098500630106E-16, 0.000000000000000000, -1.000000000000000000 ) ) ;
#1720 = FACE_OUTER_BOUND ( 'NONE', #1926, .T. ) ;
#1721 = ORIENTED_EDGE ( 'NONE', *, *, #2204, .F. ) ;
#1722 = DIRECTION ( 'NONE',  ( -1.000000000000000000, 0.000000000000000000, 0.000000000000000000 ) ) ;
#1723 = VERTEX_POINT ( 'NONE', #391 ) ;
#1724 = EDGE_CURVE ( 'NONE', #2292, #719, #2017, .T. ) ;
#1725 = VERTEX_POINT ( 'NONE', #629 ) ;
#1726 = ORIENTED_EDGE ( 'NONE', *, *, #2435, .F. ) ;
#1727 = CARTESIAN_POINT ( 'NONE',  ( -37.00000000000000000, 1.500000000000000000, -22.00000000000000000 ) ) ;
#1728 = CARTESIAN_POINT ( 'NONE',  ( 38.60000000000000142, 1.500000000000000000, 16.00000000000000000 ) ) ;
#1729 = VECTOR ( 'NONE', #1187, 1000.000000000000000 ) ;
#1730 = CARTESIAN_POINT ( 'NONE',  ( 37.60000000000000142, 1.500000000000000000, 17.00000000000000000 ) ) ;
#1731 = AXIS2_PLACEMENT_3D ( 'NONE', #2211, #2908, #988 ) ;
#1732 = CARTESIAN_POINT ( 'NONE',  ( -30.20000000000000284, 8.500000000000000000, 15.00000000000000000 ) ) ;
#1733 = EDGE_CURVE ( 'NONE', #1431, #2366, #1558, .T. ) ;
#1734 = PLANE ( 'NONE',  #1497 ) ;
#1735 = DIRECTION ( 'NONE',  ( 0.000000000000000000, 1.000000000000000000, 0.000000000000000000 ) ) ;
#1736 = DIRECTION ( 'NONE',  ( 0.000000000000000000, 1.000000000000000000, 0.000000000000000000 ) ) ;
#1737 = VERTEX_POINT ( 'NONE', #406 ) ;
#1738 = AXIS2_PLACEMENT_3D ( 'NONE', #1009, #2841, #2407 ) ;
#1739 = ORIENTED_EDGE ( 'NONE', *, *, #1240, .F. ) ;
#1740 = CARTESIAN_POINT ( 'NONE',  ( 33.39999999999999858, 1.500000000000000000, 4.000000000000000000 ) ) ;
#1741 = VECTOR ( 'NONE', #2686, 1000.000000000000000 ) ;
#1742 = ORIENTED_EDGE ( 'NONE', *, *, #788, .F. ) ;
#1743 = FACE_OUTER_BOUND ( 'NONE', #1013, .T. ) ;
#1744 = ADVANCED_FACE ( 'NONE', ( #2947 ), #880, .T. ) ;
#1745 = FACE_OUTER_BOUND ( 'NONE', #2001, .T. ) ;
#1746 = AXIS2_PLACEMENT_3D ( 'NONE', #1784, #1550, #130 ) ;
#1747 = DIRECTION ( 'NONE',  ( 0.000000000000000000, 1.000000000000000000, 0.000000000000000000 ) ) ;
#1748 = VECTOR ( 'NONE', #2568, 1000.000000000000000 ) ;
#1749 = AXIS2_PLACEMENT_3D ( 'NONE', #969, #735, #716 ) ;
#1750 = LINE ( 'NONE', #836, #284 ) ;
#1751 = CARTESIAN_POINT ( 'NONE',  ( -25.19999999999999929, 1.500000000000000000, 5.000000000000000000 ) ) ;
#1752 = ORIENTED_EDGE ( 'NONE', *, *, #2524, .F. ) ;
#1753 = LINE ( 'NONE', #2676, #137 ) ;
#1754 = LINE ( 'NONE', #2717, #2505 ) ;
#1755 = ORIENTED_EDGE ( 'NONE', *, *, #1395, .T. ) ;
#1756 = CARTESIAN_POINT ( 'NONE',  ( 26.39999999999999858, 1.500000000000000000, 5.000000000000000000 ) ) ;
#1757 = DIRECTION ( 'NONE',  ( 1.000000000000000000, 0.000000000000000000, 0.000000000000000000 ) ) ;
#1758 = FACE_OUTER_BOUND ( 'NONE', #2815, .T. ) ;
#1759 = EDGE_CURVE ( 'NONE', #2063, #1575, #194, .T. ) ;
#1760 = DIRECTION ( 'NONE',  ( 0.000000000000000000, 1.000000000000000000, 0.000000000000000000 ) ) ;
#1761 = CARTESIAN_POINT ( 'NONE',  ( 25.39999999999999858, 11.00000000000000000, -17.00000000000000000 ) ) ;
#1762 = ORIENTED_EDGE ( 'NONE', *, *, #2684, .T. ) ;
#1763 = LINE ( 'NONE', #868, #2642 ) ;
#1764 = DIRECTION ( 'NONE',  ( 0.000000000000000000, -1.000000000000000000, 0.000000000000000000 ) ) ;
#1765 = ADVANCED_FACE ( 'NONE', ( #2033 ), #2963, .T. ) ;
#1766 = EDGE_LOOP ( 'NONE', ( #2862, #454, #1962, #1862 ) ) ;
#1767 = ADVANCED_FACE ( 'NONE', ( #2787 ), #2529, .T. ) ;
#1768 = DIRECTION ( 'NONE',  ( 1.000000000000000000, 0.000000000000000000, 0.000000000000000000 ) ) ;
#1769 = EDGE_LOOP ( 'NONE', ( #1857, #1311, #1206, #2308 ) ) ;
#1770 = DIRECTION ( 'NONE',  ( 1.000000000000000000, 0.000000000000000000, 0.000000000000000000 ) ) ;
#1771 = VECTOR ( 'NONE', #2205, 1000.000000000000000 ) ;
#1772 = VECTOR ( 'NONE', #2075, 1000.000000000000000 ) ;
#1773 = CYLINDRICAL_SURFACE ( 'NONE', #1511, 2.999999999999999112 ) ;
#1774 = CARTESIAN_POINT ( 'NONE',  ( 37.60000000000000142, 1.500000000000000000, -7.000000000000000000 ) ) ;
#1775 = CARTESIAN_POINT ( 'NONE',  ( 40.00000000000000000, 0.000000000000000000, -22.00000000000000000 ) ) ;
#1776 = EDGE_CURVE ( 'NONE', #1592, #1297, #1200, .T. ) ;
#1777 = EDGE_LOOP ( 'NONE', ( #2044, #143, #774, #1414 ) ) ;
#1778 = CARTESIAN_POINT ( 'NONE',  ( 25.39999999999999858, 1.500000000000000000, 3.500000000000000000 ) ) ;
#1779 = FACE_BOUND ( 'NONE', #2493, .T. ) ;
#1780 = VERTEX_POINT ( 'NONE', #461 ) ;
#1781 = VECTOR ( 'NONE', #339, 1000.000000000000000 ) ;
#1782 = ORIENTED_EDGE ( 'NONE', *, *, #1255, .F. ) ;
#1783 = CARTESIAN_POINT ( 'NONE',  ( 30.59999999999999787, 1.500000000000000000, -17.00000000000000000 ) ) ;
#1784 = CARTESIAN_POINT ( 'NONE',  ( 37.00000000000000000, 1.500000000000000000, 22.00000000000000000 ) ) ;
#1785 = VECTOR ( 'NONE', #1276, 1000.000000000000000 ) ;
#1786 = EDGE_CURVE ( 'NONE', #897, #2793, #2073, .T. ) ;
#1787 = VECTOR ( 'NONE', #610, 1000.000000000000000 ) ;
#1788 = DIRECTION ( 'NONE',  ( 0.000000000000000000, 0.000000000000000000, -1.000000000000000000 ) ) ;
#1789 = AXIS2_PLACEMENT_3D ( 'NONE', #1873, #2777, #2823 ) ;
#1790 = PLANE ( 'NONE',  #2161 ) ;
#1791 = CARTESIAN_POINT ( 'NONE',  ( 34.39999999999999858, 1.500000000000000000, 17.00000000000000000 ) ) ;
#1792 = CIRCLE ( 'NONE', #987, 2.999999999999999112 ) ;
#1793 = ORIENTED_EDGE ( 'NONE', *, *, #2352, .F. ) ;
#1794 = EDGE_CURVE ( 'NONE', #1356, #1376, #2093, .T. ) ;
#1795 = LINE ( 'NONE', #2703, #331 ) ;
#1796 = DIRECTION ( 'NONE',  ( 0.000000000000000000, 1.000000000000000000, 0.000000000000000000 ) ) ;
#1797 = AXIS2_PLACEMENT_3D ( 'NONE', #1730, #1470, #1972 ) ;
#1798 = VERTEX_POINT ( 'NONE', #2307 ) ;
#1799 = ADVANCED_FACE ( 'NONE', ( #257 ), #495, .T. ) ;
#1800 = ORIENTED_EDGE ( 'NONE', *, *, #2114, .F. ) ;
#1801 = CARTESIAN_POINT ( 'NONE',  ( -11.59999999999999964, 8.500000000000000000, 24.89999999999999858 ) ) ;
#1802 = CARTESIAN_POINT ( 'NONE',  ( 37.00000000000000000, 1.500000000000000000, 25.00000000000000000 ) ) ;
#1803 = ORIENTED_EDGE ( 'NONE', *, *, #797, .T. ) ;
#1804 = LINE ( 'NONE', #458, #1838 ) ;
#1805 = CARTESIAN_POINT ( 'NONE',  ( -27.69999999999999929, 8.500000000000000000, 10.00000000000000000 ) ) ;
#1806 = PLANE ( 'NONE',  #2509 ) ;
#1807 = VERTEX_POINT ( 'NONE', #477 ) ;
#1808 = ORIENTED_EDGE ( 'NONE', *, *, #2393, .F. ) ;
#1809 = ORIENTED_EDGE ( 'NONE', *, *, #929, .T. ) ;
#1810 = CARTESIAN_POINT ( 'NONE',  ( -10.34999999999999964, 1.500000000000000000, 24.89999999999999858 ) ) ;
#1811 = CARTESIAN_POINT ( 'NONE',  ( 38.60000000000000142, 1.500000000000000000, 16.00000000000000000 ) ) ;
#1812 = EDGE_LOOP ( 'NONE', ( #27, #1383, #720, #1524 ) ) ;
#1813 = ORIENTED_EDGE ( 'NONE', *, *, #2479, .T. ) ;
#1814 = DIRECTION ( 'NONE',  ( 1.000000000000000000, 0.000000000000000000, 0.000000000000000000 ) ) ;
#1815 = EDGE_CURVE ( 'NONE', #2859, #2413, #1188, .T. ) ;
#1816 = ORIENTED_EDGE ( 'NONE', *, *, #2743, .F. ) ;
#1817 = DIRECTION ( 'NONE',  ( 0.000000000000000000, 1.000000000000000000, 0.000000000000000000 ) ) ;
#1818 = PRODUCT_DEFINITION_SHAPE ( 'NONE', 'NONE',  #2214 ) ;
#1819 = AXIS2_PLACEMENT_3D ( 'NONE', #90, #2834, #2376 ) ;
#1820 = DIRECTION ( 'NONE',  ( 0.000000000000000000, 0.000000000000000000, -1.000000000000000000 ) ) ;
#1821 = PLANE ( 'NONE',  #1077 ) ;
#1822 = ORIENTED_EDGE ( 'NONE', *, *, #945, .T. ) ;
#1823 = VECTOR ( 'NONE', #2667, 1000.000000000000000 ) ;
#1824 = ORIENTED_EDGE ( 'NONE', *, *, #2838, .F. ) ;
#1825 = EDGE_CURVE ( 'NONE', #1325, #1202, #1586, .T. ) ;
#1826 = DIRECTION ( 'NONE',  ( 0.7071067811865451302, 0.000000000000000000, 0.7071067811865499042 ) ) ;
#1827 = LINE ( 'NONE', #677, #923 ) ;
#1828 = ORIENTED_EDGE ( 'NONE', *, *, #2654, .T. ) ;
#1829 = ORIENTED_EDGE ( 'NONE', *, *, #1598, .F. ) ;
#1830 = LINE ( 'NONE', #2449, #2262 ) ;
#1831 = ADVANCED_FACE ( 'NONE', ( #1851 ), #1821, .T. ) ;
#1833 = VERTEX_POINT ( 'NONE', #971 ) ;
#1832 = ORIENTED_EDGE ( 'NONE', *, *, #661, .F. ) ;
#1834 = VECTOR ( 'NONE', #276, 1000.000000000000000 ) ;
#1835 = LINE ( 'NONE', #2754, #3 ) ;
#1836 = LINE ( 'NONE', #256, #1967 ) ;
#1837 = DIRECTION ( 'NONE',  ( 0.000000000000000000, 0.000000000000000000, 1.000000000000000000 ) ) ;
#1838 = VECTOR ( 'NONE', #1817, 1000.000000000000000 ) ;
#1839 = EDGE_LOOP ( 'NONE', ( #2240, #2500, #2753, #996 ) ) ;
#1840 = DIRECTION ( 'NONE',  ( 0.7071067811865330288, 0.000000000000000000, 0.7071067811865621167 ) ) ;
#1841 = CARTESIAN_POINT ( 'NONE',  ( -13.00000000000000000, 12.50000000000000000, -16.40000000000000213 ) ) ;
#1842 = ADVANCED_FACE ( 'NONE', ( #432 ), #701, .T. ) ;
#1843 = ORIENTED_EDGE ( 'NONE', *, *, #2679, .F. ) ;
#1844 = ORIENTED_EDGE ( 'NONE', *, *, #2151, .F. ) ;
#1845 = DIRECTION ( 'NONE',  ( 0.7071067811865621167, 0.000000000000000000, -0.7071067811865330288 ) ) ;
#1846 =( GEOMETRIC_REPRESENTATION_CONTEXT ( 3 ) GLOBAL_UNCERTAINTY_ASSIGNED_CONTEXT ( ( #750 ) ) GLOBAL_UNIT_ASSIGNED_CONTEXT ( ( #103, #371, #1302 ) ) REPRESENTATION_CONTEXT ( 'NONE', 'WORKASPACE' ) );
#1847 = ORIENTED_EDGE ( 'NONE', *, *, #1562, .T. ) ;
#1848 = DIRECTION ( 'NONE',  ( 0.000000000000000000, 1.000000000000000000, 0.000000000000000000 ) ) ;
#1849 = CARTESIAN_POINT ( 'NONE',  ( 30.59999999999999787, 11.00000000000000000, 16.00000000000000000 ) ) ;
#1850 = CARTESIAN_POINT ( 'NONE',  ( 33.39999999999999858, 1.500000000000000000, 7.000000000000000000 ) ) ;
#1851 = FACE_OUTER_BOUND ( 'NONE', #1445, .T. ) ;
#1852 = ADVANCED_FACE ( 'NONE', ( #1139, #687, #21, #224, #907, #2742, #1601, #2514, #448, #1375, #2291, #1406, #1152, #1627, #954, #2060 ), #1168, .T. ) ;
#1853 = ORIENTED_EDGE ( 'NONE', *, *, #1275, .T. ) ;
#1854 = DIRECTION ( 'NONE',  ( 0.000000000000000000, 1.000000000000000000, 0.000000000000000000 ) ) ;
#1855 = DIRECTION ( 'NONE',  ( 1.000000000000000000, 0.000000000000000000, 0.000000000000000000 ) ) ;
#1856 = PLANE ( 'NONE',  #2563 ) ;
#1857 = ORIENTED_EDGE ( 'NONE', *, *, #1815, .F. ) ;
#1858 = ADVANCED_FACE ( 'NONE', ( #1614 ), #2076, .T. ) ;
#1859 = VERTEX_POINT ( 'NONE', #1050 ) ;
#1860 = FACE_OUTER_BOUND ( 'NONE', #708, .T. ) ;
#1861 = EDGE_CURVE ( 'NONE', #741, #890, #1689, .T. ) ;
#1862 = ORIENTED_EDGE ( 'NONE', *, *, #1521, .F. ) ;
#1863 = LINE ( 'NONE', #894, #1602 ) ;
#1864 = DIRECTION ( 'NONE',  ( 0.000000000000000000, 1.000000000000000000, 0.000000000000000000 ) ) ;
#1865 = CARTESIAN_POINT ( 'NONE',  ( 38.29999999999999716, 0.000000000000000000, 22.00000000000000000 ) ) ;
#1866 = DIRECTION ( 'NONE',  ( 1.000000000000000000, 0.000000000000000000, 0.000000000000000000 ) ) ;
#1867 = AXIS2_PLACEMENT_3D ( 'NONE', #1252, #2644, #1025 ) ;
#1868 = ORIENTED_EDGE ( 'NONE', *, *, #777, .F. ) ;
#1869 = EDGE_CURVE ( 'NONE', #946, #246, #512, .T. ) ;
#1870 = DIRECTION ( 'NONE',  ( 0.000000000000000000, 0.000000000000000000, 1.000000000000000000 ) ) ;
#1871 = CARTESIAN_POINT ( 'NONE',  ( -39.12132034355963128, 1.500000000000000000, -24.12132034355964905 ) ) ;
#1872 = VECTOR ( 'NONE', #1292, 1000.000000000000000 ) ;
#1873 = CARTESIAN_POINT ( 'NONE',  ( -37.00000000000000000, 1.500000000000000000, -22.00000000000000000 ) ) ;
#1874 = ORIENTED_EDGE ( 'NONE', *, *, #688, .T. ) ;
#1875 = VECTOR ( 'NONE', #1046, 1000.000000000000114 ) ;
#1876 = ORIENTED_EDGE ( 'NONE', *, *, #1418, .T. ) ;
#1877 = CARTESIAN_POINT ( 'NONE',  ( 3.550000000000000266, 8.650000000000000355, 19.90000000000000213 ) ) ;
#1878 = ORIENTED_EDGE ( 'NONE', *, *, #2897, .F. ) ;
#1879 = DIRECTION ( 'NONE',  ( 0.000000000000000000, 1.000000000000000000, 0.000000000000000000 ) ) ;
#1880 = EDGE_CURVE ( 'NONE', #741, #156, #2398, .T. ) ;
#1881 = AXIS2_PLACEMENT_3D ( 'NONE', #1965, #2392, #1910 ) ;
#1882 = LINE ( 'NONE', #255, #641 ) ;
#1883 = DIRECTION ( 'NONE',  ( -0.7071067811865600072, 0.000000000000000000, -0.7071067811865350272 ) ) ;
#1884 = DIRECTION ( 'NONE',  ( 1.000000000000000000, 0.000000000000000000, 0.000000000000000000 ) ) ;
#1885 = ORIENTED_EDGE ( 'NONE', *, *, #2551, .F. ) ;
#1886 = EDGE_LOOP ( 'NONE', ( #2067, #694, #172, #2608 ) ) ;
#1887 = VECTOR ( 'NONE', #1484, 1000.000000000000000 ) ;
#1888 = ORIENTED_EDGE ( 'NONE', *, *, #2295, .F. ) ;
#1889 = ORIENTED_EDGE ( 'NONE', *, *, #1121, .F. ) ;
#1890 = AXIS2_PLACEMENT_3D ( 'NONE', #445, #1639, #18 ) ;
#1891 = CARTESIAN_POINT ( 'NONE',  ( -33.79999999999999716, 1.500000000000000000, 15.00000000000000000 ) ) ;
#1892 = DIRECTION ( 'NONE',  ( 0.7071067811865588970, 0.000000000000000000, 0.7071067811865360264 ) ) ;
#1893 = CARTESIAN_POINT ( 'NONE',  ( -37.00000000000000000, 1.500000000000000000, -22.00000000000000000 ) ) ;
#1894 = ORIENTED_EDGE ( 'NONE', *, *, #1244, .F. ) ;
#1895 = VERTEX_POINT ( 'NONE', #2611 ) ;
#1896 = LINE ( 'NONE', #505, #666 ) ;
#1897 = AXIS2_PLACEMENT_3D ( 'NONE', #977, #502, #63 ) ;
#1898 = ADVANCED_FACE ( 'NONE', ( #289 ), #739, .T. ) ;
#1899 = ORIENTED_EDGE ( 'NONE', *, *, #2532, .F. ) ;
#1900 = DIRECTION ( 'NONE',  ( 0.7071067811865588970, 0.000000000000000000, 0.7071067811865360264 ) ) ;
#1901 = EDGE_CURVE ( 'NONE', #2465, #1136, #318, .T. ) ;
#1902 = DIRECTION ( 'NONE',  ( 0.000000000000000000, 1.000000000000000000, 0.000000000000000000 ) ) ;
#1903 = LINE ( 'NONE', #1453, #1875 ) ;
#1904 = PLANE ( 'NONE',  #2173 ) ;
#1905 = CARTESIAN_POINT ( 'NONE',  ( -33.79999999999999716, 1.500000000000000000, 5.000000000000000000 ) ) ;
#1906 = LINE ( 'NONE', #2377, #1552 ) ;
#1907 = LINE ( 'NONE', #277, #398 ) ;
#1908 = ORIENTED_EDGE ( 'NONE', *, *, #1700, .T. ) ;
#1909 = CARTESIAN_POINT ( 'NONE',  ( -38.29999999999999716, 1.500000000000000000, -22.00000000000000000 ) ) ;
#1910 = DIRECTION ( 'NONE',  ( 1.000000000000000000, 0.000000000000000000, 0.000000000000000000 ) ) ;
#1911 = ORIENTED_EDGE ( 'NONE', *, *, #281, .F. ) ;
#1912 = EDGE_CURVE ( 'NONE', #1489, #382, #87, .T. ) ;
#1913 = FACE_OUTER_BOUND ( 'NONE', #530, .T. ) ;
#1914 = CARTESIAN_POINT ( 'NONE',  ( 38.60000000000000142, 1.500000000000000000, 4.000000000000000000 ) ) ;
#1915 = DIRECTION ( 'NONE',  ( 0.000000000000000000, 1.000000000000000000, 0.000000000000000000 ) ) ;
#1916 = CYLINDRICAL_SURFACE ( 'NONE', #664, 2.999999999999999112 ) ;
#1917 = CARTESIAN_POINT ( 'NONE',  ( 25.39999999999999858, 1.500000000000000000, 16.00000000000000000 ) ) ;
#1918 = PLANE ( 'NONE',  #2912 ) ;
#1919 = CIRCLE ( 'NONE', #659, 1.300000000000002487 ) ;
#1920 = ADVANCED_FACE ( 'NONE', ( #2580 ), #1439, .T. ) ;
#1921 = ORIENTED_EDGE ( 'NONE', *, *, #567, .T. ) ;
#1922 = LINE ( 'NONE', #2840, #421 ) ;
#1923 = AXIS2_PLACEMENT_3D ( 'NONE', #1569, #879, #1066 ) ;
#1924 = SURFACE_SIDE_STYLE ('',( #2826 ) ) ;
#1925 = VECTOR ( 'NONE', #1883, 1000.000000000000000 ) ;
#1926 = EDGE_LOOP ( 'NONE', ( #1954, #212, #793, #2268 ) ) ;
#1927 = DIRECTION ( 'NONE',  ( 0.000000000000000000, -1.000000000000000000, 0.000000000000000000 ) ) ;
#1928 = EDGE_CURVE ( 'NONE', #1697, #2552, #1, .T. ) ;
#1929 = LINE ( 'NONE', #1034, #1517 ) ;
#1930 = DIRECTION ( 'NONE',  ( 0.000000000000000000, 1.000000000000000000, 0.000000000000000000 ) ) ;
#1931 = VECTOR ( 'NONE', #2519, 1000.000000000000000 ) ;
#1932 = CARTESIAN_POINT ( 'NONE',  ( -11.40000000000000036, 1.500000000000000000, -19.50000000000000000 ) ) ;
#1933 = LINE ( 'NONE', #77, #831 ) ;
#1934 = AXIS2_PLACEMENT_3D ( 'NONE', #1791, #2714, #644 ) ;
#1935 = CARTESIAN_POINT ( 'NONE',  ( 13.19999999999999929, 1.500000000000000000, 5.000000000000000000 ) ) ;
#1936 = ORIENTED_EDGE ( 'NONE', *, *, #1317, .T. ) ;
#1937 = VECTOR ( 'NONE', #429, 999.9999999999998863 ) ;
#1938 = DIRECTION ( 'NONE',  ( 0.000000000000000000, 0.000000000000000000, -1.000000000000000000 ) ) ;
#1939 = CARTESIAN_POINT ( 'NONE',  ( 15.04999999999999893, 1.500000000000000000, 5.650000000000149569 ) ) ;
#1940 = VECTOR ( 'NONE', #2878, 1000.000000000000000 ) ;
#1941 = VERTEX_POINT ( 'NONE', #2185 ) ;
#1942 = ORIENTED_EDGE ( 'NONE', *, *, #68, .T. ) ;
#1943 = CARTESIAN_POINT ( 'NONE',  ( -37.00000000000000000, 1.500000000000000000, -22.00000000000000000 ) ) ;
#1944 = DIRECTION ( 'NONE',  ( 0.000000000000000000, -1.000000000000000000, 0.000000000000000000 ) ) ;
#1945 = CARTESIAN_POINT ( 'NONE',  ( -37.00000000000000000, 0.000000000000000000, -22.00000000000000000 ) ) ;
#1946 = CARTESIAN_POINT ( 'NONE',  ( 25.39999999999999858, 11.00000000000000000, 4.000000000000000000 ) ) ;
#1947 = EDGE_CURVE ( 'NONE', #2421, #462, #799, .T. ) ;
#1948 = CARTESIAN_POINT ( 'NONE',  ( -38.80000000000000426, 1.500000000000000000, 15.00000000000000000 ) ) ;
#1949 = ORIENTED_EDGE ( 'NONE', *, *, #862, .F. ) ;
#1950 = EDGE_LOOP ( 'NONE', ( #962, #478, #909, #2572, #2675, #2127 ) ) ;
#1951 = CARTESIAN_POINT ( 'NONE',  ( -40.00000000000000000, 12.50000000000000000, -16.40000000000000213 ) ) ;
#1952 = ORIENTED_EDGE ( 'NONE', *, *, #1080, .F. ) ;
#1953 = ORIENTED_EDGE ( 'NONE', *, *, #73, .T. ) ;
#1954 = ORIENTED_EDGE ( 'NONE', *, *, #476, .F. ) ;
#1955 = DIRECTION ( 'NONE',  ( -1.000000000000000000, 0.000000000000000000, 0.000000000000000000 ) ) ;
#1956 = CARTESIAN_POINT ( 'NONE',  ( 30.59999999999999787, 1.500000000000000000, -5.000000000000000000 ) ) ;
#1957 = DIRECTION ( 'NONE',  ( 1.000000000000000000, 0.000000000000000000, 0.000000000000000000 ) ) ;
#1958 = CARTESIAN_POINT ( 'NONE',  ( 38.60000000000000142, 1.500000000000000000, -4.000000000000000000 ) ) ;
#1959 = DIRECTION ( 'NONE',  ( -1.000000000000000000, 0.000000000000000000, 0.000000000000000000 ) ) ;
#1960 = LINE ( 'NONE', #309, #1403 ) ;
#1961 = CARTESIAN_POINT ( 'NONE',  ( -10.34999999999999964, 1.500000000000000000, 9.950000000000001066 ) ) ;
#1962 = ORIENTED_EDGE ( 'NONE', *, *, #1710, .F. ) ;
#1963 = EDGE_CURVE ( 'NONE', #382, #2517, #1216, .T. ) ;
#1964 = DIRECTION ( 'NONE',  ( 0.000000000000000000, 0.000000000000000000, 1.000000000000000000 ) ) ;
#1965 = CARTESIAN_POINT ( 'NONE',  ( -30.20000000000000284, 1.500000000000000000, 15.00000000000000000 ) ) ;
#1966 = VECTOR ( 'NONE', #1098, 1000.000000000000000 ) ;
#1967 = VECTOR ( 'NONE', #1626, 1000.000000000000000 ) ;
#1968 = ORIENTED_EDGE ( 'NONE', *, *, #1217, .T. ) ;
#1969 = CARTESIAN_POINT ( 'NONE',  ( 29.60000000000000142, 1.500000000000000000, 17.00000000000000000 ) ) ;
#1970 = LINE ( 'NONE', #1300, #2028 ) ;
#1971 = VECTOR ( 'NONE', #1609, 1000.000000000000000 ) ;
#1972 = DIRECTION ( 'NONE',  ( 0.000000000000000000, -1.000000000000000000, 0.000000000000000000 ) ) ;
#1973 = CARTESIAN_POINT ( 'NONE',  ( 30.59999999999999787, 1.500000000000000000, 4.000000000000000000 ) ) ;
#1974 = EDGE_CURVE ( 'NONE', #882, #600, #104, .T. ) ;
#1975 = DIRECTION ( 'NONE',  ( 0.000000000000000000, 1.000000000000000000, 0.000000000000000000 ) ) ;
#1976 = CARTESIAN_POINT ( 'NONE',  ( 26.39999999999999858, 1.500000000000000000, 5.000000000000000000 ) ) ;
#1977 = VERTEX_POINT ( 'NONE', #2126 ) ;
#1978 = AXIS2_PLACEMENT_3D ( 'NONE', #1651, #2534, #943 ) ;
#1979 = DIRECTION ( 'NONE',  ( 0.000000000000000000, -1.000000000000000000, 0.000000000000000000 ) ) ;
#1980 = DIRECTION ( 'NONE',  ( -1.000000000000000000, 0.000000000000000000, 0.000000000000000000 ) ) ;
#1981 = AXIS2_PLACEMENT_3D ( 'NONE', #2615, #2401, #2881 ) ;
#1982 = ORIENTED_EDGE ( 'NONE', *, *, #865, .T. ) ;
#1983 = DIRECTION ( 'NONE',  ( 0.000000000000000000, 1.000000000000000000, 0.000000000000000000 ) ) ;
#1984 = VECTOR ( 'NONE', #302, 1000.000000000000000 ) ;
#1985 = DIRECTION ( 'NONE',  ( 0.000000000000000000, -1.000000000000000000, 0.000000000000000000 ) ) ;
#1986 = ADVANCED_FACE ( 'NONE', ( #2597 ), #1471, .T. ) ;
#1987 = DIRECTION ( 'NONE',  ( 0.7071067811865451302, 0.000000000000000000, 0.7071067811865499042 ) ) ;
#1988 = ADVANCED_FACE ( 'NONE', ( #2385 ), #1717, .T. ) ;
#1989 = EDGE_CURVE ( 'NONE', #2413, #70, #345, .T. ) ;
#1990 = CARTESIAN_POINT ( 'NONE',  ( -40.00000000000000000, 1.500000000000000000, 22.00000000000000000 ) ) ;
#1991 = DIRECTION ( 'NONE',  ( 0.000000000000000000, 1.000000000000000000, 0.000000000000000000 ) ) ;
#1992 = ORIENTED_EDGE ( 'NONE', *, *, #563, .T. ) ;
#1993 = ADVANCED_FACE ( 'NONE', ( #59 ), #1904, .T. ) ;
#1994 = DIRECTION ( 'NONE',  ( 0.000000000000000000, 1.000000000000000000, 0.000000000000000000 ) ) ;
#1995 = CARTESIAN_POINT ( 'NONE',  ( -13.00000000000000000, 12.50000000000000000, 4.400000000000000355 ) ) ;
#1996 = ORIENTED_EDGE ( 'NONE', *, *, #2430, .F. ) ;
#1997 = ORIENTED_EDGE ( 'NONE', *, *, #1578, .F. ) ;
#1998 = DIRECTION ( 'NONE',  ( 0.7071067811865451302, 0.000000000000000000, -0.7071067811865499042 ) ) ;
#1999 = CARTESIAN_POINT ( 'NONE',  ( -33.79999999999999716, 1.500000000000000000, 15.00000000000000000 ) ) ;
#2000 = EDGE_CURVE ( 'NONE', #2843, #1638, #1231, .T. ) ;
#2001 = EDGE_LOOP ( 'NONE', ( #1522, #1996, #646, #362 ) ) ;
#2002 = LINE ( 'NONE', #2927, #1226 ) ;
#2003 = CARTESIAN_POINT ( 'NONE',  ( 29.60000000000000142, 1.500000000000000000, 5.000000000000000000 ) ) ;
#2004 = DIRECTION ( 'NONE',  ( 6.938893903907230350E-16, 0.000000000000000000, 1.000000000000000000 ) ) ;
#2005 = EDGE_LOOP ( 'NONE', ( #1246, #46, #580, #913 ) ) ;
#2006 = FACE_OUTER_BOUND ( 'NONE', #631, .T. ) ;
#2007 = FACE_OUTER_BOUND ( 'NONE', #1023, .T. ) ;
#2008 = ADVANCED_FACE ( 'NONE', ( #403 ), #2216, .T. ) ;
#2009 = VERTEX_POINT ( 'NONE', #2895 ) ;
#2010 = CARTESIAN_POINT ( 'NONE',  ( -23.59999999999999787, 8.500000000000000000, 24.89999999999999858 ) ) ;
#2011 = CARTESIAN_POINT ( 'NONE',  ( -40.00000000000000000, 5.500000000000000000, 2.899999999999999911 ) ) ;
#2012 = EDGE_LOOP ( 'NONE', ( #522, #2098, #2618, #564, #2296, #1018 ) ) ;
#2013 = DIRECTION ( 'NONE',  ( 1.000000000000000000, 0.000000000000000000, -6.938893903907230350E-16 ) ) ;
#2014 = EDGE_CURVE ( 'NONE', #560, #1737, #1329, .T. ) ;
#2015 = CIRCLE ( 'NONE', #769, 2.999999999999999112 ) ;
#2016 = LINE ( 'NONE', #2201, #1537 ) ;
#2017 = LINE ( 'NONE', #2236, #2128 ) ;
#2018 = EDGE_CURVE ( 'NONE', #1347, #1380, #1078, .T. ) ;
#2019 = VERTEX_POINT ( 'NONE', #148 ) ;
#2020 = CARTESIAN_POINT ( 'NONE',  ( 37.00000000000000000, 0.000000000000000000, 22.00000000000000000 ) ) ;
#2021 = DIRECTION ( 'NONE',  ( -1.000000000000000000, 0.000000000000000000, 0.000000000000000000 ) ) ;
#2022 = ORIENTED_EDGE ( 'NONE', *, *, #2365, .T. ) ;
#2023 = MECHANICAL_DESIGN_GEOMETRIC_PRESENTATION_REPRESENTATION (  '', ( #2845 ), #1266 ) ;
#2024 = VERTEX_POINT ( 'NONE', #1732 ) ;
#2025 = PLANE ( 'NONE',  #2788 ) ;
#2026 = DIRECTION ( 'NONE',  ( -1.000000000000000000, 0.000000000000000000, 0.000000000000000000 ) ) ;
#2027 = AXIS2_PLACEMENT_3D ( 'NONE', #896, #2339, #1866 ) ;
#2028 = VECTOR ( 'NONE', #2876, 1000.000000000000000 ) ;
#2029 = EDGE_LOOP ( 'NONE', ( #702, #204, #2692, #2668 ) ) ;
#2030 = CARTESIAN_POINT ( 'NONE',  ( -14.00000000000000000, 11.00000000000000000, -14.90000000000000036 ) ) ;
#2031 = VECTOR ( 'NONE', #623, 1000.000000000000000 ) ;
#2032 = DIRECTION ( 'NONE',  ( 0.000000000000000000, 1.000000000000000000, 0.000000000000000000 ) ) ;
#2033 = FACE_OUTER_BOUND ( 'NONE', #296, .T. ) ;
#2034 = VERTEX_POINT ( 'NONE', #2683 ) ;
#2035 = AXIS2_PLACEMENT_3D ( 'NONE', #336, #1263, #2174 ) ;
#2036 = ORIENTED_EDGE ( 'NONE', *, *, #2935, .T. ) ;
#2037 = ADVANCED_FACE ( 'NONE', ( #587 ), #849, .T. ) ;
#2038 = CARTESIAN_POINT ( 'NONE',  ( -25.19999999999999929, 1.500000000000000000, 15.00000000000000000 ) ) ;
#2039 = CARTESIAN_POINT ( 'NONE',  ( 25.39999999999999858, 11.00000000000000000, 16.00000000000000000 ) ) ;
#2040 = ORIENTED_EDGE ( 'NONE', *, *, #1150, .F. ) ;
#2041 = ORIENTED_EDGE ( 'NONE', *, *, #1963, .F. ) ;
#2042 = FACE_OUTER_BOUND ( 'NONE', #2229, .T. ) ;
#2043 = LINE ( 'NONE', #517, #1230 ) ;
#2044 = ORIENTED_EDGE ( 'NONE', *, *, #319, .F. ) ;
#2045 = CARTESIAN_POINT ( 'NONE',  ( -14.00000000000000000, 11.00000000000000000, -14.90000000000000036 ) ) ;
#2046 = EDGE_CURVE ( 'NONE', #2623, #918, #2711, .T. ) ;
#2047 = DIRECTION ( 'NONE',  ( 0.000000000000000000, -1.000000000000000000, 0.000000000000000000 ) ) ;
#2048 = DIRECTION ( 'NONE',  ( -5.412337245047640107E-16, 0.000000000000000000, -1.000000000000000000 ) ) ;
#2049 = ORIENTED_EDGE ( 'NONE', *, *, #131, .T. ) ;
#2050 = CARTESIAN_POINT ( 'NONE',  ( -13.00000000000000000, 1.500000000000000000, -16.40000000000000213 ) ) ;
#2051 = DIRECTION ( 'NONE',  ( 1.000000000000000000, 0.000000000000000000, 0.000000000000000000 ) ) ;
#2052 = EDGE_CURVE ( 'NONE', #1941, #1455, #177, .T. ) ;
#2053 = ORIENTED_EDGE ( 'NONE', *, *, #2935, .F. ) ;
#2054 = ORIENTED_EDGE ( 'NONE', *, *, #449, .F. ) ;
#2055 = CARTESIAN_POINT ( 'NONE',  ( 36.00000000000000000, 11.00000000000000000, -6.661338147750940031E-15 ) ) ;
#2056 = ORIENTED_EDGE ( 'NONE', *, *, #2671, .F. ) ;
#2057 = DIRECTION ( 'NONE',  ( 0.7071067811865600072, 0.000000000000000000, 0.7071067811865350272 ) ) ;
#2058 = AXIS2_PLACEMENT_3D ( 'NONE', #1891, #321, #571 ) ;
#2059 = LINE ( 'NONE', #475, #1729 ) ;
#2060 = FACE_OUTER_BOUND ( 'NONE', #1427, .T. ) ;
#2061 = ORIENTED_EDGE ( 'NONE', *, *, #624, .T. ) ;
#2062 = AXIS2_PLACEMENT_3D ( 'NONE', #288, #1299, #970 ) ;
#2063 = VERTEX_POINT ( 'NONE', #833 ) ;
#2064 = DIRECTION ( 'NONE',  ( 6.938893903907230350E-16, 0.000000000000000000, 1.000000000000000000 ) ) ;
#2065 = CARTESIAN_POINT ( 'NONE',  ( 30.59999999999999787, 11.00000000000000000, -5.000000000000000000 ) ) ;
#2066 = ORIENTED_EDGE ( 'NONE', *, *, #788, .T. ) ;
#2067 = ORIENTED_EDGE ( 'NONE', *, *, #1786, .F. ) ;
#2068 = DIRECTION ( 'NONE',  ( -0.000000000000000000, 1.000000000000000000, 0.000000000000000000 ) ) ;
#2069 = EDGE_LOOP ( 'NONE', ( #822, #1177 ) ) ;
#2070 = ADVANCED_FACE ( 'NONE', ( #642 ), #1527, .T. ) ;
#2071 = VECTOR ( 'NONE', #1433, 1000.000000000000000 ) ;
#2072 = LINE ( 'NONE', #935, #588 ) ;
#2073 = CIRCLE ( 'NONE', #1270, 1.300000000000002487 ) ;
#2074 = CARTESIAN_POINT ( 'NONE',  ( 27.05000000000000071, 1.500000000000000000, -14.34999999999999964 ) ) ;
#2075 = DIRECTION ( 'NONE',  ( 1.000000000000000000, 0.000000000000000000, 0.000000000000000000 ) ) ;
#2076 = PLANE ( 'NONE',  #301 ) ;
#2077 = VECTOR ( 'NONE', #2277, 1000.000000000000000 ) ;
#2078 = ORIENTED_EDGE ( 'NONE', *, *, #817, .T. ) ;
#2079 = EDGE_CURVE ( 'NONE', #2155, #741, #2200, .T. ) ;
#2080 = ORIENTED_EDGE ( 'NONE', *, *, #168, .F. ) ;
#2081 = LINE ( 'NONE', #942, #569 ) ;
#2082 = DIRECTION ( 'NONE',  ( 0.000000000000000000, 1.000000000000000000, 0.000000000000000000 ) ) ;
#2083 = VECTOR ( 'NONE', #1192, 1000.000000000000000 ) ;
#2084 = EDGE_CURVE ( 'NONE', #1636, #1103, #2454, .T. ) ;
#2085 = ORIENTED_EDGE ( 'NONE', *, *, #2223, .T. ) ;
#2086 = ORIENTED_EDGE ( 'NONE', *, *, #2090, .F. ) ;
#2087 = CARTESIAN_POINT ( 'NONE',  ( 33.39999999999999858, 11.00000000000000000, 16.00000000000000000 ) ) ;
#2088 = ORIENTED_EDGE ( 'NONE', *, *, #2326, .F. ) ;
#2089 = LINE ( 'NONE', #1624, #1465 ) ;
#2090 = EDGE_CURVE ( 'NONE', #856, #2869, #2002, .T. ) ;
#2091 = DIRECTION ( 'NONE',  ( 0.000000000000000000, -1.000000000000000000, 0.000000000000000000 ) ) ;
#2092 = CARTESIAN_POINT ( 'NONE',  ( -6.500000000000000000, 1.500000000000000000, -16.40000000000000213 ) ) ;
#2093 = LINE ( 'NONE', #658, #1123 ) ;
#2094 = ORIENTED_EDGE ( 'NONE', *, *, #2223, .F. ) ;
#2095 = DIRECTION ( 'NONE',  ( 0.000000000000000000, 1.000000000000000000, 0.000000000000000000 ) ) ;
#2096 = CARTESIAN_POINT ( 'NONE',  ( 3.550000000000000266, 1.500000000000000000, 19.90000000000000213 ) ) ;
#2097 = LINE ( 'NONE', #26, #259 ) ;
#2098 = ORIENTED_EDGE ( 'NONE', *, *, #1543, .T. ) ;
#2099 = ORIENTED_EDGE ( 'NONE', *, *, #1385, .T. ) ;
#2100 = CARTESIAN_POINT ( 'NONE',  ( 29.60000000000000142, 1.500000000000000000, -7.000000000000000000 ) ) ;
#2101 = ADVANCED_FACE ( 'NONE', ( #877 ), #1773, .T. ) ;
#2102 = VERTEX_POINT ( 'NONE', #2470 ) ;
#2103 = LINE ( 'NONE', #541, #2468 ) ;
#2104 = CARTESIAN_POINT ( 'NONE',  ( 30.59999999999999787, 1.500000000000000000, 7.000000000000000000 ) ) ;
#2105 = FACE_OUTER_BOUND ( 'NONE', #2005, .T. ) ;
#2106 = DIRECTION ( 'NONE',  ( -1.000000000000000000, 0.000000000000000000, 6.938893903907230350E-16 ) ) ;
#2107 = EDGE_CURVE ( 'NONE', #809, #680, #387, .T. ) ;
#2108 = VECTOR ( 'NONE', #606, 1000.000000000000000 ) ;
#2109 = VERTEX_POINT ( 'NONE', #358 ) ;
#2110 = PRODUCT ( 'PDB board', 'PDB board', '', ( #782 ) ) ;
#2111 = ORIENTED_EDGE ( 'NONE', *, *, #2981, .F. ) ;
#2112 = CARTESIAN_POINT ( 'NONE',  ( 33.39999999999999858, 11.00000000000000000, -5.000000000000000000 ) ) ;
#2113 = DIRECTION ( 'NONE',  ( 0.000000000000000000, 0.000000000000000000, 1.000000000000000000 ) ) ;
#2114 = EDGE_CURVE ( 'NONE', #2582, #1636, #191, .T. ) ;
#2115 = VECTOR ( 'NONE', #431, 1000.000000000000000 ) ;
#2116 = DIRECTION ( 'NONE',  ( 0.000000000000000000, -1.000000000000000000, 0.000000000000000000 ) ) ;
#2117 = ORIENTED_EDGE ( 'NONE', *, *, #2972, .T. ) ;
#2118 = AXIS2_PLACEMENT_3D ( 'NONE', #205, #2707, #173 ) ;
#2119 = ORIENTED_EDGE ( 'NONE', *, *, #1172, .F. ) ;
#2120 = LINE ( 'NONE', #49, #1971 ) ;
#2121 = ORIENTED_EDGE ( 'NONE', *, *, #862, .T. ) ;
#2122 = DIRECTION ( 'NONE',  ( -1.000000000000000000, 0.000000000000000000, 6.938893903907230350E-16 ) ) ;
#2123 = AXIS2_PLACEMENT_3D ( 'NONE', #1811, #2934, #396 ) ;
#2124 = DIRECTION ( 'NONE',  ( 1.000000000000000000, 0.000000000000000000, 0.000000000000000000 ) ) ;
#2125 = CARTESIAN_POINT ( 'NONE',  ( -10.34999999999999964, 1.500000000000000000, 19.90000000000000213 ) ) ;
#2126 = CARTESIAN_POINT ( 'NONE',  ( -33.79999999999999716, 8.500000000000000000, 5.000000000000000000 ) ) ;
#2127 = ORIENTED_EDGE ( 'NONE', *, *, #1815, .T. ) ;
#2128 = VECTOR ( 'NONE', #2698, 1000.000000000000000 ) ;
#2129 = VECTOR ( 'NONE', #846, 1000.000000000000000 ) ;
#2130 = DIRECTION ( 'NONE',  ( 0.000000000000000000, 1.000000000000000000, 0.000000000000000000 ) ) ;
#2131 = CARTESIAN_POINT ( 'NONE',  ( -30.20000000000000284, 1.500000000000000000, 2.500000000000000000 ) ) ;
#2132 = CARTESIAN_POINT ( 'NONE',  ( 37.00000000000000000, 1.500000000000000000, -25.00000000000000000 ) ) ;
#2133 = AXIS2_PLACEMENT_3D ( 'NONE', #1667, #2792, #725 ) ;
#2134 = EDGE_LOOP ( 'NONE', ( #2536, #260, #2086, #1878 ) ) ;
#2135 = ADVANCED_FACE ( 'NONE', ( #1758 ), #133, .T. ) ;
#2136 = ORIENTED_EDGE ( 'NONE', *, *, #453, .F. ) ;
#2137 = CARTESIAN_POINT ( 'NONE',  ( 0.5999999999999999778, 1.500000000000000000, -19.50000000000000000 ) ) ;
#2138 = VECTOR ( 'NONE', #2349, 1000.000000000000000 ) ;
#2139 = VERTEX_POINT ( 'NONE', #1342 ) ;
#2140 = CARTESIAN_POINT ( 'NONE',  ( 38.60000000000000142, 11.00000000000000000, 7.000000000000000000 ) ) ;
#2141 = LINE ( 'NONE', #2322, #2670 ) ;
#2142 = CARTESIAN_POINT ( 'NONE',  ( 37.60000000000000142, 11.00000000000000000, 17.00000000000000000 ) ) ;
#2143 = ADVANCED_FACE ( 'NONE', ( #626 ), #2440, .T. ) ;
#2144 = LINE ( 'NONE', #1932, #1446 ) ;
#2145 = DIRECTION ( 'NONE',  ( 0.000000000000000000, 0.000000000000000000, 1.000000000000000000 ) ) ;
#2146 = DIRECTION ( 'NONE',  ( 1.000000000000000000, 0.000000000000000000, 0.000000000000000000 ) ) ;
#2147 = ADVANCED_BREP_SHAPE_REPRESENTATION ( 'PDB board', ( #1162, #501 ), #1846 ) ;
#2148 = VERTEX_POINT ( 'NONE', #1122 ) ;
#2149 = PLANE ( 'NONE',  #815 ) ;
#2150 = LINE ( 'NONE', #1026, #2368 ) ;
#2151 = EDGE_CURVE ( 'NONE', #355, #1136, #698, .T. ) ;
#2152 = ORIENTED_EDGE ( 'NONE', *, *, #669, .F. ) ;
#2153 = CARTESIAN_POINT ( 'NONE',  ( 34.39999999999999858, 1.500000000000000000, 5.000000000000000000 ) ) ;
#2154 = DIRECTION ( 'NONE',  ( 0.000000000000000000, 0.000000000000000000, 1.000000000000000000 ) ) ;
#2155 = VERTEX_POINT ( 'NONE', #2559 ) ;
#2156 = FACE_OUTER_BOUND ( 'NONE', #112, .T. ) ;
#2157 = LINE ( 'NONE', #787, #2799 ) ;
#2158 = LINE ( 'NONE', #78, #114 ) ;
#2159 = ORIENTED_EDGE ( 'NONE', *, *, #2399, .T. ) ;
#2160 = FACE_OUTER_BOUND ( 'NONE', #2722, .T. ) ;
#2161 = AXIS2_PLACEMENT_3D ( 'NONE', #2929, #2217, #863 ) ;
#2162 = CARTESIAN_POINT ( 'NONE',  ( 38.60000000000000142, 11.00000000000000000, -5.000000000000000000 ) ) ;
#2163 = ORIENTED_EDGE ( 'NONE', *, *, #1003, .F. ) ;
#2164 = VECTOR ( 'NONE', #272, 1000.000000000000000 ) ;
#2165 = VERTEX_POINT ( 'NONE', #2030 ) ;
#2166 = CARTESIAN_POINT ( 'NONE',  ( 37.00000000000000000, 0.000000000000000000, -22.00000000000000000 ) ) ;
#2167 = ADVANCED_FACE ( 'NONE', ( #1612 ), #5, .T. ) ;
#2168 = CYLINDRICAL_SURFACE ( 'NONE', #2571, 1.300000000000002487 ) ;
#2169 = CARTESIAN_POINT ( 'NONE',  ( 38.60000000000000142, 1.500000000000000000, 8.000000000000000000 ) ) ;
#2170 = VECTOR ( 'NONE', #1698, 1000.000000000000114 ) ;
#2171 = PLANE ( 'NONE',  #2355 ) ;
#2172 = CARTESIAN_POINT ( 'NONE',  ( 26.39999999999999858, 11.00000000000000000, 5.000000000000000000 ) ) ;
#2173 = AXIS2_PLACEMENT_3D ( 'NONE', #528, #2832, #1454 ) ;
#2174 = DIRECTION ( 'NONE',  ( 0.000000000000000000, 0.000000000000000000, 1.000000000000000000 ) ) ;
#2175 = EDGE_CURVE ( 'NONE', #1389, #2789, #1863, .T. ) ;
#2176 = EDGE_LOOP ( 'NONE', ( #2873, #2313, #917, #2538 ) ) ;
#2177 = AXIS2_PLACEMENT_3D ( 'NONE', #1102, #146, #402 ) ;
#2178 = ORIENTED_EDGE ( 'NONE', *, *, #2678, .T. ) ;
#2179 = PLANE ( 'NONE',  #1505 ) ;
#2180 = EDGE_CURVE ( 'NONE', #248, #1489, #1804, .T. ) ;
#2181 = EDGE_LOOP ( 'NONE', ( #274, #368, #320, #2827 ) ) ;
#2182 = PLANE ( 'NONE',  #2062 ) ;
#2183 = CARTESIAN_POINT ( 'NONE',  ( 30.59999999999999787, 1.500000000000000000, -8.000000000000000000 ) ) ;
#2184 = VECTOR ( 'NONE', #1957, 1000.000000000000000 ) ;
#2185 = CARTESIAN_POINT ( 'NONE',  ( -39.12132034355963128, 0.000000000000000000, -24.12132034355964905 ) ) ;
#2186 = EDGE_CURVE ( 'NONE', #562, #2288, #472, .T. ) ;
#2187 = LINE ( 'NONE', #556, #2598 ) ;
#2188 = DIRECTION ( 'NONE',  ( -1.000000000000000000, 0.000000000000000000, 0.000000000000000000 ) ) ;
#2189 = DIRECTION ( 'NONE',  ( 0.000000000000000000, 0.000000000000000000, -1.000000000000000000 ) ) ;
#2190 = ORIENTED_EDGE ( 'NONE', *, *, #2743, .T. ) ;
#2191 = ORIENTED_EDGE ( 'NONE', *, *, #1912, .T. ) ;
#2192 = LINE ( 'NONE', #807, #1024 ) ;
#2193 = EDGE_LOOP ( 'NONE', ( #932, #15, #2605, #2564 ) ) ;
#2194 = EDGE_CURVE ( 'NONE', #1807, #2687, #1149, .T. ) ;
#2195 = ORIENTED_EDGE ( 'NONE', *, *, #1947, .F. ) ;
#2196 = PLANE ( 'NONE',  #1731 ) ;
#2197 = ORIENTED_EDGE ( 'NONE', *, *, #777, .T. ) ;
#2198 = DIRECTION ( 'NONE',  ( 0.000000000000000000, 0.000000000000000000, 1.000000000000000000 ) ) ;
#2199 = DIRECTION ( 'NONE',  ( 0.000000000000000000, -1.000000000000000000, 0.000000000000000000 ) ) ;
#2200 = LINE ( 'NONE', #1304, #2955 ) ;
#2201 = CARTESIAN_POINT ( 'NONE',  ( 0.5999999999999999778, 8.500000000000000000, -19.50000000000000000 ) ) ;
#2202 = DIRECTION ( 'NONE',  ( 0.000000000000000000, 0.000000000000000000, -1.000000000000000000 ) ) ;
#2203 = ORIENTED_EDGE ( 'NONE', *, *, #2712, .T. ) ;
#2204 = EDGE_CURVE ( 'NONE', #645, #2139, #2301, .T. ) ;
#2205 = DIRECTION ( 'NONE',  ( 0.000000000000000000, 1.000000000000000000, 0.000000000000000000 ) ) ;
#2206 =( NAMED_UNIT ( * ) SI_UNIT ( $, .STERADIAN. ) SOLID_ANGLE_UNIT ( ) );
#2207 = ORIENTED_EDGE ( 'NONE', *, *, #2817, .T. ) ;
#2208 = ORIENTED_EDGE ( 'NONE', *, *, #1341, .T. ) ;
#2209 = VECTOR ( 'NONE', #957, 1000.000000000000000 ) ;
#2210 = EDGE_LOOP ( 'NONE', ( #2197, #428, #1352, #1307, #2208, #324 ) ) ;
#2211 = CARTESIAN_POINT ( 'NONE',  ( -11.59999999999999964, 1.500000000000000000, 19.90000000000000213 ) ) ;
#2212 = DIRECTION ( 'NONE',  ( -0.000000000000000000, 1.000000000000000000, 0.000000000000000000 ) ) ;
#2213 = VECTOR ( 'NONE', #609, 1000.000000000000000 ) ;
#2214 = PRODUCT_DEFINITION ( 'UNKNOWN', '', #1282, #2591 ) ;
#2215 = DIRECTION ( 'NONE',  ( 0.000000000000000000, 0.000000000000000000, 1.000000000000000000 ) ) ;
#2216 = PLANE ( 'NONE',  #344 ) ;
#2217 = DIRECTION ( 'NONE',  ( 1.000000000000000000, 0.000000000000000000, 0.000000000000000000 ) ) ;
#2218 = FACE_OUTER_BOUND ( 'NONE', #1461, .T. ) ;
#2219 = ORIENTED_EDGE ( 'NONE', *, *, #332, .T. ) ;
#2220 = VECTOR ( 'NONE', #911, 1000.000000000000000 ) ;
#2221 = DIRECTION ( 'NONE',  ( 0.000000000000000000, 0.000000000000000000, -1.000000000000000000 ) ) ;
#2222 = CARTESIAN_POINT ( 'NONE',  ( 21.05000000000000071, 1.500000000000000000, -12.34999999999999964 ) ) ;
#2223 = EDGE_CURVE ( 'NONE', #2665, #94, #2089, .T. ) ;
#2224 = VECTOR ( 'NONE', #2106, 1000.000000000000000 ) ;
#2225 = ORIENTED_EDGE ( 'NONE', *, *, #1543, .F. ) ;
#2226 = ORIENTED_EDGE ( 'NONE', *, *, #1947, .T. ) ;
#2227 = FACE_OUTER_BOUND ( 'NONE', #1008, .T. ) ;
#2228 = VECTOR ( 'NONE', #2576, 1000.000000000000000 ) ;
#2229 = EDGE_LOOP ( 'NONE', ( #2839, #2729, #1701, #2361 ) ) ;
#2230 = CARTESIAN_POINT ( 'NONE',  ( -14.00000000000000000, 11.00000000000000000, 2.899999999999999911 ) ) ;
#2231 = AXIS2_PLACEMENT_3D ( 'NONE', #638, #2212, #1770 ) ;
#2232 = DIRECTION ( 'NONE',  ( 0.000000000000000000, 1.000000000000000000, 0.000000000000000000 ) ) ;
#2233 = AXIS2_PLACEMENT_3D ( 'NONE', #574, #1250, #1708 ) ;
#2234 = EDGE_CURVE ( 'NONE', #70, #2665, #670, .T. ) ;
#2235 = CARTESIAN_POINT ( 'NONE',  ( 25.39999999999999858, 1.500000000000000000, -5.000000000000000000 ) ) ;
#2236 = CARTESIAN_POINT ( 'NONE',  ( 37.60000000000000142, 1.500000000000000000, -7.000000000000000000 ) ) ;
#2237 = EDGE_LOOP ( 'NONE', ( #282, #2298, #1068, #810 ) ) ;
#2238 = DIRECTION ( 'NONE',  ( 0.000000000000000000, 0.000000000000000000, 1.000000000000000000 ) ) ;
#2239 = PLANE ( 'NONE',  #2123 ) ;
#2240 = ORIENTED_EDGE ( 'NONE', *, *, #2079, .F. ) ;
#2241 = EDGE_LOOP ( 'NONE', ( #608, #161, #2436, #2535 ) ) ;
#2242 = CARTESIAN_POINT ( 'NONE',  ( -37.00000000000000000, 1.500000000000000000, -25.00000000000000000 ) ) ;
#2243 = EDGE_CURVE ( 'NONE', #285, #1103, #1384, .T. ) ;
#2244 = FACE_OUTER_BOUND ( 'NONE', #2619, .T. ) ;
#2245 = ORIENTED_EDGE ( 'NONE', *, *, #476, .T. ) ;
#2246 = EDGE_CURVE ( 'NONE', #491, #484, #221, .T. ) ;
#2247 = CARTESIAN_POINT ( 'NONE',  ( -40.00000000000000000, 1.500000000000000000, -25.00000000000000000 ) ) ;
#2248 = LINE ( 'NONE', #178, #1872 ) ;
#2249 = LINE ( 'NONE', #2728, #2418 ) ;
#2250 = EDGE_CURVE ( 'NONE', #1725, #1258, #254, .T. ) ;
#2251 = ORIENTED_EDGE ( 'NONE', *, *, #84, .T. ) ;
#2252 = LINE ( 'NONE', #2965, #1583 ) ;
#2253 = FACE_BOUND ( 'NONE', #1370, .T. ) ;
#2254 = ORIENTED_EDGE ( 'NONE', *, *, #1255, .T. ) ;
#2255 = CARTESIAN_POINT ( 'NONE',  ( 40.00000000000000000, 0.000000000000000000, 22.00000000000000000 ) ) ;
#2256 = ORIENTED_EDGE ( 'NONE', *, *, #1458, .T. ) ;
#2257 = PLANE ( 'NONE',  #1897 ) ;
#2258 = VERTEX_POINT ( 'NONE', #1597 ) ;
#2259 = AXIS2_PLACEMENT_3D ( 'NONE', #1850, #1138, #2770 ) ;
#2260 = DIRECTION ( 'NONE',  ( 0.000000000000000000, 0.000000000000000000, -1.000000000000000000 ) ) ;
#2261 = EDGE_CURVE ( 'NONE', #230, #1269, #1649, .T. ) ;
#2262 = VECTOR ( 'NONE', #1814, 1000.000000000000000 ) ;
#2263 = FACE_OUTER_BOUND ( 'NONE', #721, .T. ) ;
#2264 = DIRECTION ( 'NONE',  ( 0.000000000000000000, 1.000000000000000000, 0.000000000000000000 ) ) ;
#2265 = ORIENTED_EDGE ( 'NONE', *, *, #2459, .F. ) ;
#2266 = DIRECTION ( 'NONE',  ( 0.000000000000000000, 0.000000000000000000, -1.000000000000000000 ) ) ;
#2267 = CARTESIAN_POINT ( 'NONE',  ( 35.69999999999999574, 0.000000000000000000, -22.00000000000000000 ) ) ;
#2268 = ORIENTED_EDGE ( 'NONE', *, *, #688, .F. ) ;
#2269 = AXIS2_PLACEMENT_3D ( 'NONE', #2966, #854, #420 ) ;
#2270 = VERTEX_POINT ( 'NONE', #951 ) ;
#2271 = DIRECTION ( 'NONE',  ( 0.000000000000000000, 0.000000000000000000, 1.000000000000000000 ) ) ;
#2272 = EDGE_CURVE ( 'NONE', #2165, #2489, #1358, .T. ) ;
#2273 = DIRECTION ( 'NONE',  ( -1.000000000000000000, 0.000000000000000000, 0.000000000000000000 ) ) ;
#2274 = AXIS2_PLACEMENT_3D ( 'NONE', #2867, #322, #1235 ) ;
#2275 = CIRCLE ( 'NONE', #394, 2.999999999999999112 ) ;
#2276 = ORIENTED_EDGE ( 'NONE', *, *, #164, .T. ) ;
#2277 = DIRECTION ( 'NONE',  ( 0.000000000000000000, 0.000000000000000000, 1.000000000000000000 ) ) ;
#2278 = CYLINDRICAL_SURFACE ( 'NONE', #2889, 1.300000000000002487 ) ;
#2279 = DIRECTION ( 'NONE',  ( 1.000000000000000000, 0.000000000000000000, -5.412337245047640107E-16 ) ) ;
#2280 = ADVANCED_FACE ( 'NONE', ( #684 ), #208, .F. ) ;
#2281 = ORIENTED_EDGE ( 'NONE', *, *, #635, .T. ) ;
#2282 = VERTEX_POINT ( 'NONE', #905 ) ;
#2283 = DIRECTION ( 'NONE',  ( 1.000000000000000000, 0.000000000000000000, 2.220446049250309876E-16 ) ) ;
#2284 = DIRECTION ( 'NONE',  ( 0.000000000000000000, -1.000000000000000000, 0.000000000000000000 ) ) ;
#2285 = VERTEX_POINT ( 'NONE', #2289 ) ;
#2286 = ORIENTED_EDGE ( 'NONE', *, *, #2399, .F. ) ;
#2287 = DIRECTION ( 'NONE',  ( -1.000000000000000000, 0.000000000000000000, 6.938893903907230350E-16 ) ) ;
#2288 = VERTEX_POINT ( 'NONE', #1164 ) ;
#2289 = CARTESIAN_POINT ( 'NONE',  ( -35.69999999999999574, 0.000000000000000000, 22.00000000000000000 ) ) ;
#2290 = CARTESIAN_POINT ( 'NONE',  ( 26.39999999999999858, 1.500000000000000000, 17.00000000000000000 ) ) ;
#2291 = FACE_BOUND ( 'NONE', #999, .T. ) ;
#2292 = VERTEX_POINT ( 'NONE', #1373 ) ;
#2293 = LINE ( 'NONE', #690, #2645 ) ;
#2294 = CARTESIAN_POINT ( 'NONE',  ( -15.10000000000000142, 1.500000000000000000, 15.00000000000000000 ) ) ;
#2295 = EDGE_CURVE ( 'NONE', #1493, #1132, #2072, .T. ) ;
#2296 = ORIENTED_EDGE ( 'NONE', *, *, #1901, .T. ) ;
#2297 = EDGE_CURVE ( 'NONE', #551, #2517, #1835, .T. ) ;
#2298 = ORIENTED_EDGE ( 'NONE', *, *, #760, .F. ) ;
#2299 = CARTESIAN_POINT ( 'NONE',  ( 36.00000000000000000, 11.00000000000000000, -12.00000000000000000 ) ) ;
#2300 = ORIENTED_EDGE ( 'NONE', *, *, #1588, .T. ) ;
#2301 = LINE ( 'NONE', #236, #303 ) ;
#2302 = ADVANCED_FACE ( 'NONE', ( #71 ), #1213, .F. ) ;
#2303 = FACE_OUTER_BOUND ( 'NONE', #279, .T. ) ;
#2304 = VECTOR ( 'NONE', #1604, 1000.000000000000000 ) ;
#2305 = FACE_OUTER_BOUND ( 'NONE', #2373, .T. ) ;
#2306 = EDGE_CURVE ( 'NONE', #32, #2282, #2613, .T. ) ;
#2307 = CARTESIAN_POINT ( 'NONE',  ( -33.79999999999999716, 1.500000000000000000, 5.000000000000000000 ) ) ;
#2308 = ORIENTED_EDGE ( 'NONE', *, *, #1588, .F. ) ;
#2309 = VECTOR ( 'NONE', #1160, 1000.000000000000000 ) ;
#2310 = EDGE_LOOP ( 'NONE', ( #1800, #756, #1407, #2666 ) ) ;
#2311 = PLANE ( 'NONE',  #866 ) ;
#2312 = CARTESIAN_POINT ( 'NONE',  ( -10.34999999999999964, 1.500000000000000000, 24.89999999999999858 ) ) ;
#2313 = ORIENTED_EDGE ( 'NONE', *, *, #1330, .T. ) ;
#2314 = VERTEX_POINT ( 'NONE', #985 ) ;
#2315 = CARTESIAN_POINT ( 'NONE',  ( 30.59999999999999787, 11.00000000000000000, 4.000000000000000000 ) ) ;
#2316 = EDGE_CURVE ( 'NONE', #1087, #1620, #2103, .T. ) ;
#2317 = COLOUR_RGB ( '',0.7921568627450980005, 0.8196078431372548767, 0.9333333333333333481 ) ;
#2318 = ORIENTED_EDGE ( 'NONE', *, *, #222, .T. ) ;
#2319 = AXIS2_PLACEMENT_3D ( 'NONE', #604, #614, #1067 ) ;
#2320 = DIRECTION ( 'NONE',  ( 0.000000000000000000, 1.000000000000000000, 0.000000000000000000 ) ) ;
#2321 = VECTOR ( 'NONE', #1468, 1000.000000000000000 ) ;
#2322 = CARTESIAN_POINT ( 'NONE',  ( 35.69999999999999574, 1.500000000000000000, -22.00000000000000000 ) ) ;
#2323 = CARTESIAN_POINT ( 'NONE',  ( -14.00000000000000000, 6.250000000000000000, -6.000000000000000000 ) ) ;
#2324 = CARTESIAN_POINT ( 'NONE',  ( 0.000000000000000000, 1.500000000000000000, -4.440892098500630106E-15 ) ) ;
#2325 = EDGE_LOOP ( 'NONE', ( #1295, #2207 ) ) ;
#2326 = EDGE_CURVE ( 'NONE', #1136, #2843, #283, .T. ) ;
#2327 = LINE ( 'NONE', #1190, #2209 ) ;
#2328 = LINE ( 'NONE', #743, #1931 ) ;
#2329 = DIRECTION ( 'NONE',  ( 0.000000000000000000, 1.000000000000000000, 0.000000000000000000 ) ) ;
#2330 = ORIENTED_EDGE ( 'NONE', *, *, #2365, .F. ) ;
#2331 = ORIENTED_EDGE ( 'NONE', *, *, #570, .T. ) ;
#2332 = CARTESIAN_POINT ( 'NONE',  ( 30.59999999999999787, 1.500000000000000000, 4.000000000000000000 ) ) ;
#2333 = EDGE_CURVE ( 'NONE', #1463, #217, #796, .T. ) ;
#2334 = ORIENTED_EDGE ( 'NONE', *, *, #2250, .F. ) ;
#2335 = DIRECTION ( 'NONE',  ( 0.000000000000000000, -1.000000000000000000, 0.000000000000000000 ) ) ;
#2336 = EDGE_CURVE ( 'NONE', #890, #2165, #780, .T. ) ;
#2337 = DIRECTION ( 'NONE',  ( -0.7071067811865600072, 0.000000000000000000, -0.7071067811865350272 ) ) ;
#2338 = LINE ( 'NONE', #1438, #2164 ) ;
#2339 = DIRECTION ( 'NONE',  ( -0.000000000000000000, 1.000000000000000000, 0.000000000000000000 ) ) ;
#2340 = ORIENTED_EDGE ( 'NONE', *, *, #2466, .F. ) ;
#2341 = CARTESIAN_POINT ( 'NONE',  ( -40.00000000000000000, 0.000000000000000000, -22.00000000000000000 ) ) ;
#2342 = LINE ( 'NONE', #262, #1641 ) ;
#2343 = CARTESIAN_POINT ( 'NONE',  ( -38.80000000000000426, 8.500000000000000000, 5.000000000000000000 ) ) ;
#2344 = ORIENTED_EDGE ( 'NONE', *, *, #106, .T. ) ;
#2345 = ORIENTED_EDGE ( 'NONE', *, *, #73, .F. ) ;
#2346 = CARTESIAN_POINT ( 'NONE',  ( 33.39999999999999858, 11.00000000000000000, 7.000000000000000000 ) ) ;
#2347 = ORIENTED_EDGE ( 'NONE', *, *, #2186, .F. ) ;
#2348 = LINE ( 'NONE', #751, #2663 ) ;
#2349 = DIRECTION ( 'NONE',  ( 1.000000000000000000, 0.000000000000000000, 0.000000000000000000 ) ) ;
#2350 = FACE_OUTER_BOUND ( 'NONE', #1058, .T. ) ;
#2351 = VECTOR ( 'NONE', #2266, 1000.000000000000000 ) ;
#2352 = EDGE_CURVE ( 'NONE', #2789, #2148, #2348, .T. ) ;
#2353 = CARTESIAN_POINT ( 'NONE',  ( 30.59999999999999787, 1.500000000000000000, -5.000000000000000000 ) ) ;
#2354 = EDGE_CURVE ( 'NONE', #225, #2643, #1451, .T. ) ;
#2355 = AXIS2_PLACEMENT_3D ( 'NONE', #292, #61, #515 ) ;
#2356 = VERTEX_POINT ( 'NONE', #968 ) ;
#2357 = PLANE ( 'NONE',  #912 ) ;
#2358 = DIRECTION ( 'NONE',  ( 0.000000000000000000, 0.000000000000000000, 1.000000000000000000 ) ) ;
#2359 = VECTOR ( 'NONE', #1225, 1000.000000000000000 ) ;
#2360 = DIRECTION ( 'NONE',  ( -5.412337245047640107E-16, 0.000000000000000000, -1.000000000000000000 ) ) ;
#2361 = ORIENTED_EDGE ( 'NONE', *, *, #1581, .T. ) ;
#2362 = EDGE_CURVE ( 'NONE', #2593, #83, #2275, .T. ) ;
#2363 = VERTEX_POINT ( 'NONE', #1482 ) ;
#2364 = LINE ( 'NONE', #2346, #2649 ) ;
#2365 = EDGE_CURVE ( 'NONE', #2687, #278, #328, .T. ) ;
#2366 = VERTEX_POINT ( 'NONE', #2140 ) ;
#2367 = LINE ( 'NONE', #554, #678 ) ;
#2368 = VECTOR ( 'NONE', #824, 1000.000000000000000 ) ;
#2369 = LINE ( 'NONE', #1404, #841 ) ;
#2370 = CARTESIAN_POINT ( 'NONE',  ( 37.00000000000000000, 1.500000000000000000, 22.00000000000000000 ) ) ;
#2371 = DIRECTION ( 'NONE',  ( 0.000000000000000000, -1.000000000000000000, 0.000000000000000000 ) ) ;
#2372 = AXIS2_PLACEMENT_3D ( 'NONE', #8, #211, #1645 ) ;
#2373 = EDGE_LOOP ( 'NONE', ( #2724, #1169, #185, #48 ) ) ;
#2374 = EDGE_CURVE ( 'NONE', #1097, #180, #1495, .T. ) ;
#2375 = VECTOR ( 'NONE', #1061, 1000.000000000000000 ) ;
#2376 = DIRECTION ( 'NONE',  ( 0.000000000000000000, -1.000000000000000000, 0.000000000000000000 ) ) ;
#2377 = CARTESIAN_POINT ( 'NONE',  ( 30.59999999999999787, 1.500000000000000000, 8.000000000000000000 ) ) ;
#2378 = CARTESIAN_POINT ( 'NONE',  ( 30.59999999999999787, 11.00000000000000000, -5.000000000000000000 ) ) ;
#2379 = VERTEX_POINT ( 'NONE', #1672 ) ;
#2380 = DIRECTION ( 'NONE',  ( 0.000000000000000000, 1.000000000000000000, 0.000000000000000000 ) ) ;
#2381 = DIRECTION ( 'NONE',  ( 0.000000000000000000, 0.000000000000000000, -1.000000000000000000 ) ) ;
#2382 = ORIENTED_EDGE ( 'NONE', *, *, #2981, .T. ) ;
#2383 = CARTESIAN_POINT ( 'NONE',  ( -5.700000000000000178, 1.500000000000000000, -19.50000000000000000 ) ) ;
#2384 = VECTOR ( 'NONE', #1902, 1000.000000000000000 ) ;
#2385 = FACE_OUTER_BOUND ( 'NONE', #887, .T. ) ;
#2386 = EDGE_LOOP ( 'NONE', ( #1477, #2951, #65, #386 ) ) ;
#2387 = DIRECTION ( 'NONE',  ( 0.000000000000000000, 1.000000000000000000, 0.000000000000000000 ) ) ;
#2388 = LINE ( 'NONE', #1249, #485 ) ;
#2389 = CARTESIAN_POINT ( 'NONE',  ( -30.20000000000000284, 1.500000000000000000, 15.00000000000000000 ) ) ;
#2390 = EDGE_LOOP ( 'NONE', ( #2650, #2331, #2758, #795 ) ) ;
#2391 = ORIENTED_EDGE ( 'NONE', *, *, #2712, .F. ) ;
#2392 = DIRECTION ( 'NONE',  ( 0.000000000000000000, 0.000000000000000000, 1.000000000000000000 ) ) ;
#2393 = EDGE_CURVE ( 'NONE', #89, #2139, #2592, .T. ) ;
#2394 = ORIENTED_EDGE ( 'NONE', *, *, #1116, .T. ) ;
#2395 = DIRECTION ( 'NONE',  ( 0.000000000000000000, 0.000000000000000000, 1.000000000000000000 ) ) ;
#2396 = ORIENTED_EDGE ( 'NONE', *, *, #214, .T. ) ;
#2397 = EDGE_CURVE ( 'NONE', #2643, #2009, #2367, .T. ) ;
#2398 = LINE ( 'NONE', #1500, #1315 ) ;
#2399 = EDGE_CURVE ( 'NONE', #596, #1725, #269, .T. ) ;
#2400 = DIRECTION ( 'NONE',  ( 0.000000000000000000, 0.000000000000000000, -1.000000000000000000 ) ) ;
#2401 = DIRECTION ( 'NONE',  ( 0.000000000000000000, -1.000000000000000000, 0.000000000000000000 ) ) ;
#2402 = PLANE ( 'NONE',  #2035 ) ;
#2403 = AXIS2_PLACEMENT_3D ( 'NONE', #1479, #2871, #1964 ) ;
#2404 = ORIENTED_EDGE ( 'NONE', *, *, #1521, .T. ) ;
#2405 = ORIENTED_EDGE ( 'NONE', *, *, #68, .F. ) ;
#2406 = VECTOR ( 'NONE', #405, 1000.000000000000000 ) ;
#2407 = DIRECTION ( 'NONE',  ( 0.7071067811865451302, 0.000000000000000000, -0.7071067811865499042 ) ) ;
#2408 = ORIENTED_EDGE ( 'NONE', *, *, #473, .F. ) ;
#2409 = VECTOR ( 'NONE', #2271, 1000.000000000000000 ) ;
#2410 = ORIENTED_EDGE ( 'NONE', *, *, #2865, .F. ) ;
#2411 = ADVANCED_FACE ( 'NONE', ( #1913 ), #2800, .T. ) ;
#2412 = CARTESIAN_POINT ( 'NONE',  ( -38.29999999999999716, 1.500000000000000000, 22.00000000000000000 ) ) ;
#2413 = VERTEX_POINT ( 'NONE', #2153 ) ;
#2414 = CARTESIAN_POINT ( 'NONE',  ( 25.39999999999999858, 1.500000000000000000, 4.000000000000000000 ) ) ;
#2415 = AXIS2_PLACEMENT_3D ( 'NONE', #1574, #1764, #1337 ) ;
#2416 = CARTESIAN_POINT ( 'NONE',  ( 30.59999999999999787, 11.00000000000000000, -8.000000000000000000 ) ) ;
#2417 = DIRECTION ( 'NONE',  ( -1.000000000000000000, 0.000000000000000000, 0.000000000000000000 ) ) ;
#2418 = VECTOR ( 'NONE', #2202, 1000.000000000000000 ) ;
#2419 = DIRECTION ( 'NONE',  ( 0.7071067811865621167, 0.000000000000000000, -0.7071067811865330288 ) ) ;
#2420 = ADVANCED_FACE ( 'NONE', ( #1032 ), #85, .T. ) ;
#2421 = VERTEX_POINT ( 'NONE', #1715 ) ;
#2422 = VECTOR ( 'NONE', #656, 1000.000000000000000 ) ;
#2423 = CARTESIAN_POINT ( 'NONE',  ( -11.79999999999999893, 1.500000000000000000, 24.89999999999999858 ) ) ;
#2424 = ORIENTED_EDGE ( 'NONE', *, *, #1551, .T. ) ;
#2425 = ORIENTED_EDGE ( 'NONE', *, *, #2638, .F. ) ;
#2426 = ORIENTED_EDGE ( 'NONE', *, *, #2018, .T. ) ;
#2427 = DIRECTION ( 'NONE',  ( 1.000000000000000000, 0.000000000000000000, 0.000000000000000000 ) ) ;
#2428 = CARTESIAN_POINT ( 'NONE',  ( 30.59999999999999787, 1.500000000000000000, 2.000000000000000000 ) ) ;
#2429 = CARTESIAN_POINT ( 'NONE',  ( -13.00000000000000000, 12.50000000000000000, -16.40000000000000213 ) ) ;
#2430 = EDGE_CURVE ( 'NONE', #1193, #2631, #2636, .T. ) ;
#2431 = CARTESIAN_POINT ( 'NONE',  ( -23.59999999999999787, 1.500000000000000000, 19.90000000000000213 ) ) ;
#2432 = CARTESIAN_POINT ( 'NONE',  ( -30.20000000000000284, 1.500000000000000000, 5.000000000000000000 ) ) ;
#2433 = ORIENTED_EDGE ( 'NONE', *, *, #2551, .T. ) ;
#2434 = DIRECTION ( 'NONE',  ( 0.000000000000000000, 1.000000000000000000, 0.000000000000000000 ) ) ;
#2435 = EDGE_CURVE ( 'NONE', #2547, #491, #1526, .T. ) ;
#2436 = ORIENTED_EDGE ( 'NONE', *, *, #1513, .T. ) ;
#2437 = ORIENTED_EDGE ( 'NONE', *, *, #2459, .T. ) ;
#2438 = CYLINDRICAL_SURFACE ( 'NONE', #471, 1.300000000000002487 ) ;
#2439 = PLANE ( 'NONE',  #1033 ) ;
#2440 = PLANE ( 'NONE',  #1127 ) ;
#2441 = CARTESIAN_POINT ( 'NONE',  ( -40.00000000000000000, 11.00000000000000000, 2.899999999999999911 ) ) ;
#2442 = DIRECTION ( 'NONE',  ( 0.000000000000000000, 0.000000000000000000, 1.000000000000000000 ) ) ;
#2443 = ADVANCED_FACE ( 'NONE', ( #370 ), #1075, .T. ) ;
#2444 = VERTEX_POINT ( 'NONE', #2682 ) ;
#2445 = FACE_OUTER_BOUND ( 'NONE', #1409, .T. ) ;
#2446 = CARTESIAN_POINT ( 'NONE',  ( -5.174999999999999822, 1.500000000000000000, 24.89999999999999858 ) ) ;
#2447 = AXIS2_PLACEMENT_3D ( 'NONE', #1224, #2380, #1238 ) ;
#2448 = ORIENTED_EDGE ( 'NONE', *, *, #1528, .T. ) ;
#2449 = CARTESIAN_POINT ( 'NONE',  ( -5.799999999999999822, 1.500000000000000000, 19.90000000000000213 ) ) ;
#2450 = PLANE ( 'NONE',  #834 ) ;
#2451 = AXIS2_PLACEMENT_3D ( 'NONE', #2055, #2467, #400 ) ;
#2452 = EDGE_CURVE ( 'NONE', #1193, #246, #105, .T. ) ;
#2453 = ORIENTED_EDGE ( 'NONE', *, *, #1928, .F. ) ;
#2454 = LINE ( 'NONE', #861, #1176 ) ;
#2455 = LINE ( 'NONE', #150, #375 ) ;
#2456 = CARTESIAN_POINT ( 'NONE',  ( -35.69999999999999574, 1.500000000000000000, 22.00000000000000000 ) ) ;
#2457 = CIRCLE ( 'NONE', #1738, 2.999999999999999112 ) ;
#2458 = EDGE_LOOP ( 'NONE', ( #1621, #1100, #1868, #978 ) ) ;
#2459 = EDGE_CURVE ( 'NONE', #462, #1431, #2911, .T. ) ;
#2460 = VECTOR ( 'NONE', #1796, 1000.000000000000000 ) ;
#2461 = CARTESIAN_POINT ( 'NONE',  ( 30.59999999999999787, 11.00000000000000000, -8.000000000000000000 ) ) ;
#2462 = DIRECTION ( 'NONE',  ( 0.000000000000000000, 1.000000000000000000, 0.000000000000000000 ) ) ;
#2463 = VECTOR ( 'NONE', #1703, 1000.000000000000000 ) ;
#2464 = ORIENTED_EDGE ( 'NONE', *, *, #2607, .F. ) ;
#2465 = VERTEX_POINT ( 'NONE', #812 ) ;
#2466 = EDGE_CURVE ( 'NONE', #316, #1489, #583, .T. ) ;
#2467 = DIRECTION ( 'NONE',  ( -0.000000000000000000, 1.000000000000000000, 0.000000000000000000 ) ) ;
#2468 = VECTOR ( 'NONE', #2122, 1000.000000000000000 ) ;
#2469 = LINE ( 'NONE', #1999, #1180 ) ;
#2470 = CARTESIAN_POINT ( 'NONE',  ( 38.60000000000000142, 1.500000000000000000, 4.000000000000000000 ) ) ;
#2471 = DIRECTION ( 'NONE',  ( 0.000000000000000000, -1.000000000000000000, 0.000000000000000000 ) ) ;
#2472 = DIRECTION ( 'NONE',  ( 0.000000000000000000, 0.000000000000000000, -1.000000000000000000 ) ) ;
#2473 = ORIENTED_EDGE ( 'NONE', *, *, #1551, .F. ) ;
#2474 = PLANE ( 'NONE',  #2690 ) ;
#2475 = CARTESIAN_POINT ( 'NONE',  ( 25.39999999999999858, 1.500000000000000000, -8.000000000000000000 ) ) ;
#2476 = ORIENTED_EDGE ( 'NONE', *, *, #949, .T. ) ;
#2477 = DIRECTION ( 'NONE',  ( 1.000000000000000000, 0.000000000000000000, -6.938893903907230350E-16 ) ) ;
#2478 = FACE_OUTER_BOUND ( 'NONE', #1769, .T. ) ;
#2479 = EDGE_CURVE ( 'NONE', #1681, #2907, #1970, .T. ) ;
#2480 = EDGE_LOOP ( 'NONE', ( #1816, #2662, #2918, #2737 ) ) ;
#2481 = DIRECTION ( 'NONE',  ( 0.000000000000000000, 1.000000000000000000, 0.000000000000000000 ) ) ;
#2482 = LINE ( 'NONE', #1557, #2406 ) ;
#2483 = DIRECTION ( 'NONE',  ( 0.7071067811865600072, 0.000000000000000000, 0.7071067811865350272 ) ) ;
#2484 = ORIENTED_EDGE ( 'NONE', *, *, #2186, .T. ) ;
#2485 = VERTEX_POINT ( 'NONE', #1536 ) ;
#2486 = CARTESIAN_POINT ( 'NONE',  ( 30.59999999999999787, 1.500000000000000000, -17.00000000000000000 ) ) ;
#2487 = LINE ( 'NONE', #2446, #724 ) ;
#2488 = ORIENTED_EDGE ( 'NONE', *, *, #1328, .T. ) ;
#2489 = VERTEX_POINT ( 'NONE', #2230 ) ;
#2490 = PLANE ( 'NONE',  #2451 ) ;
#2491 = CARTESIAN_POINT ( 'NONE',  ( -23.59999999999999787, 1.500000000000000000, 24.89999999999999858 ) ) ;
#2492 = ADVANCED_FACE ( 'NONE', ( #2244 ), #2450, .T. ) ;
#2493 = EDGE_LOOP ( 'NONE', ( #1322, #2626 ) ) ;
#2494 = VECTOR ( 'NONE', #416, 1000.000000000000000 ) ;
#2495 = CARTESIAN_POINT ( 'NONE',  ( 23.44999999999970086, 1.500000000000000000, 11.15000000000000036 ) ) ;
#2496 = VECTOR ( 'NONE', #383, 1000.000000000000000 ) ;
#2497 = CARTESIAN_POINT ( 'NONE',  ( 26.44999999999959783, 1.500000000000000000, 4.149999999999920419 ) ) ;
#2498 = CARTESIAN_POINT ( 'NONE',  ( -20.00000000000000000, 1.500000000000000000, 4.400000000000000355 ) ) ;
#2499 = ORIENTED_EDGE ( 'NONE', *, *, #884, .T. ) ;
#2500 = ORIENTED_EDGE ( 'NONE', *, *, #2842, .T. ) ;
#2501 = CARTESIAN_POINT ( 'NONE',  ( 26.39999999999999858, 11.00000000000000000, -7.000000000000000000 ) ) ;
#2502 = PLANE ( 'NONE',  #2269 ) ;
#2503 = EDGE_CURVE ( 'NONE', #157, #2557, #2694, .T. ) ;
#2504 = EDGE_LOOP ( 'NONE', ( #1982, #2651, #1654, #1141 ) ) ;
#2505 = VECTOR ( 'NONE', #2704, 1000.000000000000000 ) ;
#2506 = ORIENTED_EDGE ( 'NONE', *, *, #222, .F. ) ;
#2507 = EDGE_LOOP ( 'NONE', ( #903, #2884, #1115, #187 ) ) ;
#2508 = CARTESIAN_POINT ( 'NONE',  ( -37.00000000000000000, 0.000000000000000000, 22.00000000000000000 ) ) ;
#2509 = AXIS2_PLACEMENT_3D ( 'NONE', #2432, #2674, #2442 ) ;
#2510 = AXIS2_PLACEMENT_3D ( 'NONE', #1973, #601, #1538 ) ;
#2511 = ORIENTED_EDGE ( 'NONE', *, *, #1244, .T. ) ;
#2512 = DIRECTION ( 'NONE',  ( 0.000000000000000000, 1.000000000000000000, 0.000000000000000000 ) ) ;
#2513 = LINE ( 'NONE', #2756, #1449 ) ;
#2514 = FACE_BOUND ( 'NONE', #266, .T. ) ;
#2515 = EDGE_CURVE ( 'NONE', #2258, #316, #357, .T. ) ;
#2516 = VECTOR ( 'NONE', #2337, 1000.000000000000000 ) ;
#2517 = VERTEX_POINT ( 'NONE', #174 ) ;
#2518 = CARTESIAN_POINT ( 'NONE',  ( -37.00000000000000000, 1.500000000000000000, 22.00000000000000000 ) ) ;
#2519 = DIRECTION ( 'NONE',  ( 0.000000000000000000, 1.000000000000000000, 0.000000000000000000 ) ) ;
#2520 = ORIENTED_EDGE ( 'NONE', *, *, #192, .T. ) ;
#2521 = ADVANCED_FACE ( 'NONE', ( #1745 ), #2439, .T. ) ;
#2522 = ORIENTED_EDGE ( 'NONE', *, *, #404, .T. ) ;
#2523 = DIRECTION ( 'NONE',  ( 0.000000000000000000, 1.000000000000000000, 0.000000000000000000 ) ) ;
#2524 = EDGE_CURVE ( 'NONE', #542, #2155, #598, .T. ) ;
#2526 = ORIENTED_EDGE ( 'NONE', *, *, #2246, .T. ) ;
#2525 = EDGE_LOOP ( 'NONE', ( #783, #2522, #198, #1721 ) ) ;
#2527 = DIRECTION ( 'NONE',  ( 1.000000000000000000, 0.000000000000000000, -6.938893903907230350E-16 ) ) ;
#2528 = DIRECTION ( 'NONE',  ( 5.412337245047640107E-16, 0.000000000000000000, 1.000000000000000000 ) ) ;
#2529 = PLANE ( 'NONE',  #2372 ) ;
#2530 = ORIENTED_EDGE ( 'NONE', *, *, #1113, .F. ) ;
#2531 = EDGE_LOOP ( 'NONE', ( #433, #961, #1616, #1054 ) ) ;
#2532 = EDGE_CURVE ( 'NONE', #1389, #2034, #2469, .T. ) ;
#2533 = CARTESIAN_POINT ( 'NONE',  ( -40.00000000000000000, 12.50000000000000000, 4.400000000000000355 ) ) ;
#2534 = DIRECTION ( 'NONE',  ( 1.000000000000000000, 0.000000000000000000, 0.000000000000000000 ) ) ;
#2535 = ORIENTED_EDGE ( 'NONE', *, *, #22, .T. ) ;
#2536 = ORIENTED_EDGE ( 'NONE', *, *, #924, .F. ) ;
#2537 = DIRECTION ( 'NONE',  ( 0.000000000000000000, 0.000000000000000000, 1.000000000000000000 ) ) ;
#2538 = ORIENTED_EDGE ( 'NONE', *, *, #164, .F. ) ;
#2539 = DIRECTION ( 'NONE',  ( 0.000000000000000000, 1.000000000000000000, 0.000000000000000000 ) ) ;
#2540 = CLOSED_SHELL ( 'NONE', ( #715, #1286, #749, #2280, #2101, #2443, #412, #2070, #1308, #1436, #2805, #736, #430, #794, #2, #2521, #919, #2302, #2989, #800, #1705, #1852, #2492, #529, #1335, #1993, #602, #1301, #2755, #385, #830, #955, #2594, #312, #55, #1420, #28, #1264, #1765, #1181, #2008, #1022, #2167, #959, #2781, #1400, #2037, #2420, #498, #377, #1920, #1498, #1831, #183, #2143, #2135, #1986, #2738, #1988, #1126, #1644, #546, #359, #1448, #31, #805, #228, #1744, #2960, #1277, #139, #591, #124, #1858, #1767, #326, #397, #2718, #693, #1210, #82, #1161, #1640, #2606, #1799, #1842, #1898, #1553, #2829, #343, #2411, #855, #488, #2541, #1466, #2632, #160, #1233 ) ) ;
#2541 = ADVANCED_FACE ( 'NONE', ( #1092 ), #2708, .T. ) ;
#2542 = DIRECTION ( 'NONE',  ( 1.000000000000000000, 0.000000000000000000, 0.000000000000000000 ) ) ;
#2543 = VECTOR ( 'NONE', #1854, 1000.000000000000000 ) ;
#2544 = CARTESIAN_POINT ( 'NONE',  ( 37.60000000000000142, 11.00000000000000000, -7.000000000000000000 ) ) ;
#2545 = CARTESIAN_POINT ( 'NONE',  ( -36.29999999999999716, 8.500000000000000000, 10.00000000000000000 ) ) ;
#2546 = AXIS2_PLACEMENT_3D ( 'NONE', #811, #1675, #2652 ) ;
#2547 = VERTEX_POINT ( 'NONE', #1956 ) ;
#2548 = DIRECTION ( 'NONE',  ( -1.000000000000000000, 0.000000000000000000, 0.000000000000000000 ) ) ;
#2549 = LINE ( 'NONE', #2294, #299 ) ;
#2550 = CARTESIAN_POINT ( 'NONE',  ( 30.59999999999999787, 1.500000000000000000, 7.000000000000000000 ) ) ;
#2551 = EDGE_CURVE ( 'NONE', #2949, #2631, #2905, .T. ) ;
#2552 = VERTEX_POINT ( 'NONE', #2412 ) ;
#2553 = EDGE_LOOP ( 'NONE', ( #1659, #207, #984, #2506 ) ) ;
#2554 = DIRECTION ( 'NONE',  ( 0.000000000000000000, -1.000000000000000000, 0.000000000000000000 ) ) ;
#2555 = EDGE_CURVE ( 'NONE', #2034, #1977, #2893, .T. ) ;
#2556 = VECTOR ( 'NONE', #1442, 1000.000000000000000 ) ;
#2557 = VERTEX_POINT ( 'NONE', #2183 ) ;
#2558 = VECTOR ( 'NONE', #2472, 1000.000000000000000 ) ;
#2559 = CARTESIAN_POINT ( 'NONE',  ( -40.00000000000000000, 1.500000000000000000, 2.899999999999999911 ) ) ;
#2560 = LINE ( 'NONE', #6, #496 ) ;
#2561 = LINE ( 'NONE', #460, #2115 ) ;
#2562 = CARTESIAN_POINT ( 'NONE',  ( 25.39999999999999858, 1.500000000000000000, 16.00000000000000000 ) ) ;
#2563 = AXIS2_PLACEMENT_3D ( 'NONE', #1652, #891, #2585 ) ;
#2564 = ORIENTED_EDGE ( 'NONE', *, *, #2616, .F. ) ;
#2565 = ORIENTED_EDGE ( 'NONE', *, *, #2948, .F. ) ;
#2566 = CARTESIAN_POINT ( 'NONE',  ( 38.29999999999999716, 0.000000000000000000, -22.00000000000000000 ) ) ;
#2567 = LINE ( 'NONE', #500, #2556 ) ;
#2568 = DIRECTION ( 'NONE',  ( 0.000000000000000000, 1.000000000000000000, 0.000000000000000000 ) ) ;
#2569 = VECTOR ( 'NONE', #558, 1000.000000000000000 ) ;
#2570 = ORIENTED_EDGE ( 'NONE', *, *, #1634, .T. ) ;
#2571 = AXIS2_PLACEMENT_3D ( 'NONE', #586, #1062, #2847 ) ;
#2572 = ORIENTED_EDGE ( 'NONE', *, *, #1377, .T. ) ;
#2573 = CARTESIAN_POINT ( 'NONE',  ( -23.59999999999999787, 8.500000000000000000, 19.90000000000000213 ) ) ;
#2574 = EDGE_LOOP ( 'NONE', ( #2565, #2978, #2054, #265 ) ) ;
#2575 = EDGE_CURVE ( 'NONE', #1073, #89, #117, .T. ) ;
#2576 = DIRECTION ( 'NONE',  ( 0.000000000000000000, 1.000000000000000000, 0.000000000000000000 ) ) ;
#2577 = ORIENTED_EDGE ( 'NONE', *, *, #2479, .F. ) ;
#2578 = DIRECTION ( 'NONE',  ( 0.000000000000000000, -1.000000000000000000, 0.000000000000000000 ) ) ;
#2579 = FACE_OUTER_BOUND ( 'NONE', #1481, .T. ) ;
#2580 = FACE_OUTER_BOUND ( 'NONE', #2181, .T. ) ;
#2581 = EDGE_LOOP ( 'NONE', ( #1829, #1762, #2890, #2943 ) ) ;
#2582 = VERTEX_POINT ( 'NONE', #2491 ) ;
#2583 = DIRECTION ( 'NONE',  ( 0.000000000000000000, 0.000000000000000000, 1.000000000000000000 ) ) ;
#2584 = PLANE ( 'NONE',  #1076 ) ;
#2585 = DIRECTION ( 'NONE',  ( 1.000000000000000000, 0.000000000000000000, 0.000000000000000000 ) ) ;
#2586 = EDGE_CURVE ( 'NONE', #1455, #918, #107, .T. ) ;
#2587 = ORIENTED_EDGE ( 'NONE', *, *, #238, .T. ) ;
#2588 = EDGE_LOOP ( 'NONE', ( #220, #660, #2464, #1072, #1714, #1832, #2923, #98, #1346, #291, #2448, #2798 ) ) ;
#2589 = CARTESIAN_POINT ( 'NONE',  ( 19.30000000000000071, 1.500000000000000000, 7.000000000000000000 ) ) ;
#2590 = EDGE_LOOP ( 'NONE', ( #2795, #1084, #95, #2036, #838, #176 ) ) ;
#2591 = PRODUCT_DEFINITION_CONTEXT ( 'detailed design', #611, 'design' ) ;
#2592 = LINE ( 'NONE', #1197, #1984 ) ;
#2593 = VERTEX_POINT ( 'NONE', #960 ) ;
#2594 = ADVANCED_FACE ( 'NONE', ( #2478 ), #295, .T. ) ;
#2595 = CARTESIAN_POINT ( 'NONE',  ( 15.29999999999999893, 1.500000000000000000, 7.000000000000000000 ) ) ;
#2596 = DIRECTION ( 'NONE',  ( 0.000000000000000000, -1.000000000000000000, 0.000000000000000000 ) ) ;
#2597 = FACE_OUTER_BOUND ( 'NONE', #778, .T. ) ;
#2598 = VECTOR ( 'NONE', #1665, 1000.000000000000000 ) ;
#2599 = EDGE_LOOP ( 'NONE', ( #2851, #2318, #1888, #2730 ) ) ;
#2600 = DIRECTION ( 'NONE',  ( 0.7071067811865451302, 0.000000000000000000, 0.7071067811865499042 ) ) ;
#2601 = FACE_OUTER_BOUND ( 'NONE', #2525, .T. ) ;
#2602 = AXIS2_PLACEMENT_3D ( 'NONE', #2508, #1371, #1339 ) ;
#2603 = CARTESIAN_POINT ( 'NONE',  ( 30.59999999999999787, 11.00000000000000000, 16.00000000000000000 ) ) ;
#2604 = ORIENTED_EDGE ( 'NONE', *, *, #2948, .T. ) ;
#2605 = ORIENTED_EDGE ( 'NONE', *, *, #2678, .F. ) ;
#2606 = ADVANCED_FACE ( 'NONE', ( #1565 ), #1856, .T. ) ;
#2607 = EDGE_CURVE ( 'NONE', #946, #1222, #835, .T. ) ;
#2608 = ORIENTED_EDGE ( 'NONE', *, *, #2814, .F. ) ;
#2609 = DIRECTION ( 'NONE',  ( -1.000000000000000000, 0.000000000000000000, 0.000000000000000000 ) ) ;
#2610 = CIRCLE ( 'NONE', #245, 1.300000000000002487 ) ;
#2611 = CARTESIAN_POINT ( 'NONE',  ( 3.550000000000000266, 8.650000000000000355, 24.89999999999999858 ) ) ;
#2612 = AXIS2_PLACEMENT_3D ( 'NONE', #2324, #2987, #922 ) ;
#2613 = CIRCLE ( 'NONE', #1318, 1.300000000000002487 ) ;
#2614 = DIRECTION ( 'NONE',  ( 0.7071067811865621167, 0.000000000000000000, -0.7071067811865330288 ) ) ;
#2615 = CARTESIAN_POINT ( 'NONE',  ( 37.00000000000000000, 1.500000000000000000, 22.00000000000000000 ) ) ;
#2616 = EDGE_CURVE ( 'NONE', #2859, #2733, #45, .T. ) ;
#2617 = PLANE ( 'NONE',  #1417 ) ;
#2618 = ORIENTED_EDGE ( 'NONE', *, *, #1733, .T. ) ;
#2619 = EDGE_LOOP ( 'NONE', ( #2936, #2426, #1593, #843 ) ) ;
#2620 = DIRECTION ( 'NONE',  ( 0.000000000000000000, 1.000000000000000000, 0.000000000000000000 ) ) ;
#2621 = EDGE_CURVE ( 'NONE', #680, #2363, #1907, .T. ) ;
#2622 = EDGE_CURVE ( 'NONE', #950, #703, #2809, .T. ) ;
#2623 = VERTEX_POINT ( 'NONE', #2132 ) ;
#2624 = CARTESIAN_POINT ( 'NONE',  ( 34.39999999999999858, 11.00000000000000000, 17.00000000000000000 ) ) ;
#2625 = EDGE_CURVE ( 'NONE', #2139, #1566, #653, .T. ) ;
#2626 = ORIENTED_EDGE ( 'NONE', *, *, #1331, .T. ) ;
#2627 = DIRECTION ( 'NONE',  ( 0.000000000000000000, 0.000000000000000000, 1.000000000000000000 ) ) ;
#2628 = LINE ( 'NONE', #1486, #1108 ) ;
#2629 = PLANE ( 'NONE',  #625 ) ;
#2630 = LINE ( 'NONE', #1236, #354 ) ;
#2631 = VERTEX_POINT ( 'NONE', #1802 ) ;
#2632 = ADVANCED_FACE ( 'NONE', ( #744 ), #2257, .T. ) ;
#2633 = ORIENTED_EDGE ( 'NONE', *, *, #669, .T. ) ;
#2634 = DIRECTION ( 'NONE',  ( -0.7071067811865350272, 0.000000000000000000, 0.7071067811865600072 ) ) ;
#2635 = ORIENTED_EDGE ( 'NONE', *, *, #884, .F. ) ;
#2636 = LINE ( 'NONE', #565, #439 ) ;
#2637 = DIRECTION ( 'NONE',  ( -0.7071067811865350272, 0.000000000000000000, 0.7071067811865600072 ) ) ;
#2638 = EDGE_CURVE ( 'NONE', #1977, #1144, #1430, .T. ) ;
#2639 = CARTESIAN_POINT ( 'NONE',  ( 29.60000000000000142, 11.00000000000000000, -7.000000000000000000 ) ) ;
#2640 = CARTESIAN_POINT ( 'NONE',  ( 40.00000000000000000, 0.000000000000000000, -25.00000000000000000 ) ) ;
#2641 = LINE ( 'NONE', #1961, #1607 ) ;
#2642 = VECTOR ( 'NONE', #1544, 1000.000000000000000 ) ;
#2643 = VERTEX_POINT ( 'NONE', #263 ) ;
#2644 = DIRECTION ( 'NONE',  ( 0.000000000000000000, -1.000000000000000000, 0.000000000000000000 ) ) ;
#2645 = VECTOR ( 'NONE', #2283, 1000.000000000000000 ) ;
#2646 = LINE ( 'NONE', #2162, #434 ) ;
#2647 = EDGE_CURVE ( 'NONE', #596, #1455, #1792, .T. ) ;
#2648 = ORIENTED_EDGE ( 'NONE', *, *, #2014, .T. ) ;
#2649 = VECTOR ( 'NONE', #232, 1000.000000000000000 ) ;
#2650 = ORIENTED_EDGE ( 'NONE', *, *, #2701, .F. ) ;
#2651 = ORIENTED_EDGE ( 'NONE', *, *, #1869, .T. ) ;
#2652 = DIRECTION ( 'NONE',  ( -0.7071067811865451302, 0.000000000000000000, 0.7071067811865499042 ) ) ;
#2653 = DIRECTION ( 'NONE',  ( -0.000000000000000000, 1.000000000000000000, 0.000000000000000000 ) ) ;
#2654 = EDGE_CURVE ( 'NONE', #2421, #2366, #2043, .T. ) ;
#2655 = ORIENTED_EDGE ( 'NONE', *, *, #2622, .F. ) ;
#2656 = CARTESIAN_POINT ( 'NONE',  ( 33.39999999999999858, 1.500000000000000000, -8.000000000000000000 ) ) ;
#2657 = DIRECTION ( 'NONE',  ( 0.000000000000000000, 0.000000000000000000, -1.000000000000000000 ) ) ;
#2658 = AXIS2_PLACEMENT_3D ( 'NONE', #634, #1533, #1099 ) ;
#2659 = DIRECTION ( 'NONE',  ( 0.000000000000000000, 0.000000000000000000, 1.000000000000000000 ) ) ;
#2660 = DIRECTION ( 'NONE',  ( 0.000000000000000000, 1.000000000000000000, 0.000000000000000000 ) ) ;
#2661 = VECTOR ( 'NONE', #772, 1000.000000000000000 ) ;
#2662 = ORIENTED_EDGE ( 'NONE', *, *, #196, .T. ) ;
#2663 = VECTOR ( 'NONE', #1702, 1000.000000000000000 ) ;
#2664 = CARTESIAN_POINT ( 'NONE',  ( 39.12132034355963128, 0.000000000000000000, -24.12132034355964905 ) ) ;
#2665 = VERTEX_POINT ( 'NONE', #188 ) ;
#2666 = ORIENTED_EDGE ( 'NONE', *, *, #2084, .F. ) ;
#2667 = DIRECTION ( 'NONE',  ( 1.000000000000000000, 0.000000000000000000, -6.938893903907230350E-16 ) ) ;
#2668 = ORIENTED_EDGE ( 'NONE', *, *, #466, .F. ) ;
#2669 = DIRECTION ( 'NONE',  ( 1.000000000000000000, 0.000000000000000000, 0.000000000000000000 ) ) ;
#2670 = VECTOR ( 'NONE', #2578, 1000.000000000000000 ) ;
#2671 = EDGE_CURVE ( 'NONE', #1444, #1093, #2723, .T. ) ;
#2672 = DIRECTION ( 'NONE',  ( -1.000000000000000000, 0.000000000000000000, 6.938893903907230350E-16 ) ) ;
#2673 = DIRECTION ( 'NONE',  ( 0.000000000000000000, -1.000000000000000000, 0.000000000000000000 ) ) ;
#2674 = DIRECTION ( 'NONE',  ( -1.000000000000000000, 0.000000000000000000, 0.000000000000000000 ) ) ;
#2675 = ORIENTED_EDGE ( 'NONE', *, *, #937, .T. ) ;
#2676 = CARTESIAN_POINT ( 'NONE',  ( -40.00000000000000000, 1.500000000000000000, 25.00000000000000000 ) ) ;
#2677 = DIRECTION ( 'NONE',  ( -1.000000000000000000, 0.000000000000000000, 0.000000000000000000 ) ) ;
#2678 = EDGE_CURVE ( 'NONE', #2733, #2994, #707, .T. ) ;
#2679 = EDGE_CURVE ( 'NONE', #918, #2314, #1355, .T. ) ;
#2680 = ORIENTED_EDGE ( 'NONE', *, *, #1710, .T. ) ;
#2681 = DIRECTION ( 'NONE',  ( -1.000000000000000000, 0.000000000000000000, 0.000000000000000000 ) ) ;
#2682 = CARTESIAN_POINT ( 'NONE',  ( 3.550000000000000266, 1.500000000000000000, 24.89999999999999858 ) ) ;
#2683 = CARTESIAN_POINT ( 'NONE',  ( -33.79999999999999716, 8.500000000000000000, 15.00000000000000000 ) ) ;
#2684 = EDGE_CURVE ( 'NONE', #2824, #748, #1632, .T. ) ;
#2685 = DIRECTION ( 'NONE',  ( 0.000000000000000000, 0.000000000000000000, 1.000000000000000000 ) ) ;
#2686 = DIRECTION ( 'NONE',  ( 0.000000000000000000, 1.000000000000000000, 0.000000000000000000 ) ) ;
#2687 = VERTEX_POINT ( 'NONE', #1413 ) ;
#2688 = CARTESIAN_POINT ( 'NONE',  ( 0.5999999999999999778, 1.500000000000000000, -19.50000000000000000 ) ) ;
#2689 = CARTESIAN_POINT ( 'NONE',  ( 37.00000000000000000, 0.000000000000000000, -22.00000000000000000 ) ) ;
#2690 = AXIS2_PLACEMENT_3D ( 'NONE', #200, #1296, #1994 ) ;
#2691 = VECTOR ( 'NONE', #1820, 1000.000000000000000 ) ;
#2692 = ORIENTED_EDGE ( 'NONE', *, *, #1664, .F. ) ;
#2693 = DIRECTION ( 'NONE',  ( 0.000000000000000000, 0.000000000000000000, -1.000000000000000000 ) ) ;
#2694 = LINE ( 'NONE', #1313, #1079 ) ;
#2695 = VECTOR ( 'NONE', #1374, 1000.000000000000000 ) ;
#2696 = CARTESIAN_POINT ( 'NONE',  ( 13.19999999999999929, 1.500000000000000000, 17.00000000000000000 ) ) ;
#2697 = CARTESIAN_POINT ( 'NONE',  ( 37.00000000000000000, 1.500000000000000000, -22.00000000000000000 ) ) ;
#2698 = DIRECTION ( 'NONE',  ( 0.000000000000000000, 1.000000000000000000, 0.000000000000000000 ) ) ;
#2699 = AXIS2_PLACEMENT_3D ( 'NONE', #1637, #487, #2554 ) ;
#2700 = ORIENTED_EDGE ( 'NONE', *, *, #1963, .T. ) ;
#2701 = EDGE_CURVE ( 'NONE', #83, #790, #2097, .T. ) ;
#2702 = VECTOR ( 'NONE', #306, 1000.000000000000000 ) ;
#2703 = CARTESIAN_POINT ( 'NONE',  ( 34.39999999999999858, 1.500000000000000000, 17.00000000000000000 ) ) ;
#2704 = DIRECTION ( 'NONE',  ( 0.000000000000000000, 1.000000000000000000, 0.000000000000000000 ) ) ;
#2705 = VECTOR ( 'NONE', #2783, 1000.000000000000000 ) ;
#2706 = ORIENTED_EDGE ( 'NONE', *, *, #1615, .T. ) ;
#2707 = DIRECTION ( 'NONE',  ( 0.000000000000000000, 1.000000000000000000, 0.000000000000000000 ) ) ;
#2708 = PLANE ( 'NONE',  #2231 ) ;
#2709 = EDGE_CURVE ( 'NONE', #484, #745, #1021, .T. ) ;
#2710 = ORIENTED_EDGE ( 'NONE', *, *, #2297, .T. ) ;
#2711 = LINE ( 'NONE', #2247, #1940 ) ;
#2712 = EDGE_CURVE ( 'NONE', #1833, #1444, #1475, .T. ) ;
#2713 = LINE ( 'NONE', #135, #616 ) ;
#2714 = DIRECTION ( 'NONE',  ( 6.938893903907230350E-16, 0.000000000000000000, 1.000000000000000000 ) ) ;
#2715 = VERTEX_POINT ( 'NONE', #2389 ) ;
#2716 = LINE ( 'NONE', #1778, #2351 ) ;
#2717 = CARTESIAN_POINT ( 'NONE',  ( 37.60000000000000142, 1.500000000000000000, 17.00000000000000000 ) ) ;
#2718 = ADVANCED_FACE ( 'NONE', ( #1720 ), #1918, .T. ) ;
#2719 = VERTEX_POINT ( 'NONE', #2855 ) ;
#2720 = ORIENTED_EDGE ( 'NONE', *, *, #1351, .F. ) ;
#2721 = LINE ( 'NONE', #1101, #189 ) ;
#2722 = EDGE_LOOP ( 'NONE', ( #679, #2117, #1677, #1254 ) ) ;
#2723 = LINE ( 'NONE', #1119, #1040 ) ;
#2724 = ORIENTED_EDGE ( 'NONE', *, *, #1869, .F. ) ;
#2725 = DIRECTION ( 'NONE',  ( 0.000000000000000000, 1.000000000000000000, 0.000000000000000000 ) ) ;
#2726 = EDGE_CURVE ( 'NONE', #645, #1723, #1053, .T. ) ;
#2727 = DIRECTION ( 'NONE',  ( -1.000000000000000000, 0.000000000000000000, 0.000000000000000000 ) ) ;
#2728 = CARTESIAN_POINT ( 'NONE',  ( -14.00000000000000000, 1.500000000000000000, 2.899999999999999911 ) ) ;
#2729 = ORIENTED_EDGE ( 'NONE', *, *, #264, .T. ) ;
#2730 = ORIENTED_EDGE ( 'NONE', *, *, #1700, .F. ) ;
#2731 = CARTESIAN_POINT ( 'NONE',  ( -39.12132034355963128, 1.500000000000000000, 24.12132034355964905 ) ) ;
#2732 = CYLINDRICAL_SURFACE ( 'NONE', #673, 1.300000000000002487 ) ;
#2733 = VERTEX_POINT ( 'NONE', #310 ) ;
#2734 = EDGE_LOOP ( 'NONE', ( #974, #2437, #2225, #559 ) ) ;
#2735 = LINE ( 'NONE', #1312, #2739 ) ;
#2736 = AXIS2_PLACEMENT_3D ( 'NONE', #531, #2583, #1261 ) ;
#2737 = ORIENTED_EDGE ( 'NONE', *, *, #817, .F. ) ;
#2738 = ADVANCED_FACE ( 'NONE', ( #1694 ), #2617, .T. ) ;
#2739 = VECTOR ( 'NONE', #411, 1000.000000000000000 ) ;
#2740 = CARTESIAN_POINT ( 'NONE',  ( -23.59999999999999787, 8.500000000000000000, 19.90000000000000213 ) ) ;
#2741 = DIRECTION ( 'NONE',  ( 1.000000000000000000, 0.000000000000000000, 0.000000000000000000 ) ) ;
#2742 = FACE_BOUND ( 'NONE', #2590, .T. ) ;
#2743 = EDGE_CURVE ( 'NONE', #365, #1363, #2641, .T. ) ;
#2744 = VERTEX_POINT ( 'NONE', #821 ) ;
#2745 = PLANE ( 'NONE',  #2937 ) ;
#2746 = CARTESIAN_POINT ( 'NONE',  ( 28.00000000000000000, 11.00000000000000000, 12.00000000000000000 ) ) ;
#2747 = ORIENTED_EDGE ( 'NONE', *, *, #2175, .F. ) ;
#2748 = AXIS2_PLACEMENT_3D ( 'NONE', #2312, #2113, #2051 ) ;
#2749 = ORIENTED_EDGE ( 'NONE', *, *, #2084, .T. ) ;
#2750 = CARTESIAN_POINT ( 'NONE',  ( -30.20000000000000284, 1.500000000000000000, 15.00000000000000000 ) ) ;
#2751 = CIRCLE ( 'NONE', #2274, 2.999999999999999112 ) ;
#2752 = AXIS2_PLACEMENT_3D ( 'NONE', #1011, #734, #2863 ) ;
#2753 = ORIENTED_EDGE ( 'NONE', *, *, #1656, .T. ) ;
#2754 = CARTESIAN_POINT ( 'NONE',  ( 34.39999999999999858, 1.500000000000000000, -7.000000000000000000 ) ) ;
#2755 = ADVANCED_FACE ( 'NONE', ( #789 ), #549, .F. ) ;
#2756 = CARTESIAN_POINT ( 'NONE',  ( -38.80000000000000426, 1.500000000000000000, 5.000000000000000000 ) ) ;
#2757 = DIRECTION ( 'NONE',  ( 0.000000000000000000, 1.000000000000000000, 0.000000000000000000 ) ) ;
#2758 = ORIENTED_EDGE ( 'NONE', *, *, #1003, .T. ) ;
#2759 = ORIENTED_EDGE ( 'NONE', *, *, #93, .T. ) ;
#2760 = DIRECTION ( 'NONE',  ( 0.000000000000000000, -1.000000000000000000, 0.000000000000000000 ) ) ;
#2761 = DIRECTION ( 'NONE',  ( 1.000000000000000000, 0.000000000000000000, 0.000000000000000000 ) ) ;
#2762 = VECTOR ( 'NONE', #1864, 1000.000000000000000 ) ;
#2763 = EDGE_LOOP ( 'NONE', ( #51, #553 ) ) ;
#2764 = ORIENTED_EDGE ( 'NONE', *, *, #2261, .F. ) ;
#2765 = LINE ( 'NONE', #695, #2797 ) ;
#2766 = EDGE_CURVE ( 'NONE', #2288, #1669, #2158, .T. ) ;
#2767 = ORIENTED_EDGE ( 'NONE', *, *, #1135, .T. ) ;
#2768 = CARTESIAN_POINT ( 'NONE',  ( 13.19999999999999929, 1.500000000000000000, -7.000000000000000000 ) ) ;
#2769 = DIRECTION ( 'NONE',  ( 0.000000000000000000, 1.000000000000000000, 0.000000000000000000 ) ) ;
#2770 = DIRECTION ( 'NONE',  ( 0.000000000000000000, 0.000000000000000000, 1.000000000000000000 ) ) ;
#2771 = DIRECTION ( 'NONE',  ( 1.000000000000000000, 0.000000000000000000, 0.000000000000000000 ) ) ;
#2772 = EDGE_CURVE ( 'NONE', #1711, #562, #2630, .T. ) ;
#2773 = EDGE_LOOP ( 'NONE', ( #972, #550, #1668, #1633 ) ) ;
#2774 = CARTESIAN_POINT ( 'NONE',  ( -11.59999999999999964, 8.500000000000000000, 19.90000000000000213 ) ) ;
#2775 = FACE_OUTER_BOUND ( 'NONE', #2507, .T. ) ;
#2776 = EDGE_CURVE ( 'NONE', #897, #230, #1006, .T. ) ;
#2777 = DIRECTION ( 'NONE',  ( 0.000000000000000000, -1.000000000000000000, 0.000000000000000000 ) ) ;
#2778 = VERTEX_POINT ( 'NONE', #1039 ) ;
#2779 = EDGE_LOOP ( 'NONE', ( #2119, #1874, #2425, #1704 ) ) ;
#2780 = CARTESIAN_POINT ( 'NONE',  ( -30.20000000000000284, 8.500000000000000000, 15.00000000000000000 ) ) ;
#2781 = ADVANCED_FACE ( 'NONE', ( #1488 ), #2402, .T. ) ;
#2782 = EDGE_LOOP ( 'NONE', ( #1440, #2254, #2892, #655 ) ) ;
#2783 = DIRECTION ( 'NONE',  ( 0.000000000000000000, 1.000000000000000000, 0.000000000000000000 ) ) ;
#2784 = CARTESIAN_POINT ( 'NONE',  ( 35.69999999999999574, 0.000000000000000000, 22.00000000000000000 ) ) ;
#2785 = AXIS2_PLACEMENT_3D ( 'NONE', #2518, #480, #1411 ) ;
#2786 = DIRECTION ( 'NONE',  ( 0.000000000000000000, 1.000000000000000000, 0.000000000000000000 ) ) ;
#2787 = FACE_OUTER_BOUND ( 'NONE', #486, .T. ) ;
#2788 = AXIS2_PLACEMENT_3D ( 'NONE', #2100, #16, #964 ) ;
#2789 = VERTEX_POINT ( 'NONE', #1948 ) ;
#2790 = CARTESIAN_POINT ( 'NONE',  ( 37.00000000000000000, 0.000000000000000000, 22.00000000000000000 ) ) ;
#2791 = LINE ( 'NONE', #2991, #1834 ) ;
#2792 = DIRECTION ( 'NONE',  ( 6.938893903907230350E-16, 0.000000000000000000, 1.000000000000000000 ) ) ;
#2793 = VERTEX_POINT ( 'NONE', #1680 ) ;
#2794 = EDGE_CURVE ( 'NONE', #2719, #2856, #1503, .T. ) ;
#2795 = ORIENTED_EDGE ( 'NONE', *, *, #924, .T. ) ;
#2796 = PLANE ( 'NONE',  #2699 ) ;
#2797 = VECTOR ( 'NONE', #1622, 1000.000000000000000 ) ;
#2798 = ORIENTED_EDGE ( 'NONE', *, *, #264, .F. ) ;
#2799 = VECTOR ( 'NONE', #417, 1000.000000000000000 ) ;
#2800 = PLANE ( 'NONE',  #781 ) ;
#2801 = VECTOR ( 'NONE', #2481, 1000.000000000000000 ) ;
#2802 = DIRECTION ( 'NONE',  ( -1.000000000000000000, 0.000000000000000000, 0.000000000000000000 ) ) ;
#2803 = CARTESIAN_POINT ( 'NONE',  ( -37.00000000000000000, 1.500000000000000000, -22.00000000000000000 ) ) ;
#2804 = DIRECTION ( 'NONE',  ( 0.000000000000000000, 0.000000000000000000, -1.000000000000000000 ) ) ;
#2805 = ADVANCED_FACE ( 'NONE', ( #349, #1281 ), #1001, .T. ) ;
#2806 = ORIENTED_EDGE ( 'NONE', *, *, #106, .F. ) ;
#2807 = PLANE ( 'NONE',  #1584 ) ;
#2808 = CARTESIAN_POINT ( 'NONE',  ( 40.00000000000000000, 0.000000000000000000, 25.00000000000000000 ) ) ;
#2809 = LINE ( 'NONE', #1340, #2083 ) ;
#2810 = AXIS2_PLACEMENT_3D ( 'NONE', #1660, #2802, #1386 ) ;
#2811 = VERTEX_POINT ( 'NONE', #2830 ) ;
#2812 = ORIENTED_EDGE ( 'NONE', *, *, #2272, .T. ) ;
#2813 = DIRECTION ( 'NONE',  ( 0.000000000000000000, 1.000000000000000000, 0.000000000000000000 ) ) ;
#2814 = EDGE_CURVE ( 'NONE', #2793, #1269, #2141, .T. ) ;
#2815 = EDGE_LOOP ( 'NONE', ( #1726, #1755, #2391, #1889 ) ) ;
#2816 = DIRECTION ( 'NONE',  ( 0.000000000000000000, 1.000000000000000000, 0.000000000000000000 ) ) ;
#2817 = EDGE_CURVE ( 'NONE', #307, #1859, #1369, .T. ) ;
#2818 = CARTESIAN_POINT ( 'NONE',  ( -40.00000000000000000, 0.000000000000000000, 22.00000000000000000 ) ) ;
#2819 = DIRECTION ( 'NONE',  ( 0.000000000000000000, -1.000000000000000000, 0.000000000000000000 ) ) ;
#2820 = DIRECTION ( 'NONE',  ( 0.000000000000000000, -1.000000000000000000, 0.000000000000000000 ) ) ;
#2821 = DIRECTION ( 'NONE',  ( 0.000000000000000000, 1.000000000000000000, 0.000000000000000000 ) ) ;
#2822 = CARTESIAN_POINT ( 'NONE',  ( 33.39999999999999858, 11.00000000000000000, -17.00000000000000000 ) ) ;
#2823 = DIRECTION ( 'NONE',  ( -0.7071067811865451302, 0.000000000000000000, -0.7071067811865499042 ) ) ;
#2824 = VERTEX_POINT ( 'NONE', #2104 ) ;
#2825 = FACE_OUTER_BOUND ( 'NONE', #470, .T. ) ;
#2826 = SURFACE_STYLE_FILL_AREA ( #81 ) ;
#2827 = ORIENTED_EDGE ( 'NONE', *, *, #1364, .F. ) ;
#2828 = DIRECTION ( 'NONE',  ( -1.000000000000000000, 0.000000000000000000, 0.000000000000000000 ) ) ;
#2829 = ADVANCED_FACE ( 'NONE', ( #2303 ), #459, .T. ) ;
#2830 = CARTESIAN_POINT ( 'NONE',  ( -38.29999999999999716, 0.000000000000000000, 22.00000000000000000 ) ) ;
#2831 = VECTOR ( 'NONE', #1284, 1000.000000000000000 ) ;
#2832 = DIRECTION ( 'NONE',  ( 0.000000000000000000, 0.000000000000000000, -1.000000000000000000 ) ) ;
#2833 = AXIS2_PLACEMENT_3D ( 'NONE', #1774, #373, #2471 ) ;
#2834 = DIRECTION ( 'NONE',  ( 0.000000000000000000, 0.000000000000000000, -1.000000000000000000 ) ) ;
#2835 = CARTESIAN_POINT ( 'NONE',  ( 38.60000000000000142, 11.00000000000000000, 16.00000000000000000 ) ) ;
#2836 = VECTOR ( 'NONE', #2427, 1000.000000000000000 ) ;
#2837 = CARTESIAN_POINT ( 'NONE',  ( 0.2999999999999999889, 1.500000000000000000, -24.50000000000000000 ) ) ;
#2838 = EDGE_CURVE ( 'NONE', #2102, #2994, #938, .T. ) ;
#2839 = ORIENTED_EDGE ( 'NONE', *, *, #582, .F. ) ;
#2840 = CARTESIAN_POINT ( 'NONE',  ( 25.39999999999999858, 1.500000000000000000, -2.500000000000000000 ) ) ;
#2841 = DIRECTION ( 'NONE',  ( 0.000000000000000000, -1.000000000000000000, 0.000000000000000000 ) ) ;
#2842 = EDGE_CURVE ( 'NONE', #2155, #2356, #286, .T. ) ;
#2843 = VERTEX_POINT ( 'NONE', #753 ) ;
#2844 = DIRECTION ( 'NONE',  ( 0.000000000000000000, 1.000000000000000000, 2.337311630789800155E-16 ) ) ;
#2845 = STYLED_ITEM ( 'NONE', ( #1491 ), #1162 ) ;
#2846 = VECTOR ( 'NONE', #1262, 1000.000000000000000 ) ;
#2847 = DIRECTION ( 'NONE',  ( -1.000000000000000000, 0.000000000000000000, 0.000000000000000000 ) ) ;
#2848 = DIRECTION ( 'NONE',  ( 0.000000000000000000, 0.000000000000000000, 1.000000000000000000 ) ) ;
#2849 = EDGE_CURVE ( 'NONE', #94, #2733, #2369, .T. ) ;
#2850 = VECTOR ( 'NONE', #348, 999.9999999999998863 ) ;
#2851 = ORIENTED_EDGE ( 'NONE', *, *, #2709, .F. ) ;
#2852 = VECTOR ( 'NONE', #2672, 1000.000000000000000 ) ;
#2853 = FACE_OUTER_BOUND ( 'NONE', #1812, .T. ) ;
#2854 = LINE ( 'NONE', #2131, #926 ) ;
#2855 = CARTESIAN_POINT ( 'NONE',  ( 29.60000000000000142, 11.00000000000000000, 17.00000000000000000 ) ) ;
#2856 = VERTEX_POINT ( 'NONE', #1849 ) ;
#2857 = EDGE_LOOP ( 'NONE', ( #229, #2759, #617, #775 ) ) ;
#2858 = CARTESIAN_POINT ( 'NONE',  ( -23.59999999999999787, 1.500000000000000000, 24.89999999999999858 ) ) ;
#2859 = VERTEX_POINT ( 'NONE', #1166 ) ;
#2860 = VECTOR ( 'NONE', #483, 1000.000000000000000 ) ;
#2861 = EDGE_CURVE ( 'NONE', #551, #785, #474, .T. ) ;
#2862 = ORIENTED_EDGE ( 'NONE', *, *, #1974, .F. ) ;
#2863 = DIRECTION ( 'NONE',  ( 0.000000000000000000, -1.000000000000000000, 0.000000000000000000 ) ) ;
#2864 = CARTESIAN_POINT ( 'NONE',  ( -37.00000000000000000, 1.500000000000000000, 22.00000000000000000 ) ) ;
#2865 = EDGE_CURVE ( 'NONE', #455, #1093, #2560, .T. ) ;
#2866 = DIRECTION ( 'NONE',  ( 0.000000000000000000, 1.000000000000000000, 0.000000000000000000 ) ) ;
#2867 = CARTESIAN_POINT ( 'NONE',  ( 37.00000000000000000, 1.500000000000000000, 22.00000000000000000 ) ) ;
#2868 = CARTESIAN_POINT ( 'NONE',  ( 25.39999999999999858, 1.500000000000000000, -5.000000000000000000 ) ) ;
#2869 = VERTEX_POINT ( 'NONE', #699 ) ;
#2870 = EDGE_CURVE ( 'NONE', #2314, #138, #1625, .T. ) ;
#2871 = DIRECTION ( 'NONE',  ( -1.000000000000000000, 0.000000000000000000, 0.000000000000000000 ) ) ;
#2872 = FACE_OUTER_BOUND ( 'NONE', #497, .T. ) ;
#2873 = ORIENTED_EDGE ( 'NONE', *, *, #2316, .F. ) ;
#2874 = EDGE_LOOP ( 'NONE', ( #1752, #341, #435, #503 ) ) ;
#2875 = DIRECTION ( 'NONE',  ( -0.7071067811865350272, 0.000000000000000000, 0.7071067811865600072 ) ) ;
#2876 = DIRECTION ( 'NONE',  ( 0.000000000000000000, -1.000000000000000000, 0.000000000000000000 ) ) ;
#2877 = FACE_OUTER_BOUND ( 'NONE', #2734, .T. ) ;
#2878 = DIRECTION ( 'NONE',  ( -1.000000000000000000, 0.000000000000000000, 0.000000000000000000 ) ) ;
#2879 = VECTOR ( 'NONE', #1336, 1000.000000000000000 ) ;
#2880 = CARTESIAN_POINT ( 'NONE',  ( 19.30000000000000071, 1.500000000000000000, -5.000000000000000000 ) ) ;
#2881 = DIRECTION ( 'NONE',  ( -1.000000000000000000, 0.000000000000000000, 0.000000000000000000 ) ) ;
#2882 = DIRECTION ( 'NONE',  ( 0.000000000000000000, 0.000000000000000000, -1.000000000000000000 ) ) ;
#2883 = AXIS2_PLACEMENT_3D ( 'NONE', #705, #1428, #662 ) ;
#2884 = ORIENTED_EDGE ( 'NONE', *, *, #1794, .T. ) ;
#2885 = PLANE ( 'NONE',  #2403 ) ;
#2886 = CIRCLE ( 'NONE', #818, 2.999999999999999112 ) ;
#2887 = FACE_OUTER_BOUND ( 'NONE', #2480, .T. ) ;
#2888 = EDGE_CURVE ( 'NONE', #455, #2547, #1214, .T. ) ;
#2889 = AXIS2_PLACEMENT_3D ( 'NONE', #2973, #2047, #447 ) ;
#2890 = ORIENTED_EDGE ( 'NONE', *, *, #615, .F. ) ;
#2891 = LINE ( 'NONE', #1661, #2836 ) ;
#2892 = ORIENTED_EDGE ( 'NONE', *, *, #2515, .F. ) ;
#2893 = LINE ( 'NONE', #342, #1081 ) ;
#2894 = APPLICATION_PROTOCOL_DEFINITION ( 'draft international standard', 'automotive_design', 1998, #53 ) ;
#2895 = CARTESIAN_POINT ( 'NONE',  ( -10.34999999999999964, 8.650000000000000355, 24.89999999999999858 ) ) ;
#2896 = AXIS2_PLACEMENT_3D ( 'NONE', #2746, #1379, #1855 ) ;
#2897 = EDGE_CURVE ( 'NONE', #2019, #856, #986, .T. ) ;
#2898 = CARTESIAN_POINT ( 'NONE',  ( 38.60000000000000142, 1.500000000000000000, -17.00000000000000000 ) ) ;
#2899 = PLANE ( 'NONE',  #247 ) ;
#2900 = AXIS2_PLACEMENT_3D ( 'NONE', #1361, #2279, #2048 ) ;
#2901 = ORIENTED_EDGE ( 'NONE', *, *, #1794, .F. ) ;
#2902 = AXIS2_PLACEMENT_3D ( 'NONE', #1094, #2232, #1064 ) ;
#2903 = FACE_OUTER_BOUND ( 'NONE', #667, .T. ) ;
#2904 = LINE ( 'NONE', #2222, #482 ) ;
#2905 = CIRCLE ( 'NONE', #1746, 2.999999999999999112 ) ;
#2906 = ORIENTED_EDGE ( 'NONE', *, *, #2647, .F. ) ;
#2907 = VERTEX_POINT ( 'NONE', #2784 ) ;
#2908 = DIRECTION ( 'NONE',  ( 0.000000000000000000, 0.000000000000000000, -1.000000000000000000 ) ) ;
#2909 = EDGE_CURVE ( 'NONE', #2282, #307, #34, .T. ) ;
#2910 = EDGE_LOOP ( 'NONE', ( #2488, #1381 ) ) ;
#2911 = LINE ( 'NONE', #1728, #2129 ) ;
#2912 = AXIS2_PLACEMENT_3D ( 'NONE', #773, #323, #533 ) ;
#2914 = ORIENTED_EDGE ( 'NONE', *, *, #1496, .T. ) ;
#2913 = DIRECTION ( 'NONE',  ( 0.000000000000000000, 0.000000000000000000, -1.000000000000000000 ) ) ;
#2915 = CARTESIAN_POINT ( 'NONE',  ( 37.00000000000000000, 0.000000000000000000, 22.00000000000000000 ) ) ;
#2916 = FACE_OUTER_BOUND ( 'NONE', #2386, .T. ) ;
#2917 = CARTESIAN_POINT ( 'NONE',  ( 34.39999999999999858, 1.500000000000000000, -7.000000000000000000 ) ) ;
#2918 = ORIENTED_EDGE ( 'NONE', *, *, #2397, .F. ) ;
#2919 = DIRECTION ( 'NONE',  ( 1.000000000000000000, 0.000000000000000000, 0.000000000000000000 ) ) ;
#2920 = FACE_OUTER_BOUND ( 'NONE', #2588, .T. ) ;
#2921 = ORIENTED_EDGE ( 'NONE', *, *, #2928, .T. ) ;
#2922 = EDGE_CURVE ( 'NONE', #1376, #2665, #72, .T. ) ;
#2923 = ORIENTED_EDGE ( 'NONE', *, *, #1690, .F. ) ;
#2924 = CARTESIAN_POINT ( 'NONE',  ( 29.44999999999959783, 1.500000000000000000, 13.15000000000000036 ) ) ;
#2925 = CARTESIAN_POINT ( 'NONE',  ( 33.39999999999999858, 11.00000000000000000, -17.00000000000000000 ) ) ;
#2926 = ORIENTED_EDGE ( 'NONE', *, *, #2090, .T. ) ;
#2927 = CARTESIAN_POINT ( 'NONE',  ( 25.39999999999999858, 11.00000000000000000, -8.000000000000000000 ) ) ;
#2928 = EDGE_CURVE ( 'NONE', #2024, #2288, #1882, .T. ) ;
#2929 = CARTESIAN_POINT ( 'NONE',  ( 30.59999999999999787, 1.500000000000000000, 16.00000000000000000 ) ) ;
#2930 = DIRECTION ( 'NONE',  ( -1.000000000000000000, 0.000000000000000000, 0.000000000000000000 ) ) ;
#2931 = ORIENTED_EDGE ( 'NONE', *, *, #2701, .T. ) ;
#2932 = EDGE_LOOP ( 'NONE', ( #1671, #2633, #1415, #147 ) ) ;
#2933 = DIRECTION ( 'NONE',  ( 0.000000000000000000, 1.000000000000000000, 0.000000000000000000 ) ) ;
#2934 = DIRECTION ( 'NONE',  ( 1.000000000000000000, 0.000000000000000000, 0.000000000000000000 ) ) ;
#2935 = EDGE_CURVE ( 'NONE', #2557, #1807, #525, .T. ) ;
#2936 = ORIENTED_EDGE ( 'NONE', *, *, #632, .T. ) ;
#2937 = AXIS2_PLACEMENT_3D ( 'NONE', #676, #1840, #2760 ) ;
#2938 = VERTEX_POINT ( 'NONE', #2818 ) ;
#2939 = EDGE_CURVE ( 'NONE', #290, #1380, #493, .T. ) ;
#2940 = CARTESIAN_POINT ( 'NONE',  ( 38.29999999999999716, 1.500000000000000000, 22.00000000000000000 ) ) ;
#2941 = DIRECTION ( 'NONE',  ( 0.000000000000000000, 0.000000000000000000, 1.000000000000000000 ) ) ;
#2942 = VECTOR ( 'NONE', #1983, 1000.000000000000000 ) ;
#2943 = ORIENTED_EDGE ( 'NONE', *, *, #93, .F. ) ;
#2944 = DIRECTION ( 'NONE',  ( 6.938893903907230350E-16, 0.000000000000000000, 1.000000000000000000 ) ) ;
#2945 = ORIENTED_EDGE ( 'NONE', *, *, #84, .F. ) ;
#2946 = DIRECTION ( 'NONE',  ( 1.000000000000000000, 0.000000000000000000, 0.000000000000000000 ) ) ;
#2947 = FACE_OUTER_BOUND ( 'NONE', #2176, .T. ) ;
#2948 = EDGE_CURVE ( 'NONE', #1353, #2824, #1674, .T. ) ;
#2949 = VERTEX_POINT ( 'NONE', #544 ) ;
#2950 = PRESENTATION_LAYER_ASSIGNMENT (  '', '', ( #2845 ) ) ;
#2951 = ORIENTED_EDGE ( 'NONE', *, *, #731, .T. ) ;
#2952 = AXIS2_PLACEMENT_3D ( 'NONE', #2353, #2804, #1944 ) ;
#2953 = CARTESIAN_POINT ( 'NONE',  ( 37.00000000000000000, 0.000000000000000000, -25.00000000000000000 ) ) ;
#2954 = FACE_OUTER_BOUND ( 'NONE', #649, .T. ) ;
#2955 = VECTOR ( 'NONE', #2260, 1000.000000000000000 ) ;
#2956 = EDGE_LOOP ( 'NONE', ( #746, #2570, #2635, #991 ) ) ;
#2957 = ORIENTED_EDGE ( 'NONE', *, *, #2180, .T. ) ;
#2958 = CARTESIAN_POINT ( 'NONE',  ( 37.00000000000000000, 0.000000000000000000, 22.00000000000000000 ) ) ;
#2959 = CARTESIAN_POINT ( 'NONE',  ( 37.60000000000000142, 1.500000000000000000, 5.000000000000000000 ) ) ;
#2960 = ADVANCED_FACE ( 'NONE', ( #2877 ), #814, .T. ) ;
#2961 = DIRECTION ( 'NONE',  ( 1.000000000000000000, 0.000000000000000000, 0.000000000000000000 ) ) ;
#2962 = DIRECTION ( 'NONE',  ( -0.7071067811865451302, 0.000000000000000000, -0.7071067811865499042 ) ) ;
#2963 = PLANE ( 'NONE',  #2027 ) ;
#2964 = ORIENTED_EDGE ( 'NONE', *, *, #1759, .F. ) ;
#2965 = CARTESIAN_POINT ( 'NONE',  ( -38.29999999999999716, 1.500000000000000000, -22.00000000000000000 ) ) ;
#2966 = CARTESIAN_POINT ( 'NONE',  ( 0.000000000000000000, 0.000000000000000000, -4.440892098500630106E-15 ) ) ;
#2967 = ORIENTED_EDGE ( 'NONE', *, *, #367, .F. ) ;
#2968 = EDGE_CURVE ( 'NONE', #2631, #2744, #1015, .T. ) ;
#2969 = ORIENTED_EDGE ( 'NONE', *, *, #538, .F. ) ;
#2970 = LINE ( 'NONE', #1564, #235 ) ;
#2971 = DIRECTION ( 'NONE',  ( -1.000000000000000000, 0.000000000000000000, 0.000000000000000000 ) ) ;
#2972 = EDGE_CURVE ( 'NONE', #785, #382, #848, .T. ) ;
#2973 = CARTESIAN_POINT ( 'NONE',  ( 37.00000000000000000, 1.500000000000000000, -22.00000000000000000 ) ) ;
#2974 = DIRECTION ( 'NONE',  ( 0.000000000000000000, -1.000000000000000000, 0.000000000000000000 ) ) ;
#2975 = VERTEX_POINT ( 'NONE', #599 ) ;
#2976 = FACE_OUTER_BOUND ( 'NONE', #2193, .T. ) ;
#2977 = LINE ( 'NONE', #2808, #2220 ) ;
#2978 = ORIENTED_EDGE ( 'NONE', *, *, #1364, .T. ) ;
#2979 = ORIENTED_EDGE ( 'NONE', *, *, #1418, .F. ) ;
#2980 = CARTESIAN_POINT ( 'NONE',  ( 38.29999999999999716, 1.500000000000000000, -22.00000000000000000 ) ) ;
#2981 = EDGE_CURVE ( 'NONE', #355, #2379, #1929, .T. ) ;
#2982 = VECTOR ( 'NONE', #275, 1000.000000000000000 ) ;
#2983 = EDGE_LOOP ( 'NONE', ( #852, #1992, #1178, #479 ) ) ;
#2984 = AXIS2_PLACEMENT_3D ( 'NONE', #1805, #657, #671 ) ;
#2985 = CARTESIAN_POINT ( 'NONE',  ( -40.00000000000000000, 1.500000000000000000, -16.40000000000000213 ) ) ;
#2986 = LINE ( 'NONE', #2497, #1685 ) ;
#2987 = DIRECTION ( 'NONE',  ( -0.000000000000000000, 1.000000000000000000, 0.000000000000000000 ) ) ;
#2988 = EDGE_LOOP ( 'NONE', ( #2099, #860, #504, #506 ) ) ;
#2989 = ADVANCED_FACE ( 'NONE', ( #132 ), #2168, .F. ) ;
#2990 = CARTESIAN_POINT ( 'NONE',  ( 3.550000000000000266, 8.650000000000000355, 19.90000000000000213 ) ) ;
#2991 = CARTESIAN_POINT ( 'NONE',  ( 38.60000000000000142, 1.500000000000000000, -5.000000000000000000 ) ) ;
#2992 = ORIENTED_EDGE ( 'NONE', *, *, #1496, .F. ) ;
#2993 = CIRCLE ( 'NONE', #1314, 1.300000000000002487 ) ;
#2994 = VERTEX_POINT ( 'NONE', #1483 ) ;
#2995 = DIRECTION ( 'NONE',  ( 1.000000000000000000, 0.000000000000000000, 0.000000000000000000 ) ) ;
ENDSEC;
END-ISO-10303-21;
