ISO-10303-21;
HEADER;
FILE_DESCRIPTION (( 'STEP AP214' ),
    '1' );
FILE_NAME ('camera mount.STEP',
    '2026-08-02T23:53:25',
    ( '' ),
    ( '' ),
    'SwSTEP 2.0',
    'SolidWorks 2025',
    '' );
FILE_SCHEMA (( 'AUTOMOTIVE_DESIGN' ));
ENDSEC;

DATA;
#1 = EDGE_LOOP ( 'NONE', ( #1264, #1229, #535, #800 ) ) ;
#2 = FACE_BOUND ( 'NONE', #167, .T. ) ;
#3 = ORIENTED_EDGE ( 'NONE', *, *, #764, .F. ) ;
#4 = VECTOR ( 'NONE', #1413, 1000.000000000000000 ) ;
#5 = LINE ( 'NONE', #715, #439 ) ;
#6 = CARTESIAN_POINT ( 'NONE',  ( -17.70000000000000639, -8.650000000000000355, -12.10732848254210126 ) ) ;
#7 = VERTEX_POINT ( 'NONE', #1422 ) ;
#8 = FACE_OUTER_BOUND ( 'NONE', #358, .T. ) ;
#9 = EDGE_CURVE ( 'NONE', #1512, #13, #444, .T. ) ;
#10 = VERTEX_POINT ( 'NONE', #897 ) ;
#11 = DIRECTION ( 'NONE',  ( 3.570000551687708031E-32, -1.000000000000000000, 4.115930407499066514E-16 ) ) ;
#12 = DIRECTION ( 'NONE',  ( -7.511572993685801319E-17, 0.4999999999999994449, -0.8660254037844390407 ) ) ;
#13 = VERTEX_POINT ( 'NONE', #284 ) ;
#14 = LINE ( 'NONE', #1470, #1421 ) ;
#15 = VERTEX_POINT ( 'NONE', #321 ) ;
#16 = DIRECTION ( 'NONE',  ( 0.000000000000000000, -0.8660254037844384856, 0.5000000000000003331 ) ) ;
#17 = ADVANCED_FACE ( 'NONE', ( #408 ), #416, .F. ) ;
#18 = EDGE_LOOP ( 'NONE', ( #917, #1463, #971, #652 ) ) ;
#19 = LINE ( 'NONE', #630, #80 ) ;
#20 = DIRECTION ( 'NONE',  ( 0.000000000000000000, -0.8660254037844382635, 0.5000000000000005551 ) ) ;
#21 = VECTOR ( 'NONE', #1430, 1000.000000000000000 ) ;
#22 = AXIS2_PLACEMENT_3D ( 'NONE', #158, #679, #922 ) ;
#23 = VERTEX_POINT ( 'NONE', #452 ) ;
#24 = DIRECTION ( 'NONE',  ( -1.000000000000000000, -0.000000000000000000, 8.673617379884034239E-17 ) ) ;
#25 = EDGE_LOOP ( 'NONE', ( #791, #704 ) ) ;
#26 = FACE_BOUND ( 'NONE', #25, .T. ) ;
#27 = CYLINDRICAL_SURFACE ( 'NONE', #1331, 2.200000000000000622 ) ;
#28 = ADVANCED_FACE ( 'NONE', ( #934 ), #81, .F. ) ;
#29 = ORIENTED_EDGE ( 'NONE', *, *, #1418, .T. ) ;
#30 = CARTESIAN_POINT ( 'NONE',  ( 0.000000000000000000, 60.63500000000000512, 0.000000000000000000 ) ) ;
#31 = AXIS2_PLACEMENT_3D ( 'NONE', #274, #1008, #247 ) ;
#32 = ORIENTED_EDGE ( 'NONE', *, *, #797, .T. ) ;
#33 = DIRECTION ( 'NONE',  ( -6.308085367188387283E-15, 0.000000000000000000, 1.000000000000000000 ) ) ;
#34 = PLANE ( 'NONE',  #976 ) ;
#35 = ADVANCED_FACE ( 'NONE', ( #1125, #520, #905 ), #1262, .F. ) ;
#36 = DIRECTION ( 'NONE',  ( -1.000000000000000000, 0.000000000000000000, 0.000000000000000000 ) ) ;
#37 = LINE ( 'NONE', #438, #407 ) ;
#38 = ORIENTED_EDGE ( 'NONE', *, *, #486, .F. ) ;
#39 = CARTESIAN_POINT ( 'NONE',  ( 4.470280076681873265E-15, 60.00000000000000711, 20.00000000000000355 ) ) ;
#40 = ORIENTED_EDGE ( 'NONE', *, *, #1504, .T. ) ;
#41 = CARTESIAN_POINT ( 'NONE',  ( 40.00000000000007816, -5.000000000000000000, 12.20000000000038831 ) ) ;
#42 = AXIS2_PLACEMENT_3D ( 'NONE', #953, #214, #328 ) ;
#43 = ORIENTED_EDGE ( 'NONE', *, *, #1279, .F. ) ;
#44 = LINE ( 'NONE', #1140, #1087 ) ;
#45 = CIRCLE ( 'NONE', #456, 2.200000000000000622 ) ;
#46 = ADVANCED_FACE ( 'NONE', ( #649 ), #1132, .F. ) ;
#47 = ORIENTED_EDGE ( 'NONE', *, *, #1464, .T. ) ;
#48 = DIRECTION ( 'NONE',  ( 7.511572993685797621E-17, 0.4999999999999999445, 0.8660254037844387076 ) ) ;
#49 = ORIENTED_EDGE ( 'NONE', *, *, #1175, .T. ) ;
#50 = DIRECTION ( 'NONE',  ( 0.9557790087219519837, 0.2940858488375168722, 0.000000000000000000 ) ) ;
#51 = DIRECTION ( 'NONE',  ( -8.673617379884034239E-17, 0.000000000000000000, 1.000000000000000000 ) ) ;
#52 = VECTOR ( 'NONE', #1522, 1000.000000000000000 ) ;
#53 = CARTESIAN_POINT ( 'NONE',  ( -12.69999999999994067, -5.000000000000000000, -9.999999999999966249 ) ) ;
#54 = ORIENTED_EDGE ( 'NONE', *, *, #548, .T. ) ;
#55 = ADVANCED_FACE ( 'NONE', ( #1376 ), #292, .F. ) ;
#56 = CYLINDRICAL_SURFACE ( 'NONE', #896, 2.200000000000000622 ) ;
#57 = VERTEX_POINT ( 'NONE', #573 ) ;
#58 = EDGE_CURVE ( 'NONE', #273, #563, #663, .T. ) ;
#59 = PLANE ( 'NONE',  #1498 ) ;
#60 = CARTESIAN_POINT ( 'NONE',  ( -14.70000000000000462, -5.000000000000000000, -9.999999999999978684 ) ) ;
#61 = AXIS2_PLACEMENT_3D ( 'NONE', #674, #177, #426 ) ;
#62 = ORIENTED_EDGE ( 'NONE', *, *, #843, .F. ) ;
#63 = DIRECTION ( 'NONE',  ( 0.000000000000000000, -0.8660254037844385966, 0.4999999999999998890 ) ) ;
#64 = ORIENTED_EDGE ( 'NONE', *, *, #309, .F. ) ;
#65 = LINE ( 'NONE', #691, #159 ) ;
#66 = EDGE_CURVE ( 'NONE', #772, #643, #1536, .T. ) ;
#67 = DIRECTION ( 'NONE',  ( -7.096596038086935890E-15, 0.000000000000000000, 1.000000000000000000 ) ) ;
#68 = VERTEX_POINT ( 'NONE', #106 ) ;
#69 = CARTESIAN_POINT ( 'NONE',  ( -12.70000000000000639, 0.000000000000000000, 20.00000000000000000 ) ) ;
#70 = VECTOR ( 'NONE', #114, 1000.000000000000000 ) ;
#71 = ORIENTED_EDGE ( 'NONE', *, *, #1195, .T. ) ;
#72 = DIRECTION ( 'NONE',  ( -0.2940858488375168722, 0.9557790087219519837, 0.000000000000000000 ) ) ;
#73 = AXIS2_PLACEMENT_3D ( 'NONE', #644, #992, #1101 ) ;
#74 = EDGE_CURVE ( 'NONE', #1563, #1510, #904, .T. ) ;
#75 = PLANE ( 'NONE',  #1370 ) ;
#76 = LINE ( 'NONE', #582, #551 ) ;
#77 = VECTOR ( 'NONE', #1197, 1000.000000000000000 ) ;
#78 = ORIENTED_EDGE ( 'NONE', *, *, #171, .T. ) ;
#79 = LINE ( 'NONE', #1026, #617 ) ;
#80 = VECTOR ( 'NONE', #993, 1000.000000000000000 ) ;
#81 = PLANE ( 'NONE',  #488 ) ;
#82 = LINE ( 'NONE', #957, #989 ) ;
#83 = EDGE_CURVE ( 'NONE', #871, #310, #1565, .T. ) ;
#84 = ORIENTED_EDGE ( 'NONE', *, *, #1041, .F. ) ;
#85 = FACE_OUTER_BOUND ( 'NONE', #1174, .T. ) ;
#86 = EDGE_LOOP ( 'NONE', ( #623, #1282, #672, #680 ) ) ;
#87 = DIRECTION ( 'NONE',  ( -0.9557790087219502073, 0.2940858488375227564, 0.000000000000000000 ) ) ;
#88 = CARTESIAN_POINT ( 'NONE',  ( -39.99999999999997868, 5.000000000000000000, -20.00000000000000000 ) ) ;
#89 = DIRECTION ( 'NONE',  ( 0.000000000000000000, -0.8660254037844382635, 0.5000000000000005551 ) ) ;
#90 = ORIENTED_EDGE ( 'NONE', *, *, #281, .F. ) ;
#91 = LINE ( 'NONE', #324, #301 ) ;
#92 = EDGE_CURVE ( 'NONE', #259, #690, #978, .T. ) ;
#93 = ORIENTED_EDGE ( 'NONE', *, *, #339, .F. ) ;
#94 = FACE_OUTER_BOUND ( 'NONE', #132, .T. ) ;
#95 = VECTOR ( 'NONE', #1360, 1000.000000000000000 ) ;
#96 = AXIS2_PLACEMENT_3D ( 'NONE', #1394, #796, #1147 ) ;
#97 = PLANE ( 'NONE',  #1071 ) ;
#98 = DIRECTION ( 'NONE',  ( 0.000000000000000000, 1.000000000000000000, 0.000000000000000000 ) ) ;
#99 = ORIENTED_EDGE ( 'NONE', *, *, #508, .T. ) ;
#100 = DIRECTION ( 'NONE',  ( 0.000000000000000000, 0.8660254037844388186, 0.4999999999999996114 ) ) ;
#101 = EDGE_CURVE ( 'NONE', #620, #1517, #1077, .T. ) ;
#102 = ORIENTED_EDGE ( 'NONE', *, *, #1066, .F. ) ;
#103 = PLANE ( 'NONE',  #1377 ) ;
#104 = AXIS2_PLACEMENT_3D ( 'NONE', #347, #120, #1070 ) ;
#105 = EDGE_CURVE ( 'NONE', #1517, #400, #5, .T. ) ;
#106 = CARTESIAN_POINT ( 'NONE',  ( 0.000000000000000000, 64.77519999999999811, -8.333739999999998815 ) ) ;
#107 = DIRECTION ( 'NONE',  ( 0.9557790087219502073, -0.2940858488375228674, 0.000000000000000000 ) ) ;
#108 = EDGE_LOOP ( 'NONE', ( #852, #1469, #302, #959 ) ) ;
#109 = PLANE ( 'NONE',  #382 ) ;
#110 = ORIENTED_EDGE ( 'NONE', *, *, #864, .T. ) ;
#111 = PLANE ( 'NONE',  #1427 ) ;
#112 = DIRECTION ( 'NONE',  ( 8.659560562354921765E-17, -0.7071067811865484609, 0.7071067811865465735 ) ) ;
#113 = EDGE_CURVE ( 'NONE', #7, #458, #1557, .T. ) ;
#114 = DIRECTION ( 'NONE',  ( -0.000000000000000000, 1.000000000000000000, -0.000000000000000000 ) ) ;
#115 = VECTOR ( 'NONE', #1312, 1000.000000000000000 ) ;
#116 = ORIENTED_EDGE ( 'NONE', *, *, #1057, .F. ) ;
#117 = CARTESIAN_POINT ( 'NONE',  ( -12.61425345481888982, 60.00000000000000711, 20.00000000000000355 ) ) ;
#118 = EDGE_LOOP ( 'NONE', ( #618, #464, #196, #1317, #946, #980, #135, #78, #1234, #1249, #577, #1407, #789, #1178 ) ) ;
#119 = CARTESIAN_POINT ( 'NONE',  ( -12.69999999999994067, -5.000000000000000000, -9.999999999999966249 ) ) ;
#120 = DIRECTION ( 'NONE',  ( -0.000000000000000000, -1.000000000000000000, -0.000000000000000000 ) ) ;
#121 = VECTOR ( 'NONE', #633, 1000.000000000000227 ) ;
#122 = AXIS2_PLACEMENT_3D ( 'NONE', #226, #1409, #928 ) ;
#123 = EDGE_CURVE ( 'NONE', #345, #532, #1314, .T. ) ;
#124 = DIRECTION ( 'NONE',  ( -1.000000000000000000, -0.000000000000000000, -0.000000000000000000 ) ) ;
#125 = EDGE_LOOP ( 'NONE', ( #1266, #568, #1180, #442, #1431, #153, #276, #213, #287, #1273, #923, #745, #1035, #304 ) ) ;
#126 = CARTESIAN_POINT ( 'NONE',  ( -17.70000000000000639, -5.000000000000001776, 5.785343034915768179 ) ) ;
#127 = ORIENTED_EDGE ( 'NONE', *, *, #467, .T. ) ;
#128 = AXIS2_PLACEMENT_3D ( 'NONE', #1166, #661, #1145 ) ;
#129 = CARTESIAN_POINT ( 'NONE',  ( 0.000000000000000000, 60.00000000000000711, 0.000000000000000000 ) ) ;
#130 = AXIS2_PLACEMENT_3D ( 'NONE', #816, #165, #1139 ) ;
#131 = DIRECTION ( 'NONE',  ( 0.000000000000000000, 0.000000000000000000, -1.000000000000000000 ) ) ;
#132 = EDGE_LOOP ( 'NONE', ( #713, #1246, #761, #829 ) ) ;
#133 = LINE ( 'NONE', #1230, #639 ) ;
#134 = EDGE_CURVE ( 'NONE', #178, #530, #215, .T. ) ;
#135 = ORIENTED_EDGE ( 'NONE', *, *, #517, .F. ) ;
#136 = CARTESIAN_POINT ( 'NONE',  ( 0.000000000000000000, 70.00000000000001421, -3.378200000000005421 ) ) ;
#137 = ORIENTED_EDGE ( 'NONE', *, *, #486, .T. ) ;
#138 = CARTESIAN_POINT ( 'NONE',  ( -14.70000000000000817, -1.350000000000000089, 7.892671517457899633 ) ) ;
#139 = LINE ( 'NONE', #859, #766 ) ;
#140 = ORIENTED_EDGE ( 'NONE', *, *, #1205, .F. ) ;
#141 = CARTESIAN_POINT ( 'NONE',  ( 40.00000000000002132, 5.000000000000000000, 20.00000000000000355 ) ) ;
#142 = ORIENTED_EDGE ( 'NONE', *, *, #1316, .F. ) ;
#143 = ADVANCED_FACE ( 'NONE', ( #1189, #865 ), #97, .T. ) ;
#144 = CARTESIAN_POINT ( 'NONE',  ( -14.70000000000000817, -4.999999999999999112, 14.21465696508430199 ) ) ;
#145 = DIRECTION ( 'NONE',  ( 0.000000000000000000, 0.000000000000000000, -1.000000000000000000 ) ) ;
#146 = CARTESIAN_POINT ( 'NONE',  ( -14.70000000000000817, -1.350000000000000089, 7.892671517457899633 ) ) ;
#147 = AXIS2_PLACEMENT_3D ( 'NONE', #146, #12, #1124 ) ;
#148 = VECTOR ( 'NONE', #1090, 1000.000000000000000 ) ;
#149 = EDGE_LOOP ( 'NONE', ( #1080, #418 ) ) ;
#150 = DIRECTION ( 'NONE',  ( -0.000000000000000000, -1.000000000000000000, -0.000000000000000000 ) ) ;
#151 = ORIENTED_EDGE ( 'NONE', *, *, #383, .F. ) ;
#152 =( LENGTH_UNIT ( ) NAMED_UNIT ( * ) SI_UNIT ( .MILLI., .METRE. ) );
#153 = ORIENTED_EDGE ( 'NONE', *, *, #1464, .F. ) ;
#154 = DIRECTION ( 'NONE',  ( 0.000000000000000000, 0.8660254037844387076, 0.4999999999999998335 ) ) ;
#155 = EDGE_CURVE ( 'NONE', #218, #965, #587, .T. ) ;
#156 = AXIS2_PLACEMENT_3D ( 'NONE', #595, #833, #225 ) ;
#157 = CARTESIAN_POINT ( 'NONE',  ( 17.70000000000000284, -10.00000000000000000, 20.00000000000000355 ) ) ;
#158 = CARTESIAN_POINT ( 'NONE',  ( -14.70000000000000817, -5.000000000000000888, -14.21465696508423626 ) ) ;
#159 = VECTOR ( 'NONE', #903, 1000.000000000000000 ) ;
#160 = EDGE_LOOP ( 'NONE', ( #251, #1111, #658, #334 ) ) ;
#161 = PLANE ( 'NONE',  #612 ) ;
#162 = EDGE_LOOP ( 'NONE', ( #665, #1089, #378, #433 ) ) ;
#163 = CARTESIAN_POINT ( 'NONE',  ( 0.000000000000000000, 64.77519999999999811, 0.000000000000000000 ) ) ;
#164 = EDGE_CURVE ( 'NONE', #458, #899, #1182, .T. ) ;
#165 = DIRECTION ( 'NONE',  ( -1.000000000000000000, -0.000000000000000000, -6.678685382510670237E-15 ) ) ;
#166 = CARTESIAN_POINT ( 'NONE',  ( -14.70000000000000817, -4.999999999999999112, -5.785343034915698901 ) ) ;
#167 = EDGE_LOOP ( 'NONE', ( #32, #522 ) ) ;
#168 = LINE ( 'NONE', #1518, #423 ) ;
#169 = LINE ( 'NONE', #1528, #1173 ) ;
#170 = VECTOR ( 'NONE', #960, 1000.000000000000000 ) ;
#171 = EDGE_CURVE ( 'NONE', #763, #584, #961, .T. ) ;
#172 = UNCERTAINTY_MEASURE_WITH_UNIT (LENGTH_MEASURE( 1.000000000000000082E-05 ), #152, 'distance_accuracy_value', 'NONE');
#173 = CARTESIAN_POINT ( 'NONE',  ( -12.70000000000014140, -10.00000000000000000, 20.00000000000000000 ) ) ;
#174 = CARTESIAN_POINT ( 'NONE',  ( -14.70000000000000817, -1.349999999999999645, 12.10732848254216698 ) ) ;
#175 = AXIS2_PLACEMENT_3D ( 'NONE', #1126, #1455, #1107 ) ;
#176 = ORIENTED_EDGE ( 'NONE', *, *, #875, .F. ) ;
#177 = DIRECTION ( 'NONE',  ( 1.000000000000000000, 0.000000000000000000, 4.336808689942017736E-17 ) ) ;
#178 = VERTEX_POINT ( 'NONE', #954 ) ;
#179 = DIRECTION ( 'NONE',  ( -1.000000000000000000, -0.000000000000000000, -6.678685382510670237E-15 ) ) ;
#180 = FACE_OUTER_BOUND ( 'NONE', #118, .T. ) ;
#181 = EDGE_LOOP ( 'NONE', ( #99, #974, #702, #1382 ) ) ;
#182 = CARTESIAN_POINT ( 'NONE',  ( -17.70000000000000639, -10.00000000000000000, -20.00000000000000000 ) ) ;
#183 = EDGE_CURVE ( 'NONE', #721, #273, #1255, .T. ) ;
#184 = ORIENTED_EDGE ( 'NONE', *, *, #291, .T. ) ;
#185 = DIRECTION ( 'NONE',  ( 0.000000000000000000, -0.000000000000000000, -1.000000000000000000 ) ) ;
#186 = DIRECTION ( 'NONE',  ( -0.000000000000000000, -1.000000000000000000, -0.000000000000000000 ) ) ;
#187 = ORIENTED_EDGE ( 'NONE', *, *, #1279, .T. ) ;
#188 = DIRECTION ( 'NONE',  ( 0.2940858488375228119, 0.9557790087219500963, 1.275394064827543652E-17 ) ) ;
#189 = EDGE_CURVE ( 'NONE', #1319, #1521, #969, .T. ) ;
#190 = VERTEX_POINT ( 'NONE', #1450 ) ;
#191 = CARTESIAN_POINT ( 'NONE',  ( 20.00000000000047962, 70.00000000000001421, 123.0776406404415297 ) ) ;
#192 = CARTESIAN_POINT ( 'NONE',  ( 17.70000000000000284, -10.00000000000000000, 20.00000000000000355 ) ) ;
#193 = ORIENTED_EDGE ( 'NONE', *, *, #1514, .F. ) ;
#194 = CARTESIAN_POINT ( 'NONE',  ( 29.53733037789583449, 4.999999999999999112, 123.0776406404415297 ) ) ;
#195 = VECTOR ( 'NONE', #1133, 1000.000000000000000 ) ;
#196 = ORIENTED_EDGE ( 'NONE', *, *, #134, .F. ) ;
#197 = PLANE ( 'NONE',  #415 ) ;
#198 =( GEOMETRIC_REPRESENTATION_CONTEXT ( 3 ) GLOBAL_UNCERTAINTY_ASSIGNED_CONTEXT ( ( #172 ) ) GLOBAL_UNIT_ASSIGNED_CONTEXT ( ( #152, #1373, #749 ) ) REPRESENTATION_CONTEXT ( 'NONE', 'WORKASPACE' ) );
#199 = CARTESIAN_POINT ( 'NONE',  ( -14.70000000000000817, -8.650000000000002132, 7.892671517457904962 ) ) ;
#200 = EDGE_CURVE ( 'NONE', #1363, #178, #364, .T. ) ;
#201 = CARTESIAN_POINT ( 'NONE',  ( -12.69999999999986962, -10.00000000000000000, -20.00000000000000000 ) ) ;
#202 = VECTOR ( 'NONE', #1153, 1000.000000000000000 ) ;
#203 = ORIENTED_EDGE ( 'NONE', *, *, #856, .F. ) ;
#204 = CYLINDRICAL_SURFACE ( 'NONE', #311, 2.200000000000000622 ) ;
#205 = ORIENTED_EDGE ( 'NONE', *, *, #1121, .T. ) ;
#206 = CARTESIAN_POINT ( 'NONE',  ( -12.69999999999986962, -10.00000000000000000, -20.00000000000000000 ) ) ;
#207 = CARTESIAN_POINT ( 'NONE',  ( 28.38815585872654168, 8.734817187300267349, 20.00000000000000355 ) ) ;
#208 = EDGE_CURVE ( 'NONE', #1201, #435, #942, .T. ) ;
#209 = DIRECTION ( 'NONE',  ( 0.000000000000000000, -0.000000000000000000, 1.000000000000000000 ) ) ;
#210 = CIRCLE ( 'NONE', #61, 2.200000000000000622 ) ;
#211 = ORIENTED_EDGE ( 'NONE', *, *, #134, .T. ) ;
#212 = CARTESIAN_POINT ( 'NONE',  ( -29.53733037789580607, 5.000000000000000000, -20.00000000000000000 ) ) ;
#213 = ORIENTED_EDGE ( 'NONE', *, *, #1385, .T. ) ;
#214 = DIRECTION ( 'NONE',  ( -1.000000000000000000, -0.000000000000000000, -6.808789643208967846E-15 ) ) ;
#215 = LINE ( 'NONE', #1428, #828 ) ;
#216 = FACE_OUTER_BOUND ( 'NONE', #125, .T. ) ;
#217 = ADVANCED_FACE ( 'NONE', ( #356, #1329, #232 ), #858, .F. ) ;
#218 = VERTEX_POINT ( 'NONE', #579 ) ;
#219 = DIRECTION ( 'NONE',  ( 0.000000000000000000, -0.000000000000000000, 1.000000000000000000 ) ) ;
#220 = ADVANCED_FACE ( 'NONE', ( #1545 ), #338, .F. ) ;
#221 = ORIENTED_EDGE ( 'NONE', *, *, #440, .T. ) ;
#222 = DIRECTION ( 'NONE',  ( -1.000000000000000000, -0.000000000000000000, -6.678685382510670237E-15 ) ) ;
#223 = VECTOR ( 'NONE', #1245, 1000.000000000000000 ) ;
#224 = VECTOR ( 'NONE', #861, 1000.000000000000000 ) ;
#225 = DIRECTION ( 'NONE',  ( 0.000000000000000000, 0.000000000000000000, -1.000000000000000000 ) ) ;
#226 = CARTESIAN_POINT ( 'NONE',  ( -14.70000000000000817, -5.000000000000001776, 5.785343034915768179 ) ) ;
#227 = LINE ( 'NONE', #569, #1359 ) ;
#228 = ORIENTED_EDGE ( 'NONE', *, *, #625, .F. ) ;
#229 = ADVANCED_FACE ( 'NONE', ( #1481 ), #1252, .F. ) ;
#230 = CARTESIAN_POINT ( 'NONE',  ( -14.70000000000000817, -1.350000000000000533, -12.10732848254210303 ) ) ;
#231 = AXIS2_PLACEMENT_3D ( 'NONE', #1244, #1224, #154 ) ;
#232 = FACE_OUTER_BOUND ( 'NONE', #1461, .T. ) ;
#233 = VECTOR ( 'NONE', #1465, 1000.000000000000000 ) ;
#234 = CARTESIAN_POINT ( 'NONE',  ( -39.99999999999997868, 0.000000000000000000, -20.00000000000000000 ) ) ;
#235 = ORIENTED_EDGE ( 'NONE', *, *, #883, .T. ) ;
#236 = LINE ( 'NONE', #401, #1275 ) ;
#237 = ORIENTED_EDGE ( 'NONE', *, *, #1286, .F. ) ;
#238 = CARTESIAN_POINT ( 'NONE',  ( -14.70000000000000817, -8.649999999999998579, -7.892671517457832131 ) ) ;
#239 = EDGE_CURVE ( 'NONE', #822, #380, #283, .T. ) ;
#240 = DIRECTION ( 'NONE',  ( -6.808789643208967846E-15, 0.000000000000000000, 1.000000000000000000 ) ) ;
#241 = FACE_OUTER_BOUND ( 'NONE', #1395, .T. ) ;
#242 = VECTOR ( 'NONE', #222, 1000.000000000000000 ) ;
#243 = VERTEX_POINT ( 'NONE', #533 ) ;
#244 = DIRECTION ( 'NONE',  ( -0.000000000000000000, -1.000000000000000000, -0.000000000000000000 ) ) ;
#245 = ORIENTED_EDGE ( 'NONE', *, *, #105, .F. ) ;
#246 = ORIENTED_EDGE ( 'NONE', *, *, #105, .T. ) ;
#247 = DIRECTION ( 'NONE',  ( 0.000000000000000000, 0.000000000000000000, 1.000000000000000000 ) ) ;
#248 = VECTOR ( 'NONE', #878, 1000.000000000000000 ) ;
#249 = EDGE_CURVE ( 'NONE', #561, #563, #1451, .T. ) ;
#250 = FACE_BOUND ( 'NONE', #343, .T. ) ;
#251 = ORIENTED_EDGE ( 'NONE', *, *, #764, .T. ) ;
#252 = DIRECTION ( 'NONE',  ( -0.000000000000000000, -1.000000000000000000, -0.000000000000000000 ) ) ;
#253 = ORIENTED_EDGE ( 'NONE', *, *, #1001, .T. ) ;
#254 = SURFACE_SIDE_STYLE ('',( #863 ) ) ;
#255 = VECTOR ( 'NONE', #784, 1000.000000000000000 ) ;
#256 = CARTESIAN_POINT ( 'NONE',  ( 17.70000000000000639, -5.000000000000000000, -9.999999999999761968 ) ) ;
#257 = LINE ( 'NONE', #752, #637 ) ;
#258 = EDGE_CURVE ( 'NONE', #273, #721, #778, .T. ) ;
#259 = VERTEX_POINT ( 'NONE', #506 ) ;
#260 = CARTESIAN_POINT ( 'NONE',  ( -39.99999999999997868, 0.000000000000000000, 20.00000000000000000 ) ) ;
#261 = ORIENTED_EDGE ( 'NONE', *, *, #712, .F. ) ;
#262 = CARTESIAN_POINT ( 'NONE',  ( 17.70000000000000639, -5.000000000000000000, -12.19999999999976303 ) ) ;
#263 = VECTOR ( 'NONE', #696, 1000.000000000000000 ) ;
#264 = VERTEX_POINT ( 'NONE', #498 ) ;
#265 = DIRECTION ( 'NONE',  ( -1.000000000000000000, -0.000000000000000000, -6.678685382510670237E-15 ) ) ;
#266 = CARTESIAN_POINT ( 'NONE',  ( 17.70000000000000639, -5.000000000000000000, -9.999999999999761968 ) ) ;
#267 = ORIENTED_EDGE ( 'NONE', *, *, #825, .T. ) ;
#268 = CARTESIAN_POINT ( 'NONE',  ( 37.94594594594598647, 11.67567567567533793, 20.00000000000000355 ) ) ;
#269 = ADVANCED_FACE ( 'NONE', ( #399 ), #1260, .F. ) ;
#270 = ORIENTED_EDGE ( 'NONE', *, *, #636, .F. ) ;
#271 = CARTESIAN_POINT ( 'NONE',  ( -14.70000000000000817, -4.999999999999999112, 14.21465696508430199 ) ) ;
#272 = EDGE_CURVE ( 'NONE', #7, #336, #1018, .T. ) ;
#273 = VERTEX_POINT ( 'NONE', #874 ) ;
#274 = CARTESIAN_POINT ( 'NONE',  ( -14.70000000000000462, -5.000000000000000000, 10.00000000000002132 ) ) ;
#275 = CARTESIAN_POINT ( 'NONE',  ( 0.000000000000000000, 0.000000000000000000, 0.000000000000000000 ) ) ;
#276 = ORIENTED_EDGE ( 'NONE', *, *, #684, .F. ) ;
#277 = CARTESIAN_POINT ( 'NONE',  ( -14.70000000000000462, -5.000000000000000000, -9.999999999999978684 ) ) ;
#278 = VECTOR ( 'NONE', #975, 1000.000000000000000 ) ;
#279 = EDGE_LOOP ( 'NONE', ( #540, #1433, #651, #727 ) ) ;
#280 = CARTESIAN_POINT ( 'NONE',  ( 12.70000000000000284, -10.00000000000000000, 20.00000000000000000 ) ) ;
#281 = EDGE_CURVE ( 'NONE', #1341, #996, #887, .T. ) ;
#282 = EDGE_LOOP ( 'NONE', ( #270, #1037, #592, #1399 ) ) ;
#283 = LINE ( 'NONE', #41, #567 ) ;
#284 = CARTESIAN_POINT ( 'NONE',  ( -17.70000000000000639, -1.350000000000000533, -12.10732848254210303 ) ) ;
#285 = CARTESIAN_POINT ( 'NONE',  ( -12.70000000000005613, -5.000000000000000000, 7.800000000000034461 ) ) ;
#286 = VECTOR ( 'NONE', #541, 1000.000000000000000 ) ;
#287 = ORIENTED_EDGE ( 'NONE', *, *, #1184, .T. ) ;
#288 = CARTESIAN_POINT ( 'NONE',  ( -14.70000000000000817, -1.350000000000000533, -12.10732848254210303 ) ) ;
#289 = ORIENTED_EDGE ( 'NONE', *, *, #1123, .F. ) ;
#290 = LINE ( 'NONE', #191, #202 ) ;
#291 = EDGE_CURVE ( 'NONE', #682, #243, #621, .T. ) ;
#292 = CYLINDRICAL_SURFACE ( 'NONE', #130, 2.200000000000000622 ) ;
#293 = DIRECTION ( 'NONE',  ( 7.511572993685796389E-17, -0.5000000000000001110, 0.8660254037844387076 ) ) ;
#294 = ORIENTED_EDGE ( 'NONE', *, *, #883, .F. ) ;
#295 = LINE ( 'NONE', #1164, #1092 ) ;
#296 = EDGE_LOOP ( 'NONE', ( #137, #367 ) ) ;
#297 = FACE_OUTER_BOUND ( 'NONE', #181, .T. ) ;
#298 = ADVANCED_FACE ( 'NONE', ( #1129 ), #34, .F. ) ;
#299 = VECTOR ( 'NONE', #1315, 1000.000000000000000 ) ;
#300 = CARTESIAN_POINT ( 'NONE',  ( 12.70000000000000284, -5.000000000000000000, 10.00000000000020428 ) ) ;
#301 = VECTOR ( 'NONE', #1533, 1000.000000000000227 ) ;
#302 = ORIENTED_EDGE ( 'NONE', *, *, #272, .F. ) ;
#303 = DIRECTION ( 'NONE',  ( -0.2940858488375228119, -0.9557790087219500963, 0.000000000000000000 ) ) ;
#304 = ORIENTED_EDGE ( 'NONE', *, *, #843, .T. ) ;
#305 = DIRECTION ( 'NONE',  ( 0.000000000000000000, -1.000000000000000000, 0.000000000000000000 ) ) ;
#306 = APPLICATION_PROTOCOL_DEFINITION ( 'draft international standard', 'automotive_design', 1998, #1397 ) ;
#307 = DIRECTION ( 'NONE',  ( 0.000000000000000000, -0.8660254037844385966, -0.5000000000000000000 ) ) ;
#308 = VECTOR ( 'NONE', #466, 1000.000000000000000 ) ;
#309 = EDGE_CURVE ( 'NONE', #380, #1388, #723, .T. ) ;
#310 = VERTEX_POINT ( 'NONE', #406 ) ;
#311 = AXIS2_PLACEMENT_3D ( 'NONE', #718, #1179, #703 ) ;
#312 = CARTESIAN_POINT ( 'NONE',  ( 12.61425345481930194, 60.00000000000000711, 123.0776406404415297 ) ) ;
#313 = ORIENTED_EDGE ( 'NONE', *, *, #83, .F. ) ;
#314 = DIRECTION ( 'NONE',  ( -0.000000000000000000, 1.000000000000000000, -0.000000000000000000 ) ) ;
#315 = PLANE ( 'NONE',  #122 ) ;
#316 = ORIENTED_EDGE ( 'NONE', *, *, #429, .F. ) ;
#317 = CARTESIAN_POINT ( 'NONE',  ( 0.000000000000000000, 60.00000000000000711, 123.0776406404415297 ) ) ;
#318 = ORIENTED_EDGE ( 'NONE', *, *, #281, .T. ) ;
#319 = CARTESIAN_POINT ( 'NONE',  ( 40.00000000000009237, -5.000000000000000000, 10.00000000000038725 ) ) ;
#320 = CIRCLE ( 'NONE', #866, 2.200000000000000622 ) ;
#321 = CARTESIAN_POINT ( 'NONE',  ( -14.70000000000000817, -8.650000000000002132, 12.10732848254216876 ) ) ;
#322 = CARTESIAN_POINT ( 'NONE',  ( 1.020588801592626256E-15, 64.77519999999999811, 8.333739999999998815 ) ) ;
#323 = ORIENTED_EDGE ( 'NONE', *, *, #806, .T. ) ;
#324 = CARTESIAN_POINT ( 'NONE',  ( -17.70000000000000639, -8.649999999999998579, -7.892671517457832131 ) ) ;
#325 = VECTOR ( 'NONE', #1239, 1000.000000000000000 ) ;
#326 = AXIS2_PLACEMENT_3D ( 'NONE', #1438, #98, #209 ) ;
#327 = ORIENTED_EDGE ( 'NONE', *, *, #189, .F. ) ;
#328 = DIRECTION ( 'NONE',  ( -7.096596038086935890E-15, 0.000000000000000000, 1.000000000000000000 ) ) ;
#329 = EDGE_CURVE ( 'NONE', #667, #23, #929, .T. ) ;
#330 = VECTOR ( 'NONE', #872, 1000.000000000000000 ) ;
#331 = CARTESIAN_POINT ( 'NONE',  ( -17.70000000000000639, -1.350000000000000089, -7.892671517457832131 ) ) ;
#332 = FACE_OUTER_BOUND ( 'NONE', #296, .T. ) ;
#333 = AXIS2_PLACEMENT_3D ( 'NONE', #1400, #305, #185 ) ;
#334 = ORIENTED_EDGE ( 'NONE', *, *, #272, .T. ) ;
#335 = CARTESIAN_POINT ( 'NONE',  ( -17.70000000000000639, -5.000000000000000888, -14.21465696508423626 ) ) ;
#336 = VERTEX_POINT ( 'NONE', #1112 ) ;
#337 = CARTESIAN_POINT ( 'NONE',  ( -39.99999999999997868, 5.000000000000000000, 20.00000000000000000 ) ) ;
#338 = CYLINDRICAL_SURFACE ( 'NONE', #854, 8.333739999999998815 ) ;
#339 = EDGE_CURVE ( 'NONE', #982, #511, #1473, .T. ) ;
#340 = EDGE_CURVE ( 'NONE', #932, #879, #381, .T. ) ;
#341 = CARTESIAN_POINT ( 'NONE',  ( -39.99999999999997868, 5.000000000000000000, 20.00000000000000000 ) ) ;
#342 = VECTOR ( 'NONE', #1310, 1000.000000000000000 ) ;
#343 = EDGE_LOOP ( 'NONE', ( #1334, #1294 ) ) ;
#344 = CARTESIAN_POINT ( 'NONE',  ( 17.70000000000000639, -10.00000000000000000, -20.00000000000000000 ) ) ;
#345 = VERTEX_POINT ( 'NONE', #138 ) ;
#346 = CARTESIAN_POINT ( 'NONE',  ( 0.000000000000000000, 5.000000000000000000, 0.000000000000000000 ) ) ;
#347 = CARTESIAN_POINT ( 'NONE',  ( 0.000000000000000000, 70.00000000000001421, 0.000000000000000000 ) ) ;
#348 = CARTESIAN_POINT ( 'NONE',  ( 0.000000000000000000, 0.000000000000000000, 0.000000000000000000 ) ) ;
#349 = EDGE_CURVE ( 'NONE', #1299, #965, #19, .T. ) ;
#350 = VERTEX_POINT ( 'NONE', #390 ) ;
#351 = DIRECTION ( 'NONE',  ( -0.000000000000000000, -1.000000000000000000, -0.000000000000000000 ) ) ;
#352 = EDGE_LOOP ( 'NONE', ( #228, #748, #632, #84 ) ) ;
#353 = CARTESIAN_POINT ( 'NONE',  ( -17.70000000000000284, -10.00000000000000000, 20.00000000000000355 ) ) ;
#354 = CIRCLE ( 'NONE', #1248, 2.200000000000000622 ) ;
#355 = AXIS2_PLACEMENT_3D ( 'NONE', #560, #409, #67 ) ;
#356 = FACE_BOUND ( 'NONE', #1495, .T. ) ;
#357 = CARTESIAN_POINT ( 'NONE',  ( 0.000000000000000000, 60.00000000000000711, 0.000000000000000000 ) ) ;
#358 = EDGE_LOOP ( 'NONE', ( #807, #211, #740, #487 ) ) ;
#359 = FACE_OUTER_BOUND ( 'NONE', #839, .T. ) ;
#360 = ADVANCED_FACE ( 'NONE', ( #881 ), #27, .F. ) ;
#361 = ORIENTED_EDGE ( 'NONE', *, *, #392, .T. ) ;
#362 = DIRECTION ( 'NONE',  ( -7.096596038086935890E-15, 0.000000000000000000, 1.000000000000000000 ) ) ;
#363 = VECTOR ( 'NONE', #481, 1000.000000000000000 ) ;
#364 = LINE ( 'NONE', #1442, #1198 ) ;
#365 = AXIS2_PLACEMENT_3D ( 'NONE', #774, #525, #515 ) ;
#366 = CARTESIAN_POINT ( 'NONE',  ( -37.94594594594594383, 11.67567567567565945, 20.00000000000000355 ) ) ;
#367 = ORIENTED_EDGE ( 'NONE', *, *, #1251, .T. ) ;
#368 = CARTESIAN_POINT ( 'NONE',  ( 40.00000000000019895, -5.000000000000000000, -7.799999999999612577 ) ) ;
#369 = VERTEX_POINT ( 'NONE', #759 ) ;
#370 = DIRECTION ( 'NONE',  ( -8.673617379884034239E-17, 0.000000000000000000, -1.000000000000000000 ) ) ;
#371 = EDGE_CURVE ( 'NONE', #721, #561, #65, .T. ) ;
#372 = ORIENTED_EDGE ( 'NONE', *, *, #402, .F. ) ;
#373 = DIRECTION ( 'NONE',  ( 0.000000000000000000, -0.8660254037844389297, -0.4999999999999993339 ) ) ;
#374 = CARTESIAN_POINT ( 'NONE',  ( 12.70000000000000284, -5.000000000000000000, 10.00000000000020428 ) ) ;
#375 = STYLED_ITEM ( 'NONE', ( #999 ), #671 ) ;
#376 = ORIENTED_EDGE ( 'NONE', *, *, #467, .F. ) ;
#377 = CARTESIAN_POINT ( 'NONE',  ( 0.000000000000000000, -10.00000000000000000, 0.000000000000000000 ) ) ;
#378 = ORIENTED_EDGE ( 'NONE', *, *, #422, .F. ) ;
#379 = LINE ( 'NONE', #1458, #742 ) ;
#380 = VERTEX_POINT ( 'NONE', #792 ) ;
#381 = LINE ( 'NONE', #638, #1453 ) ;
#382 = AXIS2_PLACEMENT_3D ( 'NONE', #1333, #951, #1170 ) ;
#383 = EDGE_CURVE ( 'NONE', #563, #561, #648, .T. ) ;
#384 = FACE_OUTER_BOUND ( 'NONE', #282, .T. ) ;
#385 = ORIENTED_EDGE ( 'NONE', *, *, #1001, .F. ) ;
#386 = LINE ( 'NONE', #605, #148 ) ;
#387 = EDGE_LOOP ( 'NONE', ( #692, #1115, #1141, #493 ) ) ;
#388 = DIRECTION ( 'NONE',  ( 0.000000000000000000, 0.8660254037844384856, -0.5000000000000002220 ) ) ;
#389 = ORIENTED_EDGE ( 'NONE', *, *, #1474, .F. ) ;
#390 = CARTESIAN_POINT ( 'NONE',  ( 17.70000000000000284, -5.000000000000000000, 12.20000000000023910 ) ) ;
#391 = AXIS2_PLACEMENT_3D ( 'NONE', #527, #1010, #787 ) ;
#392 = EDGE_CURVE ( 'NONE', #350, #709, #1172, .T. ) ;
#393 = DIRECTION ( 'NONE',  ( -0.000000000000000000, -1.000000000000000000, -0.000000000000000000 ) ) ;
#394 = EDGE_CURVE ( 'NONE', #1045, #218, #1038, .T. ) ;
#395 = ORIENTED_EDGE ( 'NONE', *, *, #371, .F. ) ;
#396 = DIRECTION ( 'NONE',  ( 1.000000000000000000, 0.000000000000000000, 4.336808689942017736E-17 ) ) ;
#397 = EDGE_LOOP ( 'NONE', ( #1096, #1127, #361, #717 ) ) ;
#398 = LINE ( 'NONE', #1257, #768 ) ;
#399 = FACE_OUTER_BOUND ( 'NONE', #925, .T. ) ;
#400 = VERTEX_POINT ( 'NONE', #933 ) ;
#401 = CARTESIAN_POINT ( 'NONE',  ( -14.70000000000000817, -8.650000000000002132, 7.892671517457904962 ) ) ;
#402 = EDGE_CURVE ( 'NONE', #1185, #1210, #1290, .T. ) ;
#403 = MECHANICAL_DESIGN_GEOMETRIC_PRESENTATION_REPRESENTATION (  '', ( #375 ), #198 ) ;
#404 = ORIENTED_EDGE ( 'NONE', *, *, #901, .T. ) ;
#405 = FILL_AREA_STYLE ('',( #1472 ) ) ;
#406 = CARTESIAN_POINT ( 'NONE',  ( 1.098353873338483296E-15, 60.00000000000000711, 8.968740000000000379 ) ) ;
#407 = VECTOR ( 'NONE', #780, 1000.000000000000000 ) ;
#408 = FACE_OUTER_BOUND ( 'NONE', #162, .T. ) ;
#409 = DIRECTION ( 'NONE',  ( -1.000000000000000000, -0.000000000000000000, -6.808789643208967846E-15 ) ) ;
#410 = ORIENTED_EDGE ( 'NONE', *, *, #448, .F. ) ;
#411 = ADVANCED_FACE ( 'NONE', ( #297 ), #197, .F. ) ;
#412 = LINE ( 'NONE', #916, #626 ) ;
#413 = ORIENTED_EDGE ( 'NONE', *, *, #329, .F. ) ;
#414 = DIRECTION ( 'NONE',  ( 0.000000000000000000, 0.000000000000000000, -1.000000000000000000 ) ) ;
#415 = AXIS2_PLACEMENT_3D ( 'NONE', #436, #911, #918 ) ;
#416 = PLANE ( 'NONE',  #1379 ) ;
#417 = PLANE ( 'NONE',  #1490 ) ;
#418 = ORIENTED_EDGE ( 'NONE', *, *, #594, .T. ) ;
#419 = LINE ( 'NONE', #39, #689 ) ;
#420 = ORIENTED_EDGE ( 'NONE', *, *, #1457, .T. ) ;
#421 = CARTESIAN_POINT ( 'NONE',  ( 4.470280076681873265E-15, 70.00000000000001421, 20.00000000000000355 ) ) ;
#422 = EDGE_CURVE ( 'NONE', #544, #15, #1535, .T. ) ;
#423 = VECTOR ( 'NONE', #1293, 1000.000000000000000 ) ;
#424 = DIRECTION ( 'NONE',  ( -0.000000000000000000, -1.000000000000000000, -0.000000000000000000 ) ) ;
#425 = ORIENTED_EDGE ( 'NONE', *, *, #1109, .F. ) ;
#426 = DIRECTION ( 'NONE',  ( 0.000000000000000000, 0.000000000000000000, -1.000000000000000000 ) ) ;
#427 = VERTEX_POINT ( 'NONE', #1383 ) ;
#428 = PLANE ( 'NONE',  #333 ) ;
#429 = EDGE_CURVE ( 'NONE', #1541, #446, #169, .T. ) ;
#430 = DIRECTION ( 'NONE',  ( -1.000000000000000000, -0.000000000000000000, -6.678685382510670237E-15 ) ) ;
#431 = CARTESIAN_POINT ( 'NONE',  ( -39.99999999999997868, 5.000000000000000000, -20.00000000000000000 ) ) ;
#432 = CIRCLE ( 'NONE', #662, 8.333739999999998815 ) ;
#433 = ORIENTED_EDGE ( 'NONE', *, *, #1022, .T. ) ;
#434 = DIRECTION ( 'NONE',  ( 0.000000000000000000, 0.000000000000000000, -1.000000000000000000 ) ) ;
#435 = VERTEX_POINT ( 'NONE', #1277 ) ;
#436 = CARTESIAN_POINT ( 'NONE',  ( 0.000000000000000000, -10.00000000000000000, 0.000000000000000000 ) ) ;
#437 = ADVANCED_FACE ( 'NONE', ( #1506 ), #556, .F. ) ;
#438 = CARTESIAN_POINT ( 'NONE',  ( 0.000000000000000000, 70.00000000000001421, -20.00000000000000000 ) ) ;
#439 = VECTOR ( 'NONE', #725, 1000.000000000000114 ) ;
#440 = EDGE_CURVE ( 'NONE', #400, #820, #79, .T. ) ;
#441 = CARTESIAN_POINT ( 'NONE',  ( 37.94594594594598647, 11.67567567567533970, 123.0776406404415297 ) ) ;
#442 = ORIENTED_EDGE ( 'NONE', *, *, #474, .T. ) ;
#443 = CARTESIAN_POINT ( 'NONE',  ( 17.70000000000000284, -5.000000000000000000, 10.00000000000023803 ) ) ;
#444 = LINE ( 'NONE', #331, #1098 ) ;
#445 = CARTESIAN_POINT ( 'NONE',  ( 40.00000000000002132, 5.000000000000000000, -20.00000000000000000 ) ) ;
#446 = VERTEX_POINT ( 'NONE', #1032 ) ;
#447 = CARTESIAN_POINT ( 'NONE',  ( 12.70000000000000284, 0.000000000000000000, 20.00000000000000000 ) ) ;
#448 = EDGE_CURVE ( 'NONE', #1045, #513, #290, .T. ) ;
#449 = ORIENTED_EDGE ( 'NONE', *, *, #1003, .T. ) ;
#450 = DIRECTION ( 'NONE',  ( 0.000000000000000000, 0.000000000000000000, -1.000000000000000000 ) ) ;
#451 = CIRCLE ( 'NONE', #812, 2.200000000000000622 ) ;
#452 = CARTESIAN_POINT ( 'NONE',  ( 17.70000000000000639, -5.000000000000000000, -7.799999999999761791 ) ) ;
#453 = CARTESIAN_POINT ( 'NONE',  ( -39.99999999999997868, 5.000000000000000000, 20.00000000000000000 ) ) ;
#454 = EDGE_LOOP ( 'NONE', ( #1539, #1454, #1302, #93 ) ) ;
#455 = DIRECTION ( 'NONE',  ( 0.000000000000000000, -0.8660254037844387076, -0.4999999999999998335 ) ) ;
#456 = AXIS2_PLACEMENT_3D ( 'NONE', #300, #664, #1403 ) ;
#457 = ADVANCED_FACE ( 'NONE', ( #1267 ), #59, .F. ) ;
#458 = VERTEX_POINT ( 'NONE', #1408 ) ;
#459 = LINE ( 'NONE', #206, #694 ) ;
#460 = DIRECTION ( 'NONE',  ( -1.000000000000000000, 0.000000000000000000, -0.000000000000000000 ) ) ;
#461 = DIRECTION ( 'NONE',  ( -0.000000000000000000, -1.000000000000000000, -0.000000000000000000 ) ) ;
#462 = ORIENTED_EDGE ( 'NONE', *, *, #1336, .T. ) ;
#463 = FACE_OUTER_BOUND ( 'NONE', #1051, .T. ) ;
#464 = ORIENTED_EDGE ( 'NONE', *, *, #912, .F. ) ;
#465 = DIRECTION ( 'NONE',  ( 0.000000000000000000, -0.8660254037844387076, -0.4999999999999998335 ) ) ;
#466 = DIRECTION ( 'NONE',  ( -1.000000000000000000, -0.000000000000000000, 8.673617379884034239E-17 ) ) ;
#467 = EDGE_CURVE ( 'NONE', #489, #350, #1024, .T. ) ;
#468 = CARTESIAN_POINT ( 'NONE',  ( -14.70000000000000817, -1.349999999999999645, 12.10732848254216698 ) ) ;
#469 = VECTOR ( 'NONE', #1389, 1000.000000000000114 ) ;
#470 = PLANE ( 'NONE',  #870 ) ;
#471 = EDGE_LOOP ( 'NONE', ( #987, #848, #1505, #1049 ) ) ;
#472 = DIRECTION ( 'NONE',  ( -8.673617379884034239E-17, -0.000000000000000000, 1.000000000000000000 ) ) ;
#473 = DIRECTION ( 'NONE',  ( 0.000000000000000000, 0.000000000000000000, -1.000000000000000000 ) ) ;
#474 = EDGE_CURVE ( 'NONE', #772, #862, #815, .T. ) ;
#475 = DIRECTION ( 'NONE',  ( -0.000000000000000000, 0.000000000000000000, 1.000000000000000000 ) ) ;
#476 = EDGE_LOOP ( 'NONE', ( #40, #1146 ) ) ;
#477 = LINE ( 'NONE', #821, #1237 ) ;
#478 = ORIENTED_EDGE ( 'NONE', *, *, #155, .T. ) ;
#479 = DIRECTION ( 'NONE',  ( -0.2940858488375227564, -0.9557790087219502073, 0.000000000000000000 ) ) ;
#480 = VECTOR ( 'NONE', #1086, 1000.000000000000000 ) ;
#481 = DIRECTION ( 'NONE',  ( -0.000000000000000000, 1.000000000000000000, -0.000000000000000000 ) ) ;
#482 = AXIS2_PLACEMENT_3D ( 'NONE', #497, #1128, #33 ) ;
#483 = DIRECTION ( 'NONE',  ( -0.000000000000000000, 1.000000000000000000, -0.000000000000000000 ) ) ;
#484 = ORIENTED_EDGE ( 'NONE', *, *, #795, .F. ) ;
#485 = LINE ( 'NONE', #368, #248 ) ;
#486 = EDGE_CURVE ( 'NONE', #68, #1311, #826, .T. ) ;
#487 = ORIENTED_EDGE ( 'NONE', *, *, #684, .T. ) ;
#488 = AXIS2_PLACEMENT_3D ( 'NONE', #641, #36, #1483 ) ;
#489 = VERTEX_POINT ( 'NONE', #668 ) ;
#490 = DIRECTION ( 'NONE',  ( -0.2940858488375168722, 0.9557790087219519837, -1.275394064827517614E-17 ) ) ;
#491 = VECTOR ( 'NONE', #1103, 1000.000000000000000 ) ;
#492 = LINE ( 'NONE', #979, #1322 ) ;
#493 = ORIENTED_EDGE ( 'NONE', *, *, #249, .T. ) ;
#494 = DIRECTION ( 'NONE',  ( -0.000000000000000000, -1.000000000000000000, -0.000000000000000000 ) ) ;
#495 = ORIENTED_EDGE ( 'NONE', *, *, #1392, .T. ) ;
#496 = ADVANCED_FACE ( 'NONE', ( #1513 ), #428, .T. ) ;
#497 = CARTESIAN_POINT ( 'NONE',  ( 40.00000000000021316, -5.000000000000000000, -9.999999999999612754 ) ) ;
#498 = CARTESIAN_POINT ( 'NONE',  ( -17.70000000000000639, -8.649999999999998579, -7.892671517457832131 ) ) ;
#499 = FACE_OUTER_BOUND ( 'NONE', #1082, .T. ) ;
#500 = EDGE_LOOP ( 'NONE', ( #537, #38, #1561, #1241 ) ) ;
#501 = FACE_OUTER_BOUND ( 'NONE', #387, .T. ) ;
#502 = ORIENTED_EDGE ( 'NONE', *, *, #614, .F. ) ;
#503 = CARTESIAN_POINT ( 'NONE',  ( -17.70000000000000284, -10.00000000000000000, 20.00000000000000355 ) ) ;
#504 = ADVANCED_FACE ( 'NONE', ( #677 ), #103, .T. ) ;
#505 = VECTOR ( 'NONE', #124, 1000.000000000000000 ) ;
#506 = CARTESIAN_POINT ( 'NONE',  ( 29.53733037789582738, 5.000000000000000000, 20.00000000000000355 ) ) ;
#507 = CIRCLE ( 'NONE', #583, 8.333739999999998815 ) ;
#508 = EDGE_CURVE ( 'NONE', #10, #772, #1426, .T. ) ;
#509 = CARTESIAN_POINT ( 'NONE',  ( -39.99999999999997868, 5.000000000000000000, 20.00000000000000000 ) ) ;
#510 = PRODUCT ( 'camera mount', 'camera mount', '', ( #769 ) ) ;
#511 = VERTEX_POINT ( 'NONE', #1303 ) ;
#512 = LINE ( 'NONE', #1355, #325 ) ;
#513 = VERTEX_POINT ( 'NONE', #1204 ) ;
#514 = CYLINDRICAL_SURFACE ( 'NONE', #482, 2.200000000000000622 ) ;
#515 = DIRECTION ( 'NONE',  ( 0.000000000000000000, 0.000000000000000000, -1.000000000000000000 ) ) ;
#516 = VECTOR ( 'NONE', #1321, 1000.000000000000000 ) ;
#517 = EDGE_CURVE ( 'NONE', #763, #10, #459, .T. ) ;
#518 =( NAMED_UNIT ( * ) SI_UNIT ( $, .STERADIAN. ) SOLID_ANGLE_UNIT ( ) );
#519 = AXIS2_PLACEMENT_3D ( 'NONE', #163, #1487, #414 ) ;
#520 = FACE_BOUND ( 'NONE', #1006, .T. ) ;
#521 = DIRECTION ( 'NONE',  ( 0.000000000000000000, 0.8660254037844384856, -0.5000000000000002220 ) ) ;
#522 = ORIENTED_EDGE ( 'NONE', *, *, #74, .T. ) ;
#523 = DIRECTION ( 'NONE',  ( 0.000000000000000000, 4.115930407499066514E-16, 1.000000000000000000 ) ) ;
#524 = ORIENTED_EDGE ( 'NONE', *, *, #835, .T. ) ;
#525 = DIRECTION ( 'NONE',  ( -0.000000000000000000, -1.000000000000000000, -0.000000000000000000 ) ) ;
#526 = ADVANCED_FACE ( 'NONE', ( #94 ), #578, .F. ) ;
#527 = CARTESIAN_POINT ( 'NONE',  ( 0.000000000000000000, 60.00000000000000711, 0.000000000000000000 ) ) ;
#528 = LINE ( 'NONE', #771, #893 ) ;
#529 = VECTOR ( 'NONE', #600, 1000.000000000000000 ) ;
#530 = VERTEX_POINT ( 'NONE', #1060 ) ;
#531 = LINE ( 'NONE', #312, #1159 ) ;
#532 = VERTEX_POINT ( 'NONE', #730 ) ;
#533 = CARTESIAN_POINT ( 'NONE',  ( -17.70000000000000639, -1.350000000000000089, 7.892671517457899633 ) ) ;
#534 = VECTOR ( 'NONE', #20, 1000.000000000000114 ) ;
#535 = ORIENTED_EDGE ( 'NONE', *, *, #693, .F. ) ;
#536 = CARTESIAN_POINT ( 'NONE',  ( -39.99999999999997868, 5.000000000000000000, -20.00000000000000000 ) ) ;
#537 = ORIENTED_EDGE ( 'NONE', *, *, #835, .F. ) ;
#538 = LINE ( 'NONE', #782, #469 ) ;
#539 = ADVANCED_FACE ( 'NONE', ( #608 ), #111, .T. ) ;
#540 = ORIENTED_EDGE ( 'NONE', *, *, #654, .T. ) ;
#541 = DIRECTION ( 'NONE',  ( -1.000000000000000000, -0.000000000000000000, -6.678685382510670237E-15 ) ) ;
#542 = AXIS2_PLACEMENT_3D ( 'NONE', #346, #1441, #1076 ) ;
#543 = APPLICATION_PROTOCOL_DEFINITION ( 'draft international standard', 'automotive_design', 1998, #1503 ) ;
#544 = VERTEX_POINT ( 'NONE', #1093 ) ;
#545 = PLANE ( 'NONE',  #22 ) ;
#546 = ORIENTED_EDGE ( 'NONE', *, *, #58, .T. ) ;
#547 = CARTESIAN_POINT ( 'NONE',  ( -12.70000000000014140, -10.00000000000000000, 20.00000000000000000 ) ) ;
#548 = EDGE_CURVE ( 'NONE', #1029, #584, #947, .T. ) ;
#549 = ORIENTED_EDGE ( 'NONE', *, *, #1109, .T. ) ;
#550 = CARTESIAN_POINT ( 'NONE',  ( 28.38815585872654168, 8.734817187300269126, 123.0776406404415297 ) ) ;
#551 = VECTOR ( 'NONE', #945, 1000.000000000000000 ) ;
#552 = DIRECTION ( 'NONE',  ( 1.000000000000000000, 0.000000000000000000, -0.000000000000000000 ) ) ;
#553 = ORIENTED_EDGE ( 'NONE', *, *, #1494, .F. ) ;
#554 = DIRECTION ( 'NONE',  ( -1.000000000000000000, -0.000000000000000000, 8.673617379884034239E-17 ) ) ;
#555 = ORIENTED_EDGE ( 'NONE', *, *, #1326, .T. ) ;
#556 = CYLINDRICAL_SURFACE ( 'NONE', #1304, 2.200000000000000622 ) ;
#557 = EDGE_CURVE ( 'NONE', #350, #489, #451, .T. ) ;
#558 = ADVANCED_FACE ( 'NONE', ( #1320 ), #968, .F. ) ;
#559 = CONICAL_SURFACE ( 'NONE', #609, 8.968740000000000379, 0.7853981633974469467 ) ;
#560 = CARTESIAN_POINT ( 'NONE',  ( -12.70000000000007212, -5.000000000000000000, 10.00000000000003553 ) ) ;
#561 = VERTEX_POINT ( 'NONE', #941 ) ;
#562 = DIRECTION ( 'NONE',  ( -1.000000000000000000, -0.000000000000000000, -6.678685382510670237E-15 ) ) ;
#563 = VERTEX_POINT ( 'NONE', #1083 ) ;
#564 = CARTESIAN_POINT ( 'NONE',  ( 0.000000000000000000, 64.77519999999999811, 0.000000000000000000 ) ) ;
#565 = EDGE_CURVE ( 'NONE', #820, #1341, #593, .T. ) ;
#566 = PLANE ( 'NONE',  #1298 ) ;
#567 = VECTOR ( 'NONE', #741, 1000.000000000000000 ) ;
#568 = ORIENTED_EDGE ( 'NONE', *, *, #1558, .F. ) ;
#569 = CARTESIAN_POINT ( 'NONE',  ( -12.61425345481888982, 60.00000000000000711, 123.0776406404415297 ) ) ;
#570 = AXIS2_PLACEMENT_3D ( 'NONE', #256, #895, #751 ) ;
#571 = EDGE_LOOP ( 'NONE', ( #939, #546, #1547, #395 ) ) ;
#572 = CARTESIAN_POINT ( 'NONE',  ( -39.99999999999997868, 0.000000000000000000, -20.00000000000000000 ) ) ;
#573 = CARTESIAN_POINT ( 'NONE',  ( -39.99999999999997868, 5.000000000000000000, 20.00000000000000000 ) ) ;
#574 = FACE_OUTER_BOUND ( 'NONE', #1477, .T. ) ;
#575 = EDGE_CURVE ( 'NONE', #68, #982, #832, .T. ) ;
#576 = CARTESIAN_POINT ( 'NONE',  ( -20.00000000000000711, 70.00000000000001421, -20.00000000000000000 ) ) ;
#577 = ORIENTED_EDGE ( 'NONE', *, *, #349, .T. ) ;
#578 = PLANE ( 'NONE',  #542 ) ;
#579 = CARTESIAN_POINT ( 'NONE',  ( -20.00000000000000711, 70.00000000000001421, 20.00000000000000355 ) ) ;
#580 = DIRECTION ( 'NONE',  ( 0.000000000000000000, -0.000000000000000000, -1.000000000000000000 ) ) ;
#581 = PRODUCT_DEFINITION_FORMATION_WITH_SPECIFIED_SOURCE ( 'ANY', '', #510, .NOT_KNOWN. ) ;
#582 = CARTESIAN_POINT ( 'NONE',  ( 40.00000000000002132, 5.000000000000000000, 20.00000000000000355 ) ) ;
#583 = AXIS2_PLACEMENT_3D ( 'NONE', #30, #244, #1340 ) ;
#584 = VERTEX_POINT ( 'NONE', #1068 ) ;
#585 = EDGE_CURVE ( 'NONE', #435, #1100, #1550, .T. ) ;
#586 = CARTESIAN_POINT ( 'NONE',  ( -17.70000000000000284, 0.000000000000000000, 20.00000000000000355 ) ) ;
#587 = LINE ( 'NONE', #601, #802 ) ;
#588 = DIRECTION ( 'NONE',  ( 0.000000000000000000, -1.028982601874766998E-16, -1.000000000000000000 ) ) ;
#589 = ORIENTED_EDGE ( 'NONE', *, *, #614, .T. ) ;
#590 = LINE ( 'NONE', #1548, #1200 ) ;
#591 = CLOSED_SHELL ( 'NONE', ( #1523, #956, #46, #676, #1567, #55, #743, #526, #437, #1482, #1351, #496, #28, #1214, #558, #1404, #539, #217, #724, #411, #673, #35, #1138, #940, #360, #143, #785, #1270, #298, #1261, #229, #1402, #1551, #720, #963, #17, #1353, #1542, #984, #732, #457, #776, #1343, #504, #994, #1099, #1411, #220, #269 ) ) ;
#592 = ORIENTED_EDGE ( 'NONE', *, *, #1123, .T. ) ;
#593 = LINE ( 'NONE', #230, #657 ) ;
#594 = EDGE_CURVE ( 'NONE', #1231, #822, #1538, .T. ) ;
#595 = CARTESIAN_POINT ( 'NONE',  ( 12.70000000000000284, -5.000000000000000000, -9.999999999999795719 ) ) ;
#596 = CARTESIAN_POINT ( 'NONE',  ( -17.70000000000000639, -8.650000000000002132, 12.10732848254216876 ) ) ;
#597 = ORIENTED_EDGE ( 'NONE', *, *, #249, .F. ) ;
#598 = DIRECTION ( 'NONE',  ( 0.000000000000000000, 0.000000000000000000, -1.000000000000000000 ) ) ;
#599 = ORIENTED_EDGE ( 'NONE', *, *, #797, .F. ) ;
#600 = DIRECTION ( 'NONE',  ( -8.673617379884034239E-17, 0.000000000000000000, -1.000000000000000000 ) ) ;
#601 = CARTESIAN_POINT ( 'NONE',  ( -20.00000000000000711, 70.00000000000001421, 123.0776406404415297 ) ) ;
#602 = PRODUCT_RELATED_PRODUCT_CATEGORY ( 'part', '', ( #510 ) ) ;
#603 = CARTESIAN_POINT ( 'NONE',  ( -14.70000000000000817, -8.650000000000000355, -12.10732848254210126 ) ) ;
#604 = ORIENTED_EDGE ( 'NONE', *, *, #340, .F. ) ;
#605 = CARTESIAN_POINT ( 'NONE',  ( 40.00000000000019895, -5.000000000000000000, -7.799999999999612577 ) ) ;
#606 = CIRCLE ( 'NONE', #355, 2.200000000000000622 ) ;
#607 = EDGE_LOOP ( 'NONE', ( #235, #193, #967, #47 ) ) ;
#608 = FACE_OUTER_BOUND ( 'NONE', #1456, .T. ) ;
#609 = AXIS2_PLACEMENT_3D ( 'NONE', #357, #393, #131 ) ;
#610 = EDGE_LOOP ( 'NONE', ( #597, #151 ) ) ;
#611 = DIRECTION ( 'NONE',  ( -1.000000000000000000, 0.000000000000000000, -6.808789643208967846E-15 ) ) ;
#612 = AXIS2_PLACEMENT_3D ( 'NONE', #144, #1233, #16 ) ;
#613 = CARTESIAN_POINT ( 'NONE',  ( 12.70000000000000284, -5.000000000000000000, -7.799999999999794653 ) ) ;
#614 = EDGE_CURVE ( 'NONE', #1031, #770, #320, .T. ) ;
#615 = ORIENTED_EDGE ( 'NONE', *, *, #123, .T. ) ;
#616 = CARTESIAN_POINT ( 'NONE',  ( -14.70000000000000817, -5.000000000000001776, 5.785343034915768179 ) ) ;
#617 = VECTOR ( 'NONE', #1052, 1000.000000000000000 ) ;
#618 = ORIENTED_EDGE ( 'NONE', *, *, #208, .T. ) ;
#619 = VECTOR ( 'NONE', #490, 1000.000000000000114 ) ;
#620 = VERTEX_POINT ( 'NONE', #238 ) ;
#621 = LINE ( 'NONE', #653, #491 ) ;
#622 = DIRECTION ( 'NONE',  ( -1.000000000000000000, 0.000000000000000000, -0.000000000000000000 ) ) ;
#623 = ORIENTED_EDGE ( 'NONE', *, *, #1057, .T. ) ;
#624 = DIRECTION ( 'NONE',  ( 0.000000000000000000, 0.000000000000000000, -1.000000000000000000 ) ) ;
#625 = EDGE_CURVE ( 'NONE', #1231, #1388, #705, .T. ) ;
#626 = VECTOR ( 'NONE', #1158, 1000.000000000000000 ) ;
#627 = EDGE_LOOP ( 'NONE', ( #1043, #1492 ) ) ;
#628 = FACE_BOUND ( 'NONE', #1004, .T. ) ;
#629 = EDGE_LOOP ( 'NONE', ( #203, #750, #3, #1208 ) ) ;
#630 = CARTESIAN_POINT ( 'NONE',  ( -37.94594594594594383, 11.67567567567565767, -20.00000000000000000 ) ) ;
#631 = CARTESIAN_POINT ( 'NONE',  ( 12.70000000000000462, -10.00000000000000000, -20.00000000000000000 ) ) ;
#632 = ORIENTED_EDGE ( 'NONE', *, *, #239, .T. ) ;
#633 = DIRECTION ( 'NONE',  ( 0.000000000000000000, -0.8660254037844383745, 0.5000000000000003331 ) ) ;
#634 = ORIENTED_EDGE ( 'NONE', *, *, #1175, .F. ) ;
#635 = FACE_OUTER_BOUND ( 'NONE', #607, .T. ) ;
#636 = EDGE_CURVE ( 'NONE', #1031, #369, #857, .T. ) ;
#637 = VECTOR ( 'NONE', #1113, 1000.000000000000000 ) ;
#638 = CARTESIAN_POINT ( 'NONE',  ( -17.70000000000000639, -8.650000000000002132, 7.892671517457904962 ) ) ;
#639 = VECTOR ( 'NONE', #746, 1000.000000000000000 ) ;
#640 = CARTESIAN_POINT ( 'NONE',  ( -17.70000000000000639, -1.349999999999999867, -7.892671517457833907 ) ) ;
#641 = CARTESIAN_POINT ( 'NONE',  ( 40.00000000000002132, 5.000000000000000000, 20.00000000000000355 ) ) ;
#642 = CARTESIAN_POINT ( 'NONE',  ( 20.00000000000047251, 70.00000000000001421, 20.00000000000000355 ) ) ;
#643 = VERTEX_POINT ( 'NONE', #353 ) ;
#644 = CARTESIAN_POINT ( 'NONE',  ( 12.70000000000000284, -10.00000000000000000, 20.00000000000000000 ) ) ;
#645 = DIRECTION ( 'NONE',  ( -0.000000000000000000, -1.000000000000000000, -0.000000000000000000 ) ) ;
#646 = AXIS2_PLACEMENT_3D ( 'NONE', #1337, #611, #240 ) ;
#647 = EDGE_CURVE ( 'NONE', #1073, #1285, #849, .T. ) ;
#648 = CIRCLE ( 'NONE', #1529, 3.378199999999999648 ) ;
#649 = FACE_OUTER_BOUND ( 'NONE', #571, .T. ) ;
#650 = DIRECTION ( 'NONE',  ( -6.808789643208967846E-15, -0.000000000000000000, 1.000000000000000000 ) ) ;
#651 = ORIENTED_EDGE ( 'NONE', *, *, #1559, .F. ) ;
#652 = ORIENTED_EDGE ( 'NONE', *, *, #1227, .T. ) ;
#653 = CARTESIAN_POINT ( 'NONE',  ( -17.70000000000000639, -1.349999999999999645, 12.10732848254216698 ) ) ;
#654 = EDGE_CURVE ( 'NONE', #1521, #264, #1250, .T. ) ;
#655 = ORIENTED_EDGE ( 'NONE', *, *, #973, .F. ) ;
#656 = CARTESIAN_POINT ( 'NONE',  ( 0.000000000000000000, 64.77519999999999811, 0.000000000000000000 ) ) ;
#657 = VECTOR ( 'NONE', #465, 1000.000000000000000 ) ;
#658 = ORIENTED_EDGE ( 'NONE', *, *, #113, .F. ) ;
#659 = DIRECTION ( 'NONE',  ( 0.2940858488375150404, -0.9557790087219525388, 0.000000000000000000 ) ) ;
#660 = VERTEX_POINT ( 'NONE', #891 ) ;
#661 = DIRECTION ( 'NONE',  ( -0.000000000000000000, -1.000000000000000000, -0.000000000000000000 ) ) ;
#662 = AXIS2_PLACEMENT_3D ( 'NONE', #656, #186, #914 ) ;
#663 = LINE ( 'NONE', #1053, #775 ) ;
#664 = DIRECTION ( 'NONE',  ( 1.000000000000000000, 0.000000000000000000, 4.336808689942017736E-17 ) ) ;
#665 = ORIENTED_EDGE ( 'NONE', *, *, #340, .T. ) ;
#666 = CARTESIAN_POINT ( 'NONE',  ( -14.70000000000000817, -1.350000000000000533, -12.10732848254210303 ) ) ;
#667 = VERTEX_POINT ( 'NONE', #262 ) ;
#668 = CARTESIAN_POINT ( 'NONE',  ( 17.70000000000000284, -5.000000000000000000, 7.800000000000236966 ) ) ;
#669 = VECTOR ( 'NONE', #1050, 1000.000000000000000 ) ;
#670 = CARTESIAN_POINT ( 'NONE',  ( -14.70000000000000462, -5.000000000000000000, -7.799999999999978506 ) ) ;
#671 = MANIFOLD_SOLID_BREP ( 'CBORE for 1/4 Square Head Bolt1', #591 ) ;
#672 = ORIENTED_EDGE ( 'NONE', *, *, #647, .F. ) ;
#673 = ADVANCED_FACE ( 'NONE', ( #2, #26, #635 ), #765, .F. ) ;
#674 = CARTESIAN_POINT ( 'NONE',  ( 12.70000000000000284, -5.000000000000000000, -9.999999999999795719 ) ) ;
#675 = ORIENTED_EDGE ( 'NONE', *, *, #847, .T. ) ;
#676 = ADVANCED_FACE ( 'NONE', ( #739 ), #514, .F. ) ;
#677 = FACE_OUTER_BOUND ( 'NONE', #991, .T. ) ;
#678 = FACE_OUTER_BOUND ( 'NONE', #877, .T. ) ;
#679 = DIRECTION ( 'NONE',  ( -7.511572993685795156E-17, -0.5000000000000004441, -0.8660254037844383745 ) ) ;
#680 = ORIENTED_EDGE ( 'NONE', *, *, #701, .T. ) ;
#681 = LINE ( 'NONE', #1381, #834 ) ;
#682 = VERTEX_POINT ( 'NONE', #983 ) ;
#683 = DIRECTION ( 'NONE',  ( -1.000000000000000000, -0.000000000000000000, -8.673617379884034239E-17 ) ) ;
#684 = EDGE_CURVE ( 'NONE', #1419, #1363, #757, .T. ) ;
#685 = AXIS2_PLACEMENT_3D ( 'NONE', #1002, #430, #1154 ) ;
#686 = DIRECTION ( 'NONE',  ( -0.000000000000000000, 1.000000000000000000, -0.000000000000000000 ) ) ;
#687 = ORIENTED_EDGE ( 'NONE', *, *, #422, .T. ) ;
#688 = DIRECTION ( 'NONE',  ( 0.000000000000000000, 0.000000000000000000, -1.000000000000000000 ) ) ;
#689 = VECTOR ( 'NONE', #1287, 1000.000000000000000 ) ;
#690 = VERTEX_POINT ( 'NONE', #1242 ) ;
#691 = CARTESIAN_POINT ( 'NONE',  ( 0.000000000000000000, 60.00000000000000711, -3.378200000000002312 ) ) ;
#692 = ORIENTED_EDGE ( 'NONE', *, *, #58, .F. ) ;
#693 = EDGE_CURVE ( 'NONE', #530, #1419, #379, .T. ) ;
#694 = VECTOR ( 'NONE', #1328, 1000.000000000000000 ) ;
#695 = LINE ( 'NONE', #341, #299 ) ;
#696 = DIRECTION ( 'NONE',  ( -0.000000000000000000, 1.000000000000000000, -0.000000000000000000 ) ) ;
#697 = ORIENTED_EDGE ( 'NONE', *, *, #921, .T. ) ;
#698 = DIRECTION ( 'NONE',  ( 0.000000000000000000, -1.000000000000000000, 0.000000000000000000 ) ) ;
#699 = DIRECTION ( 'NONE',  ( -0.000000000000000000, 0.000000000000000000, 1.000000000000000000 ) ) ;
#700 = LINE ( 'NONE', #201, #818 ) ;
#701 = EDGE_CURVE ( 'NONE', #1073, #660, #1480, .T. ) ;
#702 = ORIENTED_EDGE ( 'NONE', *, *, #712, .T. ) ;
#703 = DIRECTION ( 'NONE',  ( -6.308085367188387283E-15, 0.000000000000000000, 1.000000000000000000 ) ) ;
#704 = ORIENTED_EDGE ( 'NONE', *, *, #1531, .T. ) ;
#705 = LINE ( 'NONE', #840, #242 ) ;
#706 = DIRECTION ( 'NONE',  ( 1.000000000000000000, 0.000000000000000000, 0.000000000000000000 ) ) ;
#707 = CARTESIAN_POINT ( 'NONE',  ( 40.00000000000002132, 5.000000000000000000, 20.00000000000000355 ) ) ;
#708 = VECTOR ( 'NONE', #1560, 1000.000000000000114 ) ;
#709 = VERTEX_POINT ( 'NONE', #773 ) ;
#710 = CARTESIAN_POINT ( 'NONE',  ( -17.70000000000000639, -5.000000000000000888, -14.21465696508423626 ) ) ;
#711 = AXIS2_PLACEMENT_3D ( 'NONE', #1219, #252, #981 ) ;
#712 = EDGE_CURVE ( 'NONE', #643, #763, #398, .T. ) ;
#713 = ORIENTED_EDGE ( 'NONE', *, *, #813, .T. ) ;
#714 = CARTESIAN_POINT ( 'NONE',  ( 40.00000000000022737, -5.000000000000000000, -12.19999999999961382 ) ) ;
#715 = CARTESIAN_POINT ( 'NONE',  ( -14.70000000000000817, -4.999999999999999112, -5.785343034915698901 ) ) ;
#716 = FACE_OUTER_BOUND ( 'NONE', #629, .T. ) ;
#717 = ORIENTED_EDGE ( 'NONE', *, *, #1531, .F. ) ;
#718 = CARTESIAN_POINT ( 'NONE',  ( 40.00000000000009237, -5.000000000000000000, 10.00000000000038725 ) ) ;
#719 = AXIS2_PLACEMENT_3D ( 'NONE', #157, #1386, #51 ) ;
#720 = ADVANCED_FACE ( 'NONE', ( #1349 ), #161, .F. ) ;
#721 = VERTEX_POINT ( 'NONE', #136 ) ;
#722 = CARTESIAN_POINT ( 'NONE',  ( -14.70000000000000817, -4.999999999999999112, 14.21465696508430199 ) ) ;
#723 = CIRCLE ( 'NONE', #31, 2.200000000000000622 ) ;
#724 = ADVANCED_FACE ( 'NONE', ( #628, #1366, #1110 ), #1120, .F. ) ;
#725 = DIRECTION ( 'NONE',  ( 0.000000000000000000, 0.8660254037844385966, -0.4999999999999999445 ) ) ;
#726 = LINE ( 'NONE', #962, #70 ) ;
#727 = ORIENTED_EDGE ( 'NONE', *, *, #189, .T. ) ;
#728 = CARTESIAN_POINT ( 'NONE',  ( -17.70000000000000639, -4.999999999999999112, 14.21465696508430199 ) ) ;
#729 = ORIENTED_EDGE ( 'NONE', *, *, #1297, .T. ) ;
#730 = CARTESIAN_POINT ( 'NONE',  ( -14.70000000000000817, -5.000000000000001776, 5.785343034915768179 ) ) ;
#731 = DIRECTION ( 'NONE',  ( -1.000000000000000000, -0.000000000000000000, -0.000000000000000000 ) ) ;
#732 = ADVANCED_FACE ( 'NONE', ( #1023 ), #1410, .F. ) ;
#733 = AXIS2_PLACEMENT_3D ( 'NONE', #337, #1211, #450 ) ;
#734 = CARTESIAN_POINT ( 'NONE',  ( -39.99999999999997868, 0.000000000000000000, -20.00000000000000000 ) ) ;
#735 = ORIENTED_EDGE ( 'NONE', *, *, #1504, .F. ) ;
#736 = DIRECTION ( 'NONE',  ( 1.000000000000000000, -0.000000000000000000, 0.000000000000000000 ) ) ;
#737 = VECTOR ( 'NONE', #1569, 1000.000000000000000 ) ;
#738 = EDGE_LOOP ( 'NONE', ( #410, #205, #1119, #449 ) ) ;
#739 = FACE_OUTER_BOUND ( 'NONE', #936, .T. ) ;
#740 = ORIENTED_EDGE ( 'NONE', *, *, #693, .T. ) ;
#741 = DIRECTION ( 'NONE',  ( -1.000000000000000000, -0.000000000000000000, -6.678685382510670237E-15 ) ) ;
#742 = VECTOR ( 'NONE', #1486, 1000.000000000000000 ) ;
#743 = ADVANCED_FACE ( 'NONE', ( #931 ), #56, .F. ) ;
#744 = CARTESIAN_POINT ( 'NONE',  ( -14.70000000000000817, 0.000000000000000000, -2.602085213965210642E-16 ) ) ;
#745 = ORIENTED_EDGE ( 'NONE', *, *, #394, .T. ) ;
#746 = DIRECTION ( 'NONE',  ( -0.2940858488375150404, 0.9557790087219525388, 0.000000000000000000 ) ) ;
#747 = AXIS2_PLACEMENT_3D ( 'NONE', #443, #683, #1283 ) ;
#748 = ORIENTED_EDGE ( 'NONE', *, *, #1167, .F. ) ;
#749 =( NAMED_UNIT ( * ) SI_UNIT ( $, .STERADIAN. ) SOLID_ANGLE_UNIT ( ) );
#750 = ORIENTED_EDGE ( 'NONE', *, *, #955, .T. ) ;
#751 = DIRECTION ( 'NONE',  ( 0.000000000000000000, 0.000000000000000000, 1.000000000000000000 ) ) ;
#752 = CARTESIAN_POINT ( 'NONE',  ( 40.00000000000022737, -5.000000000000000000, -12.19999999999961382 ) ) ;
#753 = ORIENTED_EDGE ( 'NONE', *, *, #1392, .F. ) ;
#754 = CARTESIAN_POINT ( 'NONE',  ( -17.70000000000000639, 0.000000000000000000, 20.00000000000000000 ) ) ;
#755 = EDGE_CURVE ( 'NONE', #1102, #690, #419, .T. ) ;
#756 = ORIENTED_EDGE ( 'NONE', *, *, #1437, .F. ) ;
#757 = LINE ( 'NONE', #280, #278 ) ;
#758 = EDGE_LOOP ( 'NONE', ( #907, #140, #1187, #420 ) ) ;
#759 = CARTESIAN_POINT ( 'NONE',  ( -14.70000000000000462, -5.000000000000000000, -12.19999999999997975 ) ) ;
#760 = DIRECTION ( 'NONE',  ( 0.000000000000000000, 0.000000000000000000, 1.000000000000000000 ) ) ;
#761 = ORIENTED_EDGE ( 'NONE', *, *, #955, .F. ) ;
#762 = CARTESIAN_POINT ( 'NONE',  ( -12.69999999999992468, -5.000000000000000000, -12.19999999999996554 ) ) ;
#763 = VERTEX_POINT ( 'NONE', #182 ) ;
#764 = EDGE_CURVE ( 'NONE', #336, #899, #295, .T. ) ;
#765 = PLANE ( 'NONE',  #73 ) ;
#766 = VECTOR ( 'NONE', #1104, 1000.000000000000000 ) ;
#767 = DIRECTION ( 'NONE',  ( -6.308085367188387283E-15, 0.000000000000000000, 1.000000000000000000 ) ) ;
#768 = VECTOR ( 'NONE', #370, 1000.000000000000000 ) ;
#769 = PRODUCT_CONTEXT ( 'NONE', #1503, 'mechanical' ) ;
#770 = VERTEX_POINT ( 'NONE', #1142 ) ;
#771 = CARTESIAN_POINT ( 'NONE',  ( -12.70000000000014140, 0.000000000000000000, 20.00000000000000000 ) ) ;
#772 = VERTEX_POINT ( 'NONE', #547 ) ;
#773 = CARTESIAN_POINT ( 'NONE',  ( 12.70000000000000284, -5.000000000000000000, 12.20000000000020535 ) ) ;
#774 = CARTESIAN_POINT ( 'NONE',  ( 0.000000000000000000, 70.00000000000001421, 0.000000000000000000 ) ) ;
#775 = VECTOR ( 'NONE', #1271, 1000.000000000000000 ) ;
#776 = ADVANCED_FACE ( 'NONE', ( #1265, #799 ), #1493, .T. ) ;
#777 = SHAPE_DEFINITION_REPRESENTATION ( #1362, #873 ) ;
#778 = CIRCLE ( 'NONE', #365, 3.378200000000005421 ) ;
#779 = ORIENTED_EDGE ( 'NONE', *, *, #291, .F. ) ;
#780 = DIRECTION ( 'NONE',  ( 1.000000000000000000, 0.000000000000000000, 0.000000000000000000 ) ) ;
#781 = ORIENTED_EDGE ( 'NONE', *, *, #565, .F. ) ;
#782 = CARTESIAN_POINT ( 'NONE',  ( -17.70000000000000639, -1.350000000000000089, 7.892671517457899633 ) ) ;
#783 = ORIENTED_EDGE ( 'NONE', *, *, #1150, .T. ) ;
#784 = DIRECTION ( 'NONE',  ( -1.000000000000000000, -0.000000000000000000, -0.000000000000000000 ) ) ;
#785 = ADVANCED_FACE ( 'NONE', ( #1525 ), #908, .F. ) ;
#786 = CYLINDRICAL_SURFACE ( 'NONE', #685, 2.200000000000000622 ) ;
#787 = DIRECTION ( 'NONE',  ( 0.000000000000000000, 0.000000000000000000, -1.000000000000000000 ) ) ;
#788 = DIRECTION ( 'NONE',  ( 0.000000000000000000, 0.000000000000000000, 1.000000000000000000 ) ) ;
#789 = ORIENTED_EDGE ( 'NONE', *, *, #1003, .F. ) ;
#790 = CARTESIAN_POINT ( 'NONE',  ( 40.00000000000009237, -5.000000000000000000, 10.00000000000038725 ) ) ;
#791 = ORIENTED_EDGE ( 'NONE', *, *, #1286, .T. ) ;
#792 = CARTESIAN_POINT ( 'NONE',  ( -14.70000000000000462, -5.000000000000000000, 12.20000000000002238 ) ) ;
#793 = VECTOR ( 'NONE', #424, 1000.000000000000000 ) ;
#794 =( NAMED_UNIT ( * ) PLANE_ANGLE_UNIT ( ) SI_UNIT ( $, .RADIAN. ) );
#795 = EDGE_CURVE ( 'NONE', #243, #1016, #538, .T. ) ;
#796 = DIRECTION ( 'NONE',  ( -0.000000000000000000, -1.000000000000000000, -0.000000000000000000 ) ) ;
#797 = EDGE_CURVE ( 'NONE', #1510, #1563, #210, .T. ) ;
#798 = ORIENTED_EDGE ( 'NONE', *, *, #1033, .F. ) ;
#799 = FACE_OUTER_BOUND ( 'NONE', #108, .T. ) ;
#800 = ORIENTED_EDGE ( 'NONE', *, *, #912, .T. ) ;
#801 = DIRECTION ( 'NONE',  ( 0.000000000000000000, 0.000000000000000000, -1.000000000000000000 ) ) ;
#802 = VECTOR ( 'NONE', #473, 1000.000000000000000 ) ;
#803 = DIRECTION ( 'NONE',  ( 1.000000000000000000, -0.000000000000000000, 0.000000000000000000 ) ) ;
#804 = EDGE_LOOP ( 'NONE', ( #1169, #90, #781, #675 ) ) ;
#805 = CARTESIAN_POINT ( 'NONE',  ( -28.38815585872644220, 8.734817187300437880, 20.00000000000000355 ) ) ;
#806 = EDGE_CURVE ( 'NONE', #690, #7, #531, .T. ) ;
#807 = ORIENTED_EDGE ( 'NONE', *, *, #200, .T. ) ;
#808 = DIRECTION ( 'NONE',  ( -0.000000000000000000, -1.000000000000000000, -0.000000000000000000 ) ) ;
#809 = CARTESIAN_POINT ( 'NONE',  ( 12.70000000000000284, -10.00000000000000000, 20.00000000000000000 ) ) ;
#810 = VERTEX_POINT ( 'NONE', #1149 ) ;
#811 = DIRECTION ( 'NONE',  ( 0.000000000000000000, 0.000000000000000000, -1.000000000000000000 ) ) ;
#812 = AXIS2_PLACEMENT_3D ( 'NONE', #823, #1434, #1420 ) ;
#813 = EDGE_CURVE ( 'NONE', #259, #458, #1030, .T. ) ;
#814 = VERTEX_POINT ( 'NONE', #900 ) ;
#815 = LINE ( 'NONE', #1295, #1151 ) ;
#816 = CARTESIAN_POINT ( 'NONE',  ( 40.00000000000021316, -5.000000000000000000, -9.999999999999612754 ) ) ;
#817 = AXIS2_PLACEMENT_3D ( 'NONE', #277, #803, #788 ) ;
#818 = VECTOR ( 'NONE', #1324, 1000.000000000000000 ) ;
#819 = DIRECTION ( 'NONE',  ( 0.2940858488375228119, 0.9557790087219500963, 0.000000000000000000 ) ) ;
#820 = VERTEX_POINT ( 'NONE', #666 ) ;
#821 = CARTESIAN_POINT ( 'NONE',  ( -17.70000000000000639, -4.999999999999999112, -5.785343034915698901 ) ) ;
#822 = VERTEX_POINT ( 'NONE', #1036 ) ;
#823 = CARTESIAN_POINT ( 'NONE',  ( 17.70000000000000284, -5.000000000000000000, 10.00000000000023803 ) ) ;
#824 = EDGE_LOOP ( 'NONE', ( #404, #1218, #245, #1555 ) ) ;
#825 = EDGE_CURVE ( 'NONE', #15, #879, #168, .T. ) ;
#826 = CIRCLE ( 'NONE', #128, 8.333739999999998815 ) ;
#827 = CARTESIAN_POINT ( 'NONE',  ( -14.70000000000000817, -5.000000000000000888, -14.21465696508423626 ) ) ;
#828 = VECTOR ( 'NONE', #706, 1000.000000000000000 ) ;
#829 = ORIENTED_EDGE ( 'NONE', *, *, #1437, .T. ) ;
#830 = DIRECTION ( 'NONE',  ( 7.511572993685797621E-17, -0.4999999999999996114, 0.8660254037844388186 ) ) ;
#831 = ORIENTED_EDGE ( 'NONE', *, *, #1326, .F. ) ;
#832 = LINE ( 'NONE', #1449, #115 ) ;
#833 = DIRECTION ( 'NONE',  ( 1.000000000000000000, 0.000000000000000000, 4.336808689942017736E-17 ) ) ;
#834 = VECTOR ( 'NONE', #688, 1000.000000000000000 ) ;
#835 = EDGE_CURVE ( 'NONE', #1311, #871, #924, .T. ) ;
#836 = LINE ( 'NONE', #468, #1217 ) ;
#837 = ORIENTED_EDGE ( 'NONE', *, *, #1429, .F. ) ;
#838 = PLANE ( 'NONE',  #1520 ) ;
#839 = EDGE_LOOP ( 'NONE', ( #1568, #524, #1171, #1136 ) ) ;
#840 = CARTESIAN_POINT ( 'NONE',  ( 40.00000000000010658, -5.000000000000000000, 7.800000000000386180 ) ) ;
#841 = CARTESIAN_POINT ( 'NONE',  ( -14.70000000000000817, 0.000000000000000000, -2.602085213965210642E-16 ) ) ;
#842 = CARTESIAN_POINT ( 'NONE',  ( -14.70000000000000817, -8.650000000000000355, -12.10732848254210126 ) ) ;
#843 = EDGE_CURVE ( 'NONE', #57, #446, #412, .T. ) ;
#844 = AXIS2_PLACEMENT_3D ( 'NONE', #453, #1415, #944 ) ;
#845 = CARTESIAN_POINT ( 'NONE',  ( -14.70000000000000817, -8.650000000000002132, 12.10732848254216876 ) ) ;
#846 = CIRCLE ( 'NONE', #1398, 8.968740000000000379 ) ;
#847 = EDGE_CURVE ( 'NONE', #820, #13, #1014, .T. ) ;
#848 = ORIENTED_EDGE ( 'NONE', *, *, #208, .F. ) ;
#849 = LINE ( 'NONE', #722, #938 ) ;
#850 = CARTESIAN_POINT ( 'NONE',  ( -17.70000000000000639, -10.00000000000000000, -20.00000000000000000 ) ) ;
#851 = CARTESIAN_POINT ( 'NONE',  ( 40.00000000000021316, -5.000000000000000000, -9.999999999999612754 ) ) ;
#852 = ORIENTED_EDGE ( 'NONE', *, *, #755, .F. ) ;
#853 = DIRECTION ( 'NONE',  ( 0.000000000000000000, -0.8660254037844388186, -0.4999999999999996114 ) ) ;
#854 = AXIS2_PLACEMENT_3D ( 'NONE', #985, #1496, #1000 ) ;
#855 = ORIENTED_EDGE ( 'NONE', *, *, #1012, .T. ) ;
#856 = EDGE_CURVE ( 'NONE', #814, #1102, #1406, .T. ) ;
#857 = LINE ( 'NONE', #714, #170 ) ;
#858 = PLANE ( 'NONE',  #646 ) ;
#859 = CARTESIAN_POINT ( 'NONE',  ( -14.70000000000000817, -8.649999999999998579, -7.892671517457832131 ) ) ;
#860 = ORIENTED_EDGE ( 'NONE', *, *, #1085, .F. ) ;
#861 = DIRECTION ( 'NONE',  ( -1.000000000000000000, -0.000000000000000000, 8.673617379884034239E-17 ) ) ;
#862 = VERTEX_POINT ( 'NONE', #69 ) ;
#863 = SURFACE_STYLE_FILL_AREA ( #405 ) ;
#864 = EDGE_CURVE ( 'NONE', #810, #1201, #681, .T. ) ;
#865 = FACE_BOUND ( 'NONE', #1425, .T. ) ;
#866 = AXIS2_PLACEMENT_3D ( 'NONE', #119, #1564, #362 ) ;
#867 = DIRECTION ( 'NONE',  ( 1.000000000000000000, 0.000000000000000000, 4.336808689942017736E-17 ) ) ;
#868 = EDGE_LOOP ( 'NONE', ( #294, #860, #634, #372 ) ) ;
#869 = DIRECTION ( 'NONE',  ( 0.000000000000000000, -0.000000000000000000, -1.000000000000000000 ) ) ;
#870 = AXIS2_PLACEMENT_3D ( 'NONE', #1186, #830, #853 ) ;
#871 = VERTEX_POINT ( 'NONE', #1325 ) ;
#872 = DIRECTION ( 'NONE',  ( -1.000000000000000000, -0.000000000000000000, 8.673617379884034239E-17 ) ) ;
#873 = ADVANCED_BREP_SHAPE_REPRESENTATION ( 'camera mount', ( #671, #1519 ), #964 ) ;
#874 = CARTESIAN_POINT ( 'NONE',  ( 4.137101816879595394E-16, 70.00000000000001421, 3.378200000000005421 ) ) ;
#875 = EDGE_CURVE ( 'NONE', #1346, #1305, #76, .T. ) ;
#876 = CYLINDRICAL_SURFACE ( 'NONE', #1467, 2.200000000000000622 ) ;
#877 = EDGE_LOOP ( 'NONE', ( #376, #783, #237, #1163 ) ) ;
#878 = DIRECTION ( 'NONE',  ( -1.000000000000000000, -0.000000000000000000, -6.678685382510670237E-15 ) ) ;
#879 = VERTEX_POINT ( 'NONE', #1424 ) ;
#880 = DIRECTION ( 'NONE',  ( 1.000000000000000000, 0.000000000000000000, -8.673617379884034239E-17 ) ) ;
#881 = FACE_OUTER_BOUND ( 'NONE', #1327, .T. ) ;
#882 = DIRECTION ( 'NONE',  ( 0.000000000000000000, 0.000000000000000000, -1.000000000000000000 ) ) ;
#883 = EDGE_CURVE ( 'NONE', #190, #1185, #1074, .T. ) ;
#884 = EDGE_LOOP ( 'NONE', ( #1091, #62, #753, #1025 ) ) ;
#885 = DIRECTION ( 'NONE',  ( 0.000000000000000000, 0.000000000000000000, 1.000000000000000000 ) ) ;
#886 = ORIENTED_EDGE ( 'NONE', *, *, #9, .F. ) ;
#887 = LINE ( 'NONE', #1350, #1177 ) ;
#888 = ORIENTED_EDGE ( 'NONE', *, *, #647, .T. ) ;
#889 = CARTESIAN_POINT ( 'NONE',  ( 17.70000000000000284, 0.000000000000000000, 20.00000000000000355 ) ) ;
#890 = EDGE_LOOP ( 'NONE', ( #1339, #1292, #1059, #1134 ) ) ;
#891 = CARTESIAN_POINT ( 'NONE',  ( -17.70000000000000639, -4.999999999999999112, 14.21465696508430199 ) ) ;
#892 = PRODUCT_DEFINITION ( 'UNKNOWN', '', #581, #1114 ) ;
#893 = VECTOR ( 'NONE', #650, 1000.000000000000000 ) ;
#894 = CIRCLE ( 'NONE', #1117, 2.200000000000000622 ) ;
#895 = DIRECTION ( 'NONE',  ( -1.000000000000000000, -0.000000000000000000, -8.673617379884034239E-17 ) ) ;
#896 = AXIS2_PLACEMENT_3D ( 'NONE', #790, #562, #1502 ) ;
#897 = CARTESIAN_POINT ( 'NONE',  ( -12.69999999999986962, -10.00000000000000000, -20.00000000000000000 ) ) ;
#898 = PLANE ( 'NONE',  #1323 ) ;
#899 = VERTEX_POINT ( 'NONE', #212 ) ;
#900 = CARTESIAN_POINT ( 'NONE',  ( -29.53733037789580607, 5.000000000000000888, 20.00000000000000355 ) ) ;
#901 = EDGE_CURVE ( 'NONE', #1253, #1512, #477, .T. ) ;
#902 = ORIENTED_EDGE ( 'NONE', *, *, #1078, .F. ) ;
#903 = DIRECTION ( 'NONE',  ( -0.000000000000000000, -1.000000000000000000, -0.000000000000000000 ) ) ;
#904 = CIRCLE ( 'NONE', #156, 2.200000000000000622 ) ;
#905 = FACE_OUTER_BOUND ( 'NONE', #1, .T. ) ;
#906 = DIRECTION ( 'NONE',  ( -1.000000000000000000, -0.000000000000000000, -6.678685382510670237E-15 ) ) ;
#907 = ORIENTED_EDGE ( 'NONE', *, *, #973, .T. ) ;
#908 = PLANE ( 'NONE',  #909 ) ;
#909 = AXIS2_PLACEMENT_3D ( 'NONE', #1396, #48, #63 ) ;
#910 = ORIENTED_EDGE ( 'NONE', *, *, #1559, .T. ) ;
#911 = DIRECTION ( 'NONE',  ( 0.000000000000000000, 1.000000000000000000, 0.000000000000000000 ) ) ;
#912 = EDGE_CURVE ( 'NONE', #530, #435, #1554, .T. ) ;
#913 = CARTESIAN_POINT ( 'NONE',  ( 12.70000000000000284, -5.000000000000000000, -12.19999999999979678 ) ) ;
#914 = DIRECTION ( 'NONE',  ( 0.000000000000000000, 0.000000000000000000, -1.000000000000000000 ) ) ;
#915 = ORIENTED_EDGE ( 'NONE', *, *, #856, .T. ) ;
#916 = CARTESIAN_POINT ( 'NONE',  ( -39.99999999999997868, 5.000000000000000000, 20.00000000000000000 ) ) ;
#917 = ORIENTED_EDGE ( 'NONE', *, *, #9, .T. ) ;
#918 = DIRECTION ( 'NONE',  ( 0.000000000000000000, -0.000000000000000000, 1.000000000000000000 ) ) ;
#919 = VECTOR ( 'NONE', #995, 1000.000000000000000 ) ;
#920 = CIRCLE ( 'NONE', #711, 8.968740000000000379 ) ;
#921 = EDGE_CURVE ( 'NONE', #996, #1521, #1301, .T. ) ;
#922 = DIRECTION ( 'NONE',  ( 0.000000000000000000, 0.8660254037844383745, -0.5000000000000004441 ) ) ;
#923 = ORIENTED_EDGE ( 'NONE', *, *, #1121, .F. ) ;
#924 = LINE ( 'NONE', #1135, #1313 ) ;
#925 = EDGE_LOOP ( 'NONE', ( #313, #798, #1440, #1354 ) ) ;
#926 = DIRECTION ( 'NONE',  ( -6.308085367188387283E-15, 0.000000000000000000, 1.000000000000000000 ) ) ;
#927 = VECTOR ( 'NONE', #731, 1000.000000000000000 ) ;
#928 = DIRECTION ( 'NONE',  ( 0.000000000000000000, 0.8660254037844382635, -0.5000000000000005551 ) ) ;
#929 = CIRCLE ( 'NONE', #570, 2.200000000000000622 ) ;
#930 = EDGE_CURVE ( 'NONE', #1102, #336, #227, .T. ) ;
#931 = FACE_OUTER_BOUND ( 'NONE', #1106, .T. ) ;
#932 = VERTEX_POINT ( 'NONE', #1065 ) ;
#933 = CARTESIAN_POINT ( 'NONE',  ( -14.70000000000000817, -1.350000000000000089, -7.892671517457832131 ) ) ;
#934 = FACE_OUTER_BOUND ( 'NONE', #1471, .T. ) ;
#935 = CARTESIAN_POINT ( 'NONE',  ( -14.70000000000000462, -5.000000000000000000, 7.800000000000020250 ) ) ;
#936 = EDGE_LOOP ( 'NONE', ( #413, #1549, #599, #425 ) ) ;
#937 = DIRECTION ( 'NONE',  ( 0.000000000000000000, -0.8660254037844383745, 0.5000000000000003331 ) ) ;
#938 = VECTOR ( 'NONE', #388, 1000.000000000000227 ) ;
#939 = ORIENTED_EDGE ( 'NONE', *, *, #258, .F. ) ;
#940 = ADVANCED_FACE ( 'NONE', ( #1446 ), #204, .F. ) ;
#941 = CARTESIAN_POINT ( 'NONE',  ( 0.000000000000000000, 64.77519999999999811, -3.378199999999999648 ) ) ;
#942 = LINE ( 'NONE', #949, #516 ) ;
#943 = CIRCLE ( 'NONE', #1015, 2.200000000000000622 ) ;
#944 = DIRECTION ( 'NONE',  ( -1.000000000000000000, 0.000000000000000000, -4.336808689942017736E-17 ) ) ;
#945 = DIRECTION ( 'NONE',  ( 0.000000000000000000, 0.000000000000000000, -1.000000000000000000 ) ) ;
#946 = ORIENTED_EDGE ( 'NONE', *, *, #402, .T. ) ;
#947 = LINE ( 'NONE', #586, #529 ) ;
#948 = EDGE_CURVE ( 'NONE', #13, #996, #590, .T. ) ;
#949 = CARTESIAN_POINT ( 'NONE',  ( -39.99999999999997868, 0.000000000000000000, -20.00000000000000000 ) ) ;
#950 = CARTESIAN_POINT ( 'NONE',  ( -14.70000000000000817, -1.350000000000000089, 7.892671517457899633 ) ) ;
#951 = DIRECTION ( 'NONE',  ( -8.925001379219274182E-33, 1.000000000000000000, -1.028982601874766875E-16 ) ) ;
#952 = ORIENTED_EDGE ( 'NONE', *, *, #701, .F. ) ;
#953 = CARTESIAN_POINT ( 'NONE',  ( -12.70000000000007212, -5.000000000000000000, 10.00000000000003553 ) ) ;
#954 = CARTESIAN_POINT ( 'NONE',  ( 12.70000000000000462, -10.00000000000000000, -20.00000000000000000 ) ) ;
#955 = EDGE_CURVE ( 'NONE', #814, #899, #1056, .T. ) ;
#956 = ADVANCED_FACE ( 'NONE', ( #359 ), #1562, .F. ) ;
#957 = CARTESIAN_POINT ( 'NONE',  ( -17.70000000000000639, -5.000000000000001776, 5.785343034915768179 ) ) ;
#958 = CARTESIAN_POINT ( 'NONE',  ( 0.000000000000000000, 60.63500000000000512, -8.333739999999998815 ) ) ;
#959 = ORIENTED_EDGE ( 'NONE', *, *, #806, .F. ) ;
#960 = DIRECTION ( 'NONE',  ( -1.000000000000000000, -0.000000000000000000, -6.678685382510670237E-15 ) ) ;
#961 = LINE ( 'NONE', #850, #363 ) ;
#962 = CARTESIAN_POINT ( 'NONE',  ( -17.70000000000000284, -10.00000000000000000, 20.00000000000000355 ) ) ;
#963 = ADVANCED_FACE ( 'NONE', ( #85 ), #470, .F. ) ;
#964 =( GEOMETRIC_REPRESENTATION_CONTEXT ( 3 ) GLOBAL_UNCERTAINTY_ASSIGNED_CONTEXT ( ( #1228 ) ) GLOBAL_UNIT_ASSIGNED_CONTEXT ( ( #1393, #794, #518 ) ) REPRESENTATION_CONTEXT ( 'NONE', 'WORKASPACE' ) );
#965 = VERTEX_POINT ( 'NONE', #576 ) ;
#966 = DIRECTION ( 'NONE',  ( 0.000000000000000000, 0.8660254037844385966, -0.4999999999999999445 ) ) ;
#967 = ORIENTED_EDGE ( 'NONE', *, *, #200, .F. ) ;
#968 = PLANE ( 'NONE',  #733 ) ;
#969 = LINE ( 'NONE', #1552, #308 ) ;
#970 = LINE ( 'NONE', #734, #505 ) ;
#971 = ORIENTED_EDGE ( 'NONE', *, *, #440, .F. ) ;
#972 = LINE ( 'NONE', #1209, #121 ) ;
#973 = EDGE_CURVE ( 'NONE', #264, #1253, #91, .T. ) ;
#974 = ORIENTED_EDGE ( 'NONE', *, *, #66, .T. ) ;
#975 = DIRECTION ( 'NONE',  ( -1.000000000000000000, -0.000000000000000000, -6.938893903907227392E-16 ) ) ;
#976 = AXIS2_PLACEMENT_3D ( 'NONE', #1122, #11, #1137 ) ;
#977 = ORIENTED_EDGE ( 'NONE', *, *, #74, .F. ) ;
#978 = LINE ( 'NONE', #207, #619 ) ;
#979 = CARTESIAN_POINT ( 'NONE',  ( 12.70000000000000284, -10.00000000000000000, 20.00000000000000000 ) ) ;
#980 = ORIENTED_EDGE ( 'NONE', *, *, #1307, .F. ) ;
#981 = DIRECTION ( 'NONE',  ( 0.000000000000000000, 0.000000000000000000, -1.000000000000000000 ) ) ;
#982 = VERTEX_POINT ( 'NONE', #958 ) ;
#983 = CARTESIAN_POINT ( 'NONE',  ( -17.70000000000000284, -1.349999999999999645, 12.10732848254216698 ) ) ;
#984 = ADVANCED_FACE ( 'NONE', ( #463 ), #109, .F. ) ;
#985 = CARTESIAN_POINT ( 'NONE',  ( 0.000000000000000000, 60.00000000000000711, 0.000000000000000000 ) ) ;
#986 = PLANE ( 'NONE',  #1039 ) ;
#987 = ORIENTED_EDGE ( 'NONE', *, *, #585, .F. ) ;
#988 = DIRECTION ( 'NONE',  ( 0.000000000000000000, -1.000000000000000000, 0.000000000000000000 ) ) ;
#989 = VECTOR ( 'NONE', #89, 1000.000000000000114 ) ;
#990 = AXIS2_PLACEMENT_3D ( 'NONE', #60, #1508, #1387 ) ;
#991 = EDGE_LOOP ( 'NONE', ( #1380, #478, #1356, #495 ) ) ;
#992 = DIRECTION ( 'NONE',  ( 1.000000000000000000, 0.000000000000000000, 4.336808689942017736E-17 ) ) ;
#993 = DIRECTION ( 'NONE',  ( 0.2940858488375227564, 0.9557790087219502073, 0.000000000000000000 ) ) ;
#994 = ADVANCED_FACE ( 'NONE', ( #1081, #1432 ), #838, .T. ) ;
#995 = DIRECTION ( 'NONE',  ( -0.2940858488375227564, -0.9557790087219502073, -1.275394064827543344E-17 ) ) ;
#996 = VERTEX_POINT ( 'NONE', #710 ) ;
#997 = CARTESIAN_POINT ( 'NONE',  ( 0.000000000000000000, 60.00000000000000711, 0.000000000000000000 ) ) ;
#998 = ORIENTED_EDGE ( 'NONE', *, *, #123, .F. ) ;
#999 = PRESENTATION_STYLE_ASSIGNMENT (( #1007 ) ) ;
#1000 = DIRECTION ( 'NONE',  ( 0.000000000000000000, 0.000000000000000000, -1.000000000000000000 ) ) ;
#1001 = EDGE_CURVE ( 'NONE', #15, #1073, #1193, .T. ) ;
#1002 = CARTESIAN_POINT ( 'NONE',  ( 40.00000000000009237, -5.000000000000000000, 10.00000000000038725 ) ) ;
#1003 = EDGE_CURVE ( 'NONE', #1305, #513, #133, .T. ) ;
#1004 = EDGE_LOOP ( 'NONE', ( #886, #1390, #655, #1075, #1527, #1157 ) ) ;
#1005 = LINE ( 'NONE', #728, #1118 ) ;
#1006 = EDGE_LOOP ( 'NONE', ( #1223, #127 ) ) ;
#1007 = SURFACE_STYLE_USAGE ( .BOTH. , #254 ) ;
#1008 = DIRECTION ( 'NONE',  ( 1.000000000000000000, -0.000000000000000000, 0.000000000000000000 ) ) ;
#1009 = VECTOR ( 'NONE', #472, 1000.000000000000000 ) ;
#1010 = DIRECTION ( 'NONE',  ( -0.000000000000000000, -1.000000000000000000, -0.000000000000000000 ) ) ;
#1011 = LINE ( 'NONE', #1254, #195 ) ;
#1012 = EDGE_CURVE ( 'NONE', #1346, #810, #1347, .T. ) ;
#1013 = ORIENTED_EDGE ( 'NONE', *, *, #813, .F. ) ;
#1014 = LINE ( 'NONE', #288, #1509 ) ;
#1015 = AXIS2_PLACEMENT_3D ( 'NONE', #1247, #736, #885 ) ;
#1016 = VERTEX_POINT ( 'NONE', #126 ) ;
#1017 = VECTOR ( 'NONE', #686, 1000.000000000000000 ) ;
#1018 = LINE ( 'NONE', #1342, #1130 ) ;
#1019 = DIRECTION ( 'NONE',  ( 0.000000000000000000, -0.000000000000000000, -1.000000000000000000 ) ) ;
#1020 = DIRECTION ( 'NONE',  ( -1.000000000000000000, -0.000000000000000000, 8.673617379884034239E-17 ) ) ;
#1021 = ORIENTED_EDGE ( 'NONE', *, *, #1307, .T. ) ;
#1022 = EDGE_CURVE ( 'NONE', #544, #932, #236, .T. ) ;
#1023 = FACE_OUTER_BOUND ( 'NONE', #738, .T. ) ;
#1024 = CIRCLE ( 'NONE', #747, 2.200000000000000622 ) ;
#1025 = ORIENTED_EDGE ( 'NONE', *, *, #1243, .T. ) ;
#1026 = CARTESIAN_POINT ( 'NONE',  ( -14.70000000000000817, -1.350000000000000089, -7.892671517457832131 ) ) ;
#1027 = DIRECTION ( 'NONE',  ( 0.000000000000000000, -1.028982601874766136E-16, -1.000000000000000000 ) ) ;
#1028 = CARTESIAN_POINT ( 'NONE',  ( 12.70000000000000284, 0.000000000000000000, -20.00000000000000000 ) ) ;
#1029 = VERTEX_POINT ( 'NONE', #754 ) ;
#1030 = LINE ( 'NONE', #194, #1361 ) ;
#1031 = VERTEX_POINT ( 'NONE', #762 ) ;
#1032 = CARTESIAN_POINT ( 'NONE',  ( -39.99999999999997868, 0.000000000000000000, 20.00000000000000000 ) ) ;
#1033 = EDGE_CURVE ( 'NONE', #982, #871, #507, .T. ) ;
#1034 = LINE ( 'NONE', #1263, #793 ) ;
#1035 = ORIENTED_EDGE ( 'NONE', *, *, #1447, .T. ) ;
#1036 = CARTESIAN_POINT ( 'NONE',  ( -12.70000000000008811, -5.000000000000000000, 12.20000000000003482 ) ) ;
#1037 = ORIENTED_EDGE ( 'NONE', *, *, #1297, .F. ) ;
#1038 = LINE ( 'NONE', #421, #52 ) ;
#1039 = AXIS2_PLACEMENT_3D ( 'NONE', #744, #622, #475 ) ;
#1040 = AXIS2_PLACEMENT_3D ( 'NONE', #377, #988, #869 ) ;
#1041 = EDGE_CURVE ( 'NONE', #1388, #380, #943, .T. ) ;
#1042 = LINE ( 'NONE', #166, #1468 ) ;
#1043 = ORIENTED_EDGE ( 'NONE', *, *, #183, .T. ) ;
#1044 = DIRECTION ( 'NONE',  ( 0.000000000000000000, 0.000000000000000000, -1.000000000000000000 ) ) ;
#1045 = VERTEX_POINT ( 'NONE', #642 ) ;
#1046 = CARTESIAN_POINT ( 'NONE',  ( 40.00000000000007816, -5.000000000000000000, 12.20000000000038831 ) ) ;
#1047 = CARTESIAN_POINT ( 'NONE',  ( -14.70000000000000817, -1.350000000000000089, -7.892671517457832131 ) ) ;
#1048 = EDGE_CURVE ( 'NONE', #1285, #682, #512, .T. ) ;
#1049 = ORIENTED_EDGE ( 'NONE', *, *, #1184, .F. ) ;
#1050 = DIRECTION ( 'NONE',  ( 0.000000000000000000, 0.000000000000000000, -1.000000000000000000 ) ) ;
#1051 = EDGE_LOOP ( 'NONE', ( #184, #1479, #1148, #1445 ) ) ;
#1052 = DIRECTION ( 'NONE',  ( 0.000000000000000000, -1.028982601874766136E-16, -1.000000000000000000 ) ) ;
#1053 = CARTESIAN_POINT ( 'NONE',  ( 4.137101816879591449E-16, 60.00000000000000711, 3.378200000000002312 ) ) ;
#1054 = DIRECTION ( 'NONE',  ( 0.000000000000000000, -1.000000000000000000, 0.000000000000000000 ) ) ;
#1055 = ORIENTED_EDGE ( 'NONE', *, *, #1515, .T. ) ;
#1056 = LINE ( 'NONE', #1417, #669 ) ;
#1057 = EDGE_CURVE ( 'NONE', #660, #682, #1005, .T. ) ;
#1058 = COLOUR_RGB ( '',0.7921568627450980005, 0.8196078431372548767, 0.9333333333333333481 ) ;
#1059 = ORIENTED_EDGE ( 'NONE', *, *, #1240, .F. ) ;
#1060 = CARTESIAN_POINT ( 'NONE',  ( 17.70000000000000639, -10.00000000000000000, -20.00000000000000000 ) ) ;
#1061 = DIRECTION ( 'NONE',  ( 4.336808689942017736E-17, 0.000000000000000000, -1.000000000000000000 ) ) ;
#1062 = CIRCLE ( 'NONE', #96, 8.333739999999998815 ) ;
#1063 = LINE ( 'NONE', #445, #1491 ) ;
#1064 = ORIENTED_EDGE ( 'NONE', *, *, #1372, .T. ) ;
#1065 = CARTESIAN_POINT ( 'NONE',  ( -17.70000000000000639, -8.650000000000002132, 7.892671517457904962 ) ) ;
#1066 = EDGE_CURVE ( 'NONE', #1341, #1319, #972, .T. ) ;
#1067 = ORIENTED_EDGE ( 'NONE', *, *, #1131, .T. ) ;
#1068 = CARTESIAN_POINT ( 'NONE',  ( -17.70000000000000639, 0.000000000000000000, -20.00000000000000000 ) ) ;
#1069 = EDGE_CURVE ( 'NONE', #310, #511, #846, .T. ) ;
#1070 = DIRECTION ( 'NONE',  ( 0.000000000000000000, 0.000000000000000000, -1.000000000000000000 ) ) ;
#1071 = AXIS2_PLACEMENT_3D ( 'NONE', #841, #460, #699 ) ;
#1072 = CARTESIAN_POINT ( 'NONE',  ( 17.70000000000000284, -10.00000000000000000, 20.00000000000000355 ) ) ;
#1073 = VERTEX_POINT ( 'NONE', #1116 ) ;
#1074 = LINE ( 'NONE', #447, #342 ) ;
#1075 = ORIENTED_EDGE ( 'NONE', *, *, #654, .F. ) ;
#1076 = DIRECTION ( 'NONE',  ( 0.000000000000000000, -0.000000000000000000, -1.000000000000000000 ) ) ;
#1077 = LINE ( 'NONE', #1213, #1500 ) ;
#1078 = EDGE_CURVE ( 'NONE', #511, #310, #920, .T. ) ;
#1079 = PLANE ( 'NONE',  #1088 ) ;
#1080 = ORIENTED_EDGE ( 'NONE', *, *, #1167, .T. ) ;
#1081 = FACE_BOUND ( 'NONE', #627, .T. ) ;
#1082 = EDGE_LOOP ( 'NONE', ( #888, #29, #615, #1055, #687, #253 ) ) ;
#1083 = CARTESIAN_POINT ( 'NONE',  ( 4.137101816879589970E-16, 64.77519999999999811, 3.378199999999999648 ) ) ;
#1084 = CARTESIAN_POINT ( 'NONE',  ( -14.70000000000000817, -1.350000000000000089, 7.892671517457899633 ) ) ;
#1085 = EDGE_CURVE ( 'NONE', #862, #190, #1478, .T. ) ;
#1086 = DIRECTION ( 'NONE',  ( 0.000000000000000000, 4.115930407499066514E-16, 1.000000000000000000 ) ) ;
#1087 = VECTOR ( 'NONE', #1020, 1000.000000000000000 ) ;
#1088 = AXIS2_PLACEMENT_3D ( 'NONE', #1553, #107, #819 ) ;
#1089 = ORIENTED_EDGE ( 'NONE', *, *, #825, .F. ) ;
#1090 = DIRECTION ( 'NONE',  ( -1.000000000000000000, -0.000000000000000000, -6.678685382510670237E-15 ) ) ;
#1091 = ORIENTED_EDGE ( 'NONE', *, *, #429, .T. ) ;
#1092 = VECTOR ( 'NONE', #303, 1000.000000000000114 ) ;
#1093 = CARTESIAN_POINT ( 'NONE',  ( -14.70000000000000817, -8.650000000000002132, 7.892671517457904962 ) ) ;
#1094 = DIRECTION ( 'NONE',  ( -1.000000000000000000, 0.000000000000000000, 6.938893903907419676E-16 ) ) ;
#1095 = CARTESIAN_POINT ( 'NONE',  ( -14.70000000000000817, -4.999999999999999112, -5.785343034915698901 ) ) ;
#1096 = ORIENTED_EDGE ( 'NONE', *, *, #1150, .F. ) ;
#1097 = PLANE ( 'NONE',  #1040 ) ;
#1098 = VECTOR ( 'NONE', #1027, 1000.000000000000000 ) ;
#1099 = ADVANCED_FACE ( 'NONE', ( #501 ), #1484, .F. ) ;
#1100 = VERTEX_POINT ( 'NONE', #889 ) ;
#1101 = DIRECTION ( 'NONE',  ( 4.336808689942017736E-17, 0.000000000000000000, -1.000000000000000000 ) ) ;
#1102 = VERTEX_POINT ( 'NONE', #117 ) ;
#1103 = DIRECTION ( 'NONE',  ( 0.000000000000000000, -1.028982601874766998E-16, -1.000000000000000000 ) ) ;
#1104 = DIRECTION ( 'NONE',  ( -1.000000000000000000, -0.000000000000000000, 8.673617379884034239E-17 ) ) ;
#1105 = AXIS2_PLACEMENT_3D ( 'NONE', #317, #1274, #434 ) ;
#1106 = EDGE_LOOP ( 'NONE', ( #1405, #1348, #64, #1238 ) ) ;
#1107 = DIRECTION ( 'NONE',  ( 0.000000000000000000, 0.000000000000000000, -1.000000000000000000 ) ) ;
#1108 = EDGE_LOOP ( 'NONE', ( #697, #327, #102, #318 ) ) ;
#1109 = EDGE_CURVE ( 'NONE', #23, #1510, #386, .T. ) ;
#1110 = FACE_OUTER_BOUND ( 'NONE', #1220, .T. ) ;
#1111 = ORIENTED_EDGE ( 'NONE', *, *, #164, .F. ) ;
#1112 = CARTESIAN_POINT ( 'NONE',  ( -12.61425345481888982, 60.00000000000000711, -20.00000000000000000 ) ) ;
#1113 = DIRECTION ( 'NONE',  ( -1.000000000000000000, -0.000000000000000000, -6.678685382510670237E-15 ) ) ;
#1114 = PRODUCT_DEFINITION_CONTEXT ( 'detailed design', #1397, 'design' ) ;
#1115 = ORIENTED_EDGE ( 'NONE', *, *, #183, .F. ) ;
#1116 = CARTESIAN_POINT ( 'NONE',  ( -14.70000000000000817, -4.999999999999999112, 14.21465696508430199 ) ) ;
#1117 = AXIS2_PLACEMENT_3D ( 'NONE', #374, #867, #882 ) ;
#1118 = VECTOR ( 'NONE', #521, 1000.000000000000227 ) ;
#1119 = ORIENTED_EDGE ( 'NONE', *, *, #875, .T. ) ;
#1120 = PLANE ( 'NONE',  #1221 ) ;
#1121 = EDGE_CURVE ( 'NONE', #1045, #1346, #1364, .T. ) ;
#1122 = CARTESIAN_POINT ( 'NONE',  ( -14.70000000000000817, -8.650000000000000355, -12.10732848254210126 ) ) ;
#1123 = EDGE_CURVE ( 'NONE', #770, #1276, #485, .T. ) ;
#1124 = DIRECTION ( 'NONE',  ( 0.000000000000000000, 0.8660254037844389297, 0.4999999999999993894 ) ) ;
#1125 = FACE_BOUND ( 'NONE', #476, .T. ) ;
#1126 = CARTESIAN_POINT ( 'NONE',  ( 0.000000000000000000, 60.00000000000000711, 0.000000000000000000 ) ) ;
#1127 = ORIENTED_EDGE ( 'NONE', *, *, #557, .F. ) ;
#1128 = DIRECTION ( 'NONE',  ( -1.000000000000000000, -0.000000000000000000, -6.678685382510670237E-15 ) ) ;
#1129 = FACE_OUTER_BOUND ( 'NONE', #279, .T. ) ;
#1130 = VECTOR ( 'NONE', #1259, 1000.000000000000000 ) ;
#1131 = EDGE_CURVE ( 'NONE', #532, #1016, #1462, .T. ) ;
#1132 = CYLINDRICAL_SURFACE ( 'NONE', #391, 3.378200000000002312 ) ;
#1133 = DIRECTION ( 'NONE',  ( 1.000000000000000000, 0.000000000000000000, 4.336808689942017736E-17 ) ) ;
#1134 = ORIENTED_EDGE ( 'NONE', *, *, #155, .F. ) ;
#1135 = CARTESIAN_POINT ( 'NONE',  ( 1.020588801592626256E-15, 60.00000000000000711, 8.333739999999998815 ) ) ;
#1136 = ORIENTED_EDGE ( 'NONE', *, *, #575, .F. ) ;
#1137 = DIRECTION ( 'NONE',  ( 0.000000000000000000, -4.115930407499066514E-16, -1.000000000000000000 ) ) ;
#1138 = ADVANCED_FACE ( 'NONE', ( #8 ), #1097, .T. ) ;
#1139 = DIRECTION ( 'NONE',  ( -6.308085367188387283E-15, 0.000000000000000000, 1.000000000000000000 ) ) ;
#1140 = CARTESIAN_POINT ( 'NONE',  ( -14.70000000000000817, -1.350000000000000089, -7.892671517457832131 ) ) ;
#1141 = ORIENTED_EDGE ( 'NONE', *, *, #371, .T. ) ;
#1142 = CARTESIAN_POINT ( 'NONE',  ( -12.69999999999995666, -5.000000000000000000, -7.799999999999965183 ) ) ;
#1143 = CIRCLE ( 'NONE', #990, 2.200000000000000622 ) ;
#1144 = ORIENTED_EDGE ( 'NONE', *, *, #92, .F. ) ;
#1145 = DIRECTION ( 'NONE',  ( 0.000000000000000000, 0.000000000000000000, -1.000000000000000000 ) ) ;
#1146 = ORIENTED_EDGE ( 'NONE', *, *, #329, .T. ) ;
#1147 = DIRECTION ( 'NONE',  ( 0.000000000000000000, 0.000000000000000000, -1.000000000000000000 ) ) ;
#1148 = ORIENTED_EDGE ( 'NONE', *, *, #1418, .F. ) ;
#1149 = CARTESIAN_POINT ( 'NONE',  ( 40.00000000000002132, 0.000000000000000000, 20.00000000000000355 ) ) ;
#1150 = EDGE_CURVE ( 'NONE', #489, #427, #14, .T. ) ;
#1151 = VECTOR ( 'NONE', #314, 1000.000000000000000 ) ;
#1152 = ORIENTED_EDGE ( 'NONE', *, *, #1022, .F. ) ;
#1153 = DIRECTION ( 'NONE',  ( 0.000000000000000000, 0.000000000000000000, -1.000000000000000000 ) ) ;
#1154 = DIRECTION ( 'NONE',  ( -6.308085367188387283E-15, 0.000000000000000000, 1.000000000000000000 ) ) ;
#1155 = DIRECTION ( 'NONE',  ( -1.000000000000000000, -0.000000000000000000, -6.808789643208967846E-15 ) ) ;
#1156 = VECTOR ( 'NONE', #937, 1000.000000000000227 ) ;
#1157 = ORIENTED_EDGE ( 'NONE', *, *, #948, .F. ) ;
#1158 = DIRECTION ( 'NONE',  ( -0.000000000000000000, -1.000000000000000000, -0.000000000000000000 ) ) ;
#1159 = VECTOR ( 'NONE', #811, 1000.000000000000000 ) ;
#1160 = ORIENTED_EDGE ( 'NONE', *, *, #636, .T. ) ;
#1161 = DIRECTION ( 'NONE',  ( -0.000000000000000000, -0.000000000000000000, 1.000000000000000000 ) ) ;
#1162 = FACE_OUTER_BOUND ( 'NONE', #758, .T. ) ;
#1163 = ORIENTED_EDGE ( 'NONE', *, *, #392, .F. ) ;
#1164 = CARTESIAN_POINT ( 'NONE',  ( -28.38815585872644220, 8.734817187300436103, -20.00000000000000000 ) ) ;
#1165 = EDGE_LOOP ( 'NONE', ( #246, #221, #1371, #1497, #910, #1448 ) ) ;
#1166 = CARTESIAN_POINT ( 'NONE',  ( 0.000000000000000000, 64.77519999999999811, 0.000000000000000000 ) ) ;
#1167 = EDGE_CURVE ( 'NONE', #822, #1231, #606, .T. ) ;
#1168 = FACE_OUTER_BOUND ( 'NONE', #18, .T. ) ;
#1169 = ORIENTED_EDGE ( 'NONE', *, *, #948, .T. ) ;
#1170 = DIRECTION ( 'NONE',  ( 0.000000000000000000, 1.028982601874766875E-16, 1.000000000000000000 ) ) ;
#1171 = ORIENTED_EDGE ( 'NONE', *, *, #1289, .T. ) ;
#1172 = LINE ( 'NONE', #1046, #286 ) ;
#1173 = VECTOR ( 'NONE', #1161, 1000.000000000000000 ) ;
#1174 = EDGE_LOOP ( 'NONE', ( #555, #952, #385, #267 ) ) ;
#1175 = EDGE_CURVE ( 'NONE', #1210, #862, #528, .T. ) ;
#1176 = DIRECTION ( 'NONE',  ( -8.925001379219264603E-33, 1.000000000000000000, -1.028982601874766136E-16 ) ) ;
#1177 = VECTOR ( 'NONE', #1367, 1000.000000000000000 ) ;
#1178 = ORIENTED_EDGE ( 'NONE', *, *, #1316, .T. ) ;
#1179 = DIRECTION ( 'NONE',  ( -1.000000000000000000, -0.000000000000000000, -6.678685382510670237E-15 ) ) ;
#1180 = ORIENTED_EDGE ( 'NONE', *, *, #66, .F. ) ;
#1181 = CARTESIAN_POINT ( 'NONE',  ( -37.94594594594594383, 11.67567567567565767, 123.0776406404415297 ) ) ;
#1182 = LINE ( 'NONE', #88, #927 ) ;
#1183 = DIRECTION ( 'NONE',  ( 0.000000000000000000, 1.028982601874766136E-16, 1.000000000000000000 ) ) ;
#1184 = EDGE_CURVE ( 'NONE', #1100, #810, #1011, .T. ) ;
#1185 = VERTEX_POINT ( 'NONE', #1028 ) ;
#1186 = CARTESIAN_POINT ( 'NONE',  ( -14.70000000000000817, -8.650000000000002132, 12.10732848254216876 ) ) ;
#1187 = ORIENTED_EDGE ( 'NONE', *, *, #101, .F. ) ;
#1188 = CARTESIAN_POINT ( 'NONE',  ( -12.70000000000014140, -10.00000000000000000, 20.00000000000000000 ) ) ;
#1189 = FACE_OUTER_BOUND ( 'NONE', #1165, .T. ) ;
#1190 = VECTOR ( 'NONE', #1225, 1000.000000000000000 ) ;
#1191 = VECTOR ( 'NONE', #100, 1000.000000000000114 ) ;
#1192 = LINE ( 'NONE', #950, #21 ) ;
#1193 = LINE ( 'NONE', #845, #1191 ) ;
#1194 = ORIENTED_EDGE ( 'NONE', *, *, #1558, .T. ) ;
#1195 = EDGE_CURVE ( 'NONE', #369, #1276, #1143, .T. ) ;
#1196 = CARTESIAN_POINT ( 'NONE',  ( 0.000000000000000000, 0.000000000000000000, 0.000000000000000000 ) ) ;
#1197 = DIRECTION ( 'NONE',  ( 0.2940858488375168167, -0.9557790087219519837, 0.000000000000000000 ) ) ;
#1198 = VECTOR ( 'NONE', #1061, 1000.000000000000000 ) ;
#1199 = LINE ( 'NONE', #596, #708 ) ;
#1200 = VECTOR ( 'NONE', #455, 1000.000000000000000 ) ;
#1201 = VERTEX_POINT ( 'NONE', #1284 ) ;
#1202 = CARTESIAN_POINT ( 'NONE',  ( 0.000000000000000000, 60.00000000000000711, 0.000000000000000000 ) ) ;
#1203 = EDGE_LOOP ( 'NONE', ( #756, #915, #1416, #1144 ) ) ;
#1204 = CARTESIAN_POINT ( 'NONE',  ( 20.00000000000047962, 70.00000000000001421, -20.00000000000000000 ) ) ;
#1205 = EDGE_CURVE ( 'NONE', #1517, #1253, #1042, .T. ) ;
#1206 = CARTESIAN_POINT ( 'NONE',  ( 28.38815585872654168, 8.734817187300269126, -20.00000000000000000 ) ) ;
#1207 = LINE ( 'NONE', #366, #919 ) ;
#1208 = ORIENTED_EDGE ( 'NONE', *, *, #930, .F. ) ;
#1209 = CARTESIAN_POINT ( 'NONE',  ( -14.70000000000000817, -5.000000000000000888, -14.21465696508423626 ) ) ;
#1210 = VERTEX_POINT ( 'NONE', #1489 ) ;
#1211 = DIRECTION ( 'NONE',  ( 1.000000000000000000, -0.000000000000000000, 0.000000000000000000 ) ) ;
#1212 = VECTOR ( 'NONE', #523, 1000.000000000000000 ) ;
#1213 = CARTESIAN_POINT ( 'NONE',  ( -14.70000000000000817, -8.649999999999998579, -7.892671517457832131 ) ) ;
#1214 = ADVANCED_FACE ( 'NONE', ( #1524, #180 ), #898, .F. ) ;
#1215 = LINE ( 'NONE', #509, #1190 ) ;
#1216 = VECTOR ( 'NONE', #396, 1000.000000000000000 ) ;
#1217 = VECTOR ( 'NONE', #588, 1000.000000000000000 ) ;
#1218 = ORIENTED_EDGE ( 'NONE', *, *, #1227, .F. ) ;
#1219 = CARTESIAN_POINT ( 'NONE',  ( 0.000000000000000000, 60.00000000000000711, 0.000000000000000000 ) ) ;
#1220 = EDGE_LOOP ( 'NONE', ( #54, #1485, #261, #1194 ) ) ;
#1221 = AXIS2_PLACEMENT_3D ( 'NONE', #503, #880, #1357 ) ;
#1222 = CARTESIAN_POINT ( 'NONE',  ( -17.70000000000000639, -8.650000000000000355, -12.10732848254210126 ) ) ;
#1223 = ORIENTED_EDGE ( 'NONE', *, *, #557, .T. ) ;
#1224 = DIRECTION ( 'NONE',  ( -7.511572993685795156E-17, 0.4999999999999998335, -0.8660254037844387076 ) ) ;
#1225 = DIRECTION ( 'NONE',  ( 1.000000000000000000, 0.000000000000000000, 4.336808689942017736E-17 ) ) ;
#1226 = VECTOR ( 'NONE', #1335, 1000.000000000000000 ) ;
#1227 = EDGE_CURVE ( 'NONE', #400, #1512, #44, .T. ) ;
#1228 = UNCERTAINTY_MEASURE_WITH_UNIT (LENGTH_MEASURE( 1.000000000000000082E-05 ), #1393, 'distance_accuracy_value', 'NONE');
#1229 = ORIENTED_EDGE ( 'NONE', *, *, #1385, .F. ) ;
#1230 = CARTESIAN_POINT ( 'NONE',  ( 37.94594594594598647, 11.67567567567533970, -20.00000000000000000 ) ) ;
#1231 = VERTEX_POINT ( 'NONE', #285 ) ;
#1232 = CIRCLE ( 'NONE', #1443, 2.200000000000000622 ) ;
#1233 = DIRECTION ( 'NONE',  ( 7.511572993685795156E-17, 0.5000000000000003331, 0.8660254037844384856 ) ) ;
#1234 = ORIENTED_EDGE ( 'NONE', *, *, #1474, .T. ) ;
#1235 = DIRECTION ( 'NONE',  ( 0.000000000000000000, 0.000000000000000000, 1.000000000000000000 ) ) ;
#1236 = DIRECTION ( 'NONE',  ( -1.000000000000000000, -0.000000000000000000, -8.673617379884034239E-17 ) ) ;
#1237 = VECTOR ( 'NONE', #966, 1000.000000000000114 ) ;
#1238 = ORIENTED_EDGE ( 'NONE', *, *, #239, .F. ) ;
#1239 = DIRECTION ( 'NONE',  ( -1.000000000000000000, -0.000000000000000000, 8.673617379884034239E-17 ) ) ;
#1240 = EDGE_CURVE ( 'NONE', #965, #513, #37, .T. ) ;
#1241 = ORIENTED_EDGE ( 'NONE', *, *, #1033, .T. ) ;
#1242 = CARTESIAN_POINT ( 'NONE',  ( 12.61425345481929838, 60.00000000000000000, 20.00000000000000355 ) ) ;
#1243 = EDGE_CURVE ( 'NONE', #1299, #1541, #1034, .T. ) ;
#1244 = CARTESIAN_POINT ( 'NONE',  ( -14.70000000000000817, -1.350000000000000533, -12.10732848254210303 ) ) ;
#1245 = DIRECTION ( 'NONE',  ( -0.000000000000000000, 1.000000000000000000, -0.000000000000000000 ) ) ;
#1246 = ORIENTED_EDGE ( 'NONE', *, *, #164, .T. ) ;
#1247 = CARTESIAN_POINT ( 'NONE',  ( -14.70000000000000462, -5.000000000000000000, 10.00000000000002132 ) ) ;
#1248 = AXIS2_PLACEMENT_3D ( 'NONE', #266, #1236, #760 ) ;
#1249 = ORIENTED_EDGE ( 'NONE', *, *, #1243, .F. ) ;
#1250 = LINE ( 'NONE', #1222, #1212 ) ;
#1251 = EDGE_CURVE ( 'NONE', #1311, #68, #432, .T. ) ;
#1252 = PLANE ( 'NONE',  #231 ) ;
#1253 = VERTEX_POINT ( 'NONE', #1369 ) ;
#1254 = CARTESIAN_POINT ( 'NONE',  ( -39.99999999999997868, 0.000000000000000000, 20.00000000000000000 ) ) ;
#1255 = CIRCLE ( 'NONE', #104, 3.378200000000005421 ) ;
#1256 = EDGE_LOOP ( 'NONE', ( #902, #1288 ) ) ;
#1257 = CARTESIAN_POINT ( 'NONE',  ( -17.70000000000000284, -10.00000000000000000, 20.00000000000000355 ) ) ;
#1258 = EDGE_LOOP ( 'NONE', ( #1013, #1501, #323, #1309 ) ) ;
#1259 = DIRECTION ( 'NONE',  ( -1.000000000000000000, 0.000000000000000000, 0.000000000000000000 ) ) ;
#1260 = CONICAL_SURFACE ( 'NONE', #1384, 8.968740000000000379, 0.7853981633974469467 ) ;
#1261 = ADVANCED_FACE ( 'NONE', ( #1499 ), #545, .F. ) ;
#1262 = PLANE ( 'NONE',  #719 ) ;
#1263 = CARTESIAN_POINT ( 'NONE',  ( -39.99999999999997868, 5.000000000000000000, -20.00000000000000000 ) ) ;
#1264 = ORIENTED_EDGE ( 'NONE', *, *, #585, .T. ) ;
#1265 = FACE_BOUND ( 'NONE', #1256, .T. ) ;
#1266 = ORIENTED_EDGE ( 'NONE', *, *, #1429, .T. ) ;
#1267 = FACE_OUTER_BOUND ( 'NONE', #1258, .T. ) ;
#1268 = DIRECTION ( 'NONE',  ( 1.000000000000000000, 0.000000000000000000, 0.000000000000000000 ) ) ;
#1269 = PRESENTATION_LAYER_ASSIGNMENT (  '', '', ( #375 ) ) ;
#1270 = ADVANCED_FACE ( 'NONE', ( #1162 ), #417, .F. ) ;
#1271 = DIRECTION ( 'NONE',  ( -0.000000000000000000, -1.000000000000000000, -0.000000000000000000 ) ) ;
#1272 = CARTESIAN_POINT ( 'NONE',  ( -14.70000000000000817, -8.649999999999998579, -7.892671517457832131 ) ) ;
#1273 = ORIENTED_EDGE ( 'NONE', *, *, #1012, .F. ) ;
#1274 = DIRECTION ( 'NONE',  ( 0.000000000000000000, -1.000000000000000000, -0.000000000000000000 ) ) ;
#1275 = VECTOR ( 'NONE', #24, 1000.000000000000000 ) ;
#1276 = VERTEX_POINT ( 'NONE', #670 ) ;
#1277 = CARTESIAN_POINT ( 'NONE',  ( 17.70000000000000639, 0.000000000000000000, -20.00000000000000000 ) ) ;
#1278 = DIRECTION ( 'NONE',  ( -1.000000000000000000, -0.000000000000000000, 8.673617379884034239E-17 ) ) ;
#1279 = EDGE_CURVE ( 'NONE', #1276, #369, #1296, .T. ) ;
#1280 = EDGE_LOOP ( 'NONE', ( #779, #116, #831, #604, #1365, #484 ) ) ;
#1281 = DIRECTION ( 'NONE',  ( -0.9557790087219525388, -0.2940858488375150404, 0.000000000000000000 ) ) ;
#1282 = ORIENTED_EDGE ( 'NONE', *, *, #1048, .F. ) ;
#1283 = DIRECTION ( 'NONE',  ( 0.000000000000000000, 0.000000000000000000, 1.000000000000000000 ) ) ;
#1284 = CARTESIAN_POINT ( 'NONE',  ( 40.00000000000002132, 0.000000000000000000, -20.00000000000000000 ) ) ;
#1285 = VERTEX_POINT ( 'NONE', #174 ) ;
#1286 = EDGE_CURVE ( 'NONE', #709, #427, #45, .T. ) ;
#1287 = DIRECTION ( 'NONE',  ( 1.000000000000000000, 0.000000000000000000, 4.336808689942017736E-17 ) ) ;
#1288 = ORIENTED_EDGE ( 'NONE', *, *, #1069, .F. ) ;
#1289 = EDGE_CURVE ( 'NONE', #871, #982, #1062, .T. ) ;
#1290 = LINE ( 'NONE', #572, #255 ) ;
#1291 = LINE ( 'NONE', #192, #1017 ) ;
#1292 = ORIENTED_EDGE ( 'NONE', *, *, #448, .T. ) ;
#1293 = DIRECTION ( 'NONE',  ( -1.000000000000000000, -0.000000000000000000, 8.673617379884034239E-17 ) ) ;
#1294 = ORIENTED_EDGE ( 'NONE', *, *, #1041, .T. ) ;
#1295 = CARTESIAN_POINT ( 'NONE',  ( -12.70000000000014140, -10.00000000000000000, 20.00000000000000000 ) ) ;
#1296 = CIRCLE ( 'NONE', #817, 2.200000000000000622 ) ;
#1297 = EDGE_CURVE ( 'NONE', #770, #1031, #1232, .T. ) ;
#1298 = AXIS2_PLACEMENT_3D ( 'NONE', #1047, #1176, #1183 ) ;
#1299 = VERTEX_POINT ( 'NONE', #431 ) ;
#1300 = FACE_OUTER_BOUND ( 'NONE', #868, .T. ) ;
#1301 = LINE ( 'NONE', #335, #1156 ) ;
#1302 = ORIENTED_EDGE ( 'NONE', *, *, #1069, .T. ) ;
#1303 = CARTESIAN_POINT ( 'NONE',  ( 0.000000000000000000, 60.00000000000000711, -8.968740000000000379 ) ) ;
#1304 = AXIS2_PLACEMENT_3D ( 'NONE', #319, #179, #926 ) ;
#1305 = VERTEX_POINT ( 'NONE', #1546 ) ;
#1306 = VECTOR ( 'NONE', #112, 1000.000000000000000 ) ;
#1307 = EDGE_CURVE ( 'NONE', #10, #1210, #700, .T. ) ;
#1308 = PLANE ( 'NONE',  #326 ) ;
#1309 = ORIENTED_EDGE ( 'NONE', *, *, #113, .T. ) ;
#1310 = DIRECTION ( 'NONE',  ( 4.336808689942017736E-17, 0.000000000000000000, -1.000000000000000000 ) ) ;
#1311 = VERTEX_POINT ( 'NONE', #322 ) ;
#1312 = DIRECTION ( 'NONE',  ( -0.000000000000000000, -1.000000000000000000, -0.000000000000000000 ) ) ;
#1313 = VECTOR ( 'NONE', #1511, 1000.000000000000000 ) ;
#1314 = LINE ( 'NONE', #1084, #1476 ) ;
#1315 = DIRECTION ( 'NONE',  ( -0.000000000000000000, -0.000000000000000000, 1.000000000000000000 ) ) ;
#1316 = EDGE_CURVE ( 'NONE', #1305, #1201, #1063, .T. ) ;
#1317 = ORIENTED_EDGE ( 'NONE', *, *, #1514, .T. ) ;
#1318 = DIRECTION ( 'NONE',  ( -0.000000000000000000, 1.000000000000000000, 0.000000000000000000 ) ) ;
#1319 = VERTEX_POINT ( 'NONE', #842 ) ;
#1320 = FACE_OUTER_BOUND ( 'NONE', #884, .T. ) ;
#1321 = DIRECTION ( 'NONE',  ( -1.000000000000000000, -0.000000000000000000, -0.000000000000000000 ) ) ;
#1322 = VECTOR ( 'NONE', #483, 1000.000000000000000 ) ;
#1323 = AXIS2_PLACEMENT_3D ( 'NONE', #536, #1378, #552 ) ;
#1324 = DIRECTION ( 'NONE',  ( -0.000000000000000000, 1.000000000000000000, -0.000000000000000000 ) ) ;
#1325 = CARTESIAN_POINT ( 'NONE',  ( 1.020588801592626256E-15, 60.63500000000000512, 8.333739999999998815 ) ) ;
#1326 = EDGE_CURVE ( 'NONE', #879, #660, #1199, .T. ) ;
#1327 = EDGE_LOOP ( 'NONE', ( #553, #735, #549, #977 ) ) ;
#1328 = DIRECTION ( 'NONE',  ( 1.000000000000000000, -0.000000000000000000, -0.000000000000000000 ) ) ;
#1329 = FACE_BOUND ( 'NONE', #149, .T. ) ;
#1330 = CARTESIAN_POINT ( 'NONE',  ( -14.70000000000000817, -5.000000000000001776, 5.785343034915768179 ) ) ;
#1331 = AXIS2_PLACEMENT_3D ( 'NONE', #1358, #265, #767 ) ;
#1332 = ORIENTED_EDGE ( 'NONE', *, *, #548, .F. ) ;
#1333 = CARTESIAN_POINT ( 'NONE',  ( -14.70000000000000817, -1.349999999999999645, 12.10732848254216698 ) ) ;
#1334 = ORIENTED_EDGE ( 'NONE', *, *, #309, .T. ) ;
#1335 = DIRECTION ( 'NONE',  ( -6.808789643208967846E-15, -0.000000000000000000, 1.000000000000000000 ) ) ;
#1336 = EDGE_CURVE ( 'NONE', #1016, #932, #82, .T. ) ;
#1337 = CARTESIAN_POINT ( 'NONE',  ( -12.70000000000014140, -10.00000000000000000, 20.00000000000000000 ) ) ;
#1338 = LINE ( 'NONE', #1330, #534 ) ;
#1339 = ORIENTED_EDGE ( 'NONE', *, *, #394, .F. ) ;
#1340 = DIRECTION ( 'NONE',  ( 0.000000000000000000, 0.000000000000000000, -1.000000000000000000 ) ) ;
#1341 = VERTEX_POINT ( 'NONE', #827 ) ;
#1342 = CARTESIAN_POINT ( 'NONE',  ( 0.000000000000000000, 60.00000000000000711, -20.00000000000000000 ) ) ;
#1343 = ADVANCED_FACE ( 'NONE', ( #716 ), #1079, .T. ) ;
#1344 = PLANE ( 'NONE',  #147 ) ;
#1345 = AXIS2_PLACEMENT_3D ( 'NONE', #1202, #351, #1540 ) ;
#1346 = VERTEX_POINT ( 'NONE', #707 ) ;
#1347 = LINE ( 'NONE', #141, #1544 ) ;
#1348 = ORIENTED_EDGE ( 'NONE', *, *, #625, .T. ) ;
#1349 = FACE_OUTER_BOUND ( 'NONE', #86, .T. ) ;
#1350 = CARTESIAN_POINT ( 'NONE',  ( -14.70000000000000817, -5.000000000000000888, -14.21465696508423626 ) ) ;
#1351 = ADVANCED_FACE ( 'NONE', ( #1300 ), #75, .T. ) ;
#1352 = CARTESIAN_POINT ( 'NONE',  ( -39.99999999999997868, 0.000000000000000000, 20.00000000000000000 ) ) ;
#1353 = ADVANCED_FACE ( 'NONE', ( #574 ), #315, .F. ) ;
#1354 = ORIENTED_EDGE ( 'NONE', *, *, #1078, .T. ) ;
#1355 = CARTESIAN_POINT ( 'NONE',  ( -14.70000000000000817, -1.349999999999999645, 12.10732848254216698 ) ) ;
#1356 = ORIENTED_EDGE ( 'NONE', *, *, #349, .F. ) ;
#1357 = DIRECTION ( 'NONE',  ( -8.673617379884034239E-17, 0.000000000000000000, -1.000000000000000000 ) ) ;
#1358 = CARTESIAN_POINT ( 'NONE',  ( 40.00000000000021316, -5.000000000000000000, -9.999999999999612754 ) ) ;
#1359 = VECTOR ( 'NONE', #598, 1000.000000000000000 ) ;
#1360 = DIRECTION ( 'NONE',  ( 1.000000000000000000, 0.000000000000000000, 4.336808689942017736E-17 ) ) ;
#1361 = VECTOR ( 'NONE', #1044, 1000.000000000000000 ) ;
#1362 = PRODUCT_DEFINITION_SHAPE ( 'NONE', 'NONE',  #892 ) ;
#1363 = VERTEX_POINT ( 'NONE', #809 ) ;
#1364 = LINE ( 'NONE', #268, #737 ) ;
#1365 = ORIENTED_EDGE ( 'NONE', *, *, #1336, .F. ) ;
#1366 = FACE_BOUND ( 'NONE', #1280, .T. ) ;
#1367 = DIRECTION ( 'NONE',  ( -1.000000000000000000, -0.000000000000000000, 8.673617379884034239E-17 ) ) ;
#1368 = ORIENTED_EDGE ( 'NONE', *, *, #1515, .F. ) ;
#1369 = CARTESIAN_POINT ( 'NONE',  ( -17.70000000000000639, -4.999999999999999112, -5.785343034915698901 ) ) ;
#1370 = AXIS2_PLACEMENT_3D ( 'NONE', #348, #1054, #580 ) ;
#1371 = ORIENTED_EDGE ( 'NONE', *, *, #565, .T. ) ;
#1372 = EDGE_CURVE ( 'NONE', #345, #243, #1192, .T. ) ;
#1373 =( NAMED_UNIT ( * ) PLANE_ANGLE_UNIT ( ) SI_UNIT ( $, .RADIAN. ) );
#1374 = AXIS2_PLACEMENT_3D ( 'NONE', #441, #1281, #659 ) ;
#1375 = CARTESIAN_POINT ( 'NONE',  ( 0.000000000000000000, 60.00000000000000711, -8.968740000000000379 ) ) ;
#1376 = FACE_OUTER_BOUND ( 'NONE', #1412, .T. ) ;
#1377 = AXIS2_PLACEMENT_3D ( 'NONE', #1181, #87, #479 ) ;
#1378 = DIRECTION ( 'NONE',  ( 0.000000000000000000, 0.000000000000000000, 1.000000000000000000 ) ) ;
#1379 = AXIS2_PLACEMENT_3D ( 'NONE', #199, #1507, #1019 ) ;
#1380 = ORIENTED_EDGE ( 'NONE', *, *, #1447, .F. ) ;
#1381 = CARTESIAN_POINT ( 'NONE',  ( 40.00000000000002132, 0.000000000000000000, 20.00000000000000355 ) ) ;
#1382 = ORIENTED_EDGE ( 'NONE', *, *, #517, .T. ) ;
#1383 = CARTESIAN_POINT ( 'NONE',  ( 12.70000000000000284, -5.000000000000000000, 7.800000000000204103 ) ) ;
#1384 = AXIS2_PLACEMENT_3D ( 'NONE', #129, #645, #145 ) ;
#1385 = EDGE_CURVE ( 'NONE', #1419, #1100, #1291, .T. ) ;
#1386 = DIRECTION ( 'NONE',  ( -1.000000000000000000, 0.000000000000000000, -8.673617379884034239E-17 ) ) ;
#1387 = DIRECTION ( 'NONE',  ( 0.000000000000000000, 0.000000000000000000, 1.000000000000000000 ) ) ;
#1388 = VERTEX_POINT ( 'NONE', #935 ) ;
#1389 = DIRECTION ( 'NONE',  ( 0.000000000000000000, -0.8660254037844389297, -0.4999999999999993339 ) ) ;
#1390 = ORIENTED_EDGE ( 'NONE', *, *, #901, .F. ) ;
#1391 = CARTESIAN_POINT ( 'NONE',  ( -14.70000000000000817, -8.650000000000002132, 7.892671517457904962 ) ) ;
#1392 = EDGE_CURVE ( 'NONE', #1299, #57, #695, .T. ) ;
#1393 =( LENGTH_UNIT ( ) NAMED_UNIT ( * ) SI_UNIT ( .MILLI., .METRE. ) );
#1394 = CARTESIAN_POINT ( 'NONE',  ( 0.000000000000000000, 60.63500000000000512, 0.000000000000000000 ) ) ;
#1395 = EDGE_LOOP ( 'NONE', ( #1414, #1488, #998, #1064 ) ) ;
#1396 = CARTESIAN_POINT ( 'NONE',  ( -14.70000000000000817, -4.999999999999999112, -5.785343034915698901 ) ) ;
#1397 = APPLICATION_CONTEXT ( 'automotive_design' ) ;
#1398 = AXIS2_PLACEMENT_3D ( 'NONE', #997, #494, #624 ) ;
#1399 = ORIENTED_EDGE ( 'NONE', *, *, #1195, .F. ) ;
#1400 = CARTESIAN_POINT ( 'NONE',  ( 0.000000000000000000, 0.000000000000000000, 0.000000000000000000 ) ) ;
#1401 = DIRECTION ( 'NONE',  ( 0.000000000000000000, 0.000000000000000000, 1.000000000000000000 ) ) ;
#1402 = ADVANCED_FACE ( 'NONE', ( #1168 ), #566, .F. ) ;
#1403 = DIRECTION ( 'NONE',  ( 0.000000000000000000, 0.000000000000000000, -1.000000000000000000 ) ) ;
#1404 = ADVANCED_FACE ( 'NONE', ( #1530, #216 ), #1537, .F. ) ;
#1405 = ORIENTED_EDGE ( 'NONE', *, *, #594, .F. ) ;
#1406 = LINE ( 'NONE', #805, #1435 ) ;
#1407 = ORIENTED_EDGE ( 'NONE', *, *, #1240, .T. ) ;
#1408 = CARTESIAN_POINT ( 'NONE',  ( 29.53733037789582738, 5.000000000000000000, -20.00000000000000000 ) ) ;
#1409 = DIRECTION ( 'NONE',  ( -7.511572993685793924E-17, -0.5000000000000006661, -0.8660254037844383745 ) ) ;
#1410 = PLANE ( 'NONE',  #1374 ) ;
#1411 = ADVANCED_FACE ( 'NONE', ( #1423, #332 ), #1308, .F. ) ;
#1412 = EDGE_LOOP ( 'NONE', ( #502, #1160, #43, #289 ) ) ;
#1413 = DIRECTION ( 'NONE',  ( 0.000000000000000000, 0.000000000000000000, 1.000000000000000000 ) ) ;
#1414 = ORIENTED_EDGE ( 'NONE', *, *, #795, .T. ) ;
#1415 = DIRECTION ( 'NONE',  ( 4.336808689942017736E-17, 0.000000000000000000, -1.000000000000000000 ) ) ;
#1416 = ORIENTED_EDGE ( 'NONE', *, *, #755, .T. ) ;
#1417 = CARTESIAN_POINT ( 'NONE',  ( -29.53733037789580607, 5.000000000000000888, 123.0776406404415297 ) ) ;
#1418 = EDGE_CURVE ( 'NONE', #1285, #345, #836, .T. ) ;
#1419 = VERTEX_POINT ( 'NONE', #1072 ) ;
#1420 = DIRECTION ( 'NONE',  ( 0.000000000000000000, 0.000000000000000000, 1.000000000000000000 ) ) ;
#1421 = VECTOR ( 'NONE', #906, 1000.000000000000000 ) ;
#1422 = CARTESIAN_POINT ( 'NONE',  ( 12.61425345481930194, 60.00000000000000711, -20.00000000000000000 ) ) ;
#1423 = FACE_BOUND ( 'NONE', #610, .T. ) ;
#1424 = CARTESIAN_POINT ( 'NONE',  ( -17.70000000000000639, -8.650000000000002132, 12.10732848254216876 ) ) ;
#1425 = EDGE_LOOP ( 'NONE', ( #187, #71 ) ) ;
#1426 = LINE ( 'NONE', #1188, #1226 ) ;
#1427 = AXIS2_PLACEMENT_3D ( 'NONE', #1196, #698, #1543 ) ;
#1428 = CARTESIAN_POINT ( 'NONE',  ( 12.70000000000000462, -10.00000000000000000, -20.00000000000000000 ) ) ;
#1429 = EDGE_CURVE ( 'NONE', #446, #1029, #1566, .T. ) ;
#1430 = DIRECTION ( 'NONE',  ( -1.000000000000000000, -0.000000000000000000, 8.673617379884034239E-17 ) ) ;
#1431 = ORIENTED_EDGE ( 'NONE', *, *, #1085, .T. ) ;
#1432 = FACE_OUTER_BOUND ( 'NONE', #890, .T. ) ;
#1433 = ORIENTED_EDGE ( 'NONE', *, *, #1457, .F. ) ;
#1434 = DIRECTION ( 'NONE',  ( -1.000000000000000000, -0.000000000000000000, -8.673617379884034239E-17 ) ) ;
#1435 = VECTOR ( 'NONE', #188, 1000.000000000000114 ) ;
#1436 = DIRECTION ( 'NONE',  ( 0.000000000000000000, 0.8660254037844385966, 0.5000000000000000000 ) ) ;
#1437 = EDGE_CURVE ( 'NONE', #814, #259, #1215, .T. ) ;
#1438 = CARTESIAN_POINT ( 'NONE',  ( 8.333739999999998815, 64.77519999999999811, 0.000000000000000000 ) ) ;
#1439 = CARTESIAN_POINT ( 'NONE',  ( 0.000000000000000000, 70.00000000000001421, 123.0776406404415297 ) ) ;
#1440 = ORIENTED_EDGE ( 'NONE', *, *, #339, .T. ) ;
#1441 = DIRECTION ( 'NONE',  ( 0.000000000000000000, -1.000000000000000000, 0.000000000000000000 ) ) ;
#1442 = CARTESIAN_POINT ( 'NONE',  ( 12.70000000000000284, -10.00000000000000000, 20.00000000000000000 ) ) ;
#1443 = AXIS2_PLACEMENT_3D ( 'NONE', #53, #1155, #1516 ) ;
#1444 = DIRECTION ( 'NONE',  ( -6.308085367188387283E-15, 0.000000000000000000, 1.000000000000000000 ) ) ;
#1445 = ORIENTED_EDGE ( 'NONE', *, *, #1048, .T. ) ;
#1446 = FACE_OUTER_BOUND ( 'NONE', #397, .T. ) ;
#1447 = EDGE_CURVE ( 'NONE', #218, #57, #1207, .T. ) ;
#1448 = ORIENTED_EDGE ( 'NONE', *, *, #101, .T. ) ;
#1449 = CARTESIAN_POINT ( 'NONE',  ( 0.000000000000000000, 60.00000000000000711, -8.333739999999998815 ) ) ;
#1450 = CARTESIAN_POINT ( 'NONE',  ( 12.70000000000000284, 0.000000000000000000, 20.00000000000000355 ) ) ;
#1451 = CIRCLE ( 'NONE', #519, 3.378199999999999648 ) ;
#1452 = LINE ( 'NONE', #631, #223 ) ;
#1453 = VECTOR ( 'NONE', #1235, 1000.000000000000000 ) ;
#1454 = ORIENTED_EDGE ( 'NONE', *, *, #83, .T. ) ;
#1455 = DIRECTION ( 'NONE',  ( -0.000000000000000000, -1.000000000000000000, -0.000000000000000000 ) ) ;
#1456 = EDGE_LOOP ( 'NONE', ( #1332, #837, #316, #389 ) ) ;
#1457 = EDGE_CURVE ( 'NONE', #620, #264, #139, .T. ) ;
#1458 = CARTESIAN_POINT ( 'NONE',  ( 17.70000000000000284, -10.00000000000000000, 20.00000000000000355 ) ) ;
#1459 = CARTESIAN_POINT ( 'NONE',  ( 1.098353873338483296E-15, 60.00000000000000711, 8.968740000000000379 ) ) ;
#1460 = DIRECTION ( 'NONE',  ( -1.000000000000000000, -0.000000000000000000, -6.678685382510670237E-15 ) ) ;
#1461 = EDGE_LOOP ( 'NONE', ( #49, #1534, #1532, #1021 ) ) ;
#1462 = LINE ( 'NONE', #616, #224 ) ;
#1463 = ORIENTED_EDGE ( 'NONE', *, *, #847, .F. ) ;
#1464 = EDGE_CURVE ( 'NONE', #1363, #190, #492, .T. ) ;
#1465 = DIRECTION ( 'NONE',  ( 0.000000000000000000, -0.7071067811865484609, -0.7071067811865465735 ) ) ;
#1466 = LINE ( 'NONE', #603, #480 ) ;
#1467 = AXIS2_PLACEMENT_3D ( 'NONE', #851, #1460, #1444 ) ;
#1468 = VECTOR ( 'NONE', #1278, 1000.000000000000000 ) ;
#1469 = ORIENTED_EDGE ( 'NONE', *, *, #930, .T. ) ;
#1470 = CARTESIAN_POINT ( 'NONE',  ( 40.00000000000010658, -5.000000000000000000, 7.800000000000386180 ) ) ;
#1471 = EDGE_LOOP ( 'NONE', ( #110, #142, #176, #855 ) ) ;
#1472 = FILL_AREA_STYLE_COLOUR ( '', #1058 ) ;
#1473 = LINE ( 'NONE', #1375, #233 ) ;
#1474 = EDGE_CURVE ( 'NONE', #584, #1541, #970, .T. ) ;
#1475 = FACE_OUTER_BOUND ( 'NONE', #454, .T. ) ;
#1476 = VECTOR ( 'NONE', #373, 1000.000000000000114 ) ;
#1477 = EDGE_LOOP ( 'NONE', ( #462, #1152, #1368, #1067 ) ) ;
#1478 = LINE ( 'NONE', #260, #1216 ) ;
#1479 = ORIENTED_EDGE ( 'NONE', *, *, #1372, .F. ) ;
#1480 = LINE ( 'NONE', #271, #330 ) ;
#1481 = FACE_OUTER_BOUND ( 'NONE', #804, .T. ) ;
#1482 = ADVANCED_FACE ( 'NONE', ( #384 ), #876, .F. ) ;
#1483 = DIRECTION ( 'NONE',  ( 0.000000000000000000, 0.000000000000000000, 1.000000000000000000 ) ) ;
#1484 = CYLINDRICAL_SURFACE ( 'NONE', #175, 3.378200000000002312 ) ;
#1485 = ORIENTED_EDGE ( 'NONE', *, *, #171, .F. ) ;
#1486 = DIRECTION ( 'NONE',  ( -8.673617379884034239E-17, -0.000000000000000000, 1.000000000000000000 ) ) ;
#1487 = DIRECTION ( 'NONE',  ( -0.000000000000000000, -1.000000000000000000, -0.000000000000000000 ) ) ;
#1488 = ORIENTED_EDGE ( 'NONE', *, *, #1131, .F. ) ;
#1489 = CARTESIAN_POINT ( 'NONE',  ( -12.70000000000000639, 0.000000000000000000, -20.00000000000000000 ) ) ;
#1490 = AXIS2_PLACEMENT_3D ( 'NONE', #1272, #293, #307 ) ;
#1491 = VECTOR ( 'NONE', #461, 1000.000000000000000 ) ;
#1492 = ORIENTED_EDGE ( 'NONE', *, *, #258, .T. ) ;
#1493 = PLANE ( 'NONE',  #1105 ) ;
#1494 = EDGE_CURVE ( 'NONE', #667, #1563, #257, .T. ) ;
#1495 = EDGE_LOOP ( 'NONE', ( #729, #589 ) ) ;
#1496 = DIRECTION ( 'NONE',  ( -0.000000000000000000, -1.000000000000000000, -0.000000000000000000 ) ) ;
#1497 = ORIENTED_EDGE ( 'NONE', *, *, #1066, .T. ) ;
#1498 = AXIS2_PLACEMENT_3D ( 'NONE', #550, #50, #72 ) ;
#1499 = FACE_OUTER_BOUND ( 'NONE', #1108, .T. ) ;
#1500 = VECTOR ( 'NONE', #1436, 1000.000000000000227 ) ;
#1501 = ORIENTED_EDGE ( 'NONE', *, *, #92, .T. ) ;
#1502 = DIRECTION ( 'NONE',  ( -6.308085367188387283E-15, 0.000000000000000000, 1.000000000000000000 ) ) ;
#1503 = APPLICATION_CONTEXT ( 'automotive_design' ) ;
#1504 = EDGE_CURVE ( 'NONE', #23, #667, #354, .T. ) ;
#1505 = ORIENTED_EDGE ( 'NONE', *, *, #864, .F. ) ;
#1506 = FACE_OUTER_BOUND ( 'NONE', #352, .T. ) ;
#1507 = DIRECTION ( 'NONE',  ( 0.000000000000000000, -1.000000000000000000, 0.000000000000000000 ) ) ;
#1508 = DIRECTION ( 'NONE',  ( 1.000000000000000000, -0.000000000000000000, 0.000000000000000000 ) ) ;
#1509 = VECTOR ( 'NONE', #554, 1000.000000000000000 ) ;
#1510 = VERTEX_POINT ( 'NONE', #613 ) ;
#1511 = DIRECTION ( 'NONE',  ( -0.000000000000000000, -1.000000000000000000, -0.000000000000000000 ) ) ;
#1512 = VERTEX_POINT ( 'NONE', #640 ) ;
#1513 = FACE_OUTER_BOUND ( 'NONE', #471, .T. ) ;
#1514 = EDGE_CURVE ( 'NONE', #178, #1185, #1452, .T. ) ;
#1515 = EDGE_CURVE ( 'NONE', #532, #544, #1338, .T. ) ;
#1516 = DIRECTION ( 'NONE',  ( -7.096596038086935890E-15, 0.000000000000000000, 1.000000000000000000 ) ) ;
#1517 = VERTEX_POINT ( 'NONE', #1095 ) ;
#1518 = CARTESIAN_POINT ( 'NONE',  ( -14.70000000000000817, -8.650000000000002132, 12.10732848254216876 ) ) ;
#1519 = AXIS2_PLACEMENT_3D ( 'NONE', #275, #1401, #1268 ) ;
#1520 = AXIS2_PLACEMENT_3D ( 'NONE', #1439, #1318, #219 ) ;
#1521 = VERTEX_POINT ( 'NONE', #6 ) ;
#1522 = DIRECTION ( 'NONE',  ( -1.000000000000000000, 0.000000000000000000, -4.336808689942017736E-17 ) ) ;
#1523 = ADVANCED_FACE ( 'NONE', ( #1475 ), #559, .F. ) ;
#1524 = FACE_BOUND ( 'NONE', #160, .T. ) ;
#1525 = FACE_OUTER_BOUND ( 'NONE', #824, .T. ) ;
#1526 = VECTOR ( 'NONE', #1094, 1000.000000000000000 ) ;
#1527 = ORIENTED_EDGE ( 'NONE', *, *, #921, .F. ) ;
#1528 = CARTESIAN_POINT ( 'NONE',  ( -39.99999999999997868, 0.000000000000000000, 20.00000000000000000 ) ) ;
#1529 = AXIS2_PLACEMENT_3D ( 'NONE', #564, #808, #801 ) ;
#1530 = FACE_BOUND ( 'NONE', #1203, .T. ) ;
#1531 = EDGE_CURVE ( 'NONE', #427, #709, #894, .T. ) ;
#1532 = ORIENTED_EDGE ( 'NONE', *, *, #508, .F. ) ;
#1533 = DIRECTION ( 'NONE',  ( 0.000000000000000000, 0.8660254037844385966, 0.5000000000000000000 ) ) ;
#1534 = ORIENTED_EDGE ( 'NONE', *, *, #474, .F. ) ;
#1535 = LINE ( 'NONE', #1391, #4 ) ;
#1536 = LINE ( 'NONE', #173, #1526 ) ;
#1537 = PLANE ( 'NONE',  #844 ) ;
#1538 = CIRCLE ( 'NONE', #42, 2.200000000000000622 ) ;
#1539 = ORIENTED_EDGE ( 'NONE', *, *, #1289, .F. ) ;
#1540 = DIRECTION ( 'NONE',  ( 0.000000000000000000, 0.000000000000000000, -1.000000000000000000 ) ) ;
#1541 = VERTEX_POINT ( 'NONE', #234 ) ;
#1542 = ADVANCED_FACE ( 'NONE', ( #241 ), #1344, .F. ) ;
#1543 = DIRECTION ( 'NONE',  ( 0.000000000000000000, -0.000000000000000000, -1.000000000000000000 ) ) ;
#1544 = VECTOR ( 'NONE', #150, 1000.000000000000000 ) ;
#1545 = FACE_OUTER_BOUND ( 'NONE', #500, .T. ) ;
#1546 = CARTESIAN_POINT ( 'NONE',  ( 40.00000000000002132, 5.000000000000000000, -20.00000000000000000 ) ) ;
#1547 = ORIENTED_EDGE ( 'NONE', *, *, #383, .T. ) ;
#1548 = CARTESIAN_POINT ( 'NONE',  ( -17.70000000000000639, -1.350000000000000533, -12.10732848254210303 ) ) ;
#1549 = ORIENTED_EDGE ( 'NONE', *, *, #1494, .T. ) ;
#1550 = LINE ( 'NONE', #1556, #1009 ) ;
#1551 = ADVANCED_FACE ( 'NONE', ( #499, #250 ), #986, .T. ) ;
#1552 = CARTESIAN_POINT ( 'NONE',  ( -14.70000000000000817, -8.650000000000000355, -12.10732848254210126 ) ) ;
#1553 = CARTESIAN_POINT ( 'NONE',  ( -28.38815585872644220, 8.734817187300436103, 123.0776406404415297 ) ) ;
#1554 = LINE ( 'NONE', #344, #263 ) ;
#1555 = ORIENTED_EDGE ( 'NONE', *, *, #1205, .T. ) ;
#1556 = CARTESIAN_POINT ( 'NONE',  ( 17.70000000000000284, 0.000000000000000000, 20.00000000000000355 ) ) ;
#1557 = LINE ( 'NONE', #1206, #77 ) ;
#1558 = EDGE_CURVE ( 'NONE', #643, #1029, #726, .T. ) ;
#1559 = EDGE_CURVE ( 'NONE', #1319, #620, #1466, .T. ) ;
#1560 = DIRECTION ( 'NONE',  ( 0.000000000000000000, 0.8660254037844388186, 0.4999999999999996114 ) ) ;
#1561 = ORIENTED_EDGE ( 'NONE', *, *, #575, .T. ) ;
#1562 = CYLINDRICAL_SURFACE ( 'NONE', #1345, 8.333739999999998815 ) ;
#1563 = VERTEX_POINT ( 'NONE', #913 ) ;
#1564 = DIRECTION ( 'NONE',  ( -1.000000000000000000, -0.000000000000000000, -6.808789643208967846E-15 ) ) ;
#1565 = LINE ( 'NONE', #1459, #1306 ) ;
#1566 = LINE ( 'NONE', #1352, #95 ) ;
#1567 = ADVANCED_FACE ( 'NONE', ( #678 ), #786, .F. ) ;
#1568 = ORIENTED_EDGE ( 'NONE', *, *, #1251, .F. ) ;
#1569 = DIRECTION ( 'NONE',  ( 0.2940858488375150404, -0.9557790087219525388, 1.275394064827509756E-17 ) ) ;
ENDSEC;
END-ISO-10303-21;
